time[sec],ax[m/s^2],ay[m/s^2],az[m/s^2],roll_rate[deg/s],pitch_rate[deg/s],yaw_rate[deg/s],roll[deg],pitch[deg],yaw[deg],lat[deg],lon[deg],alt[m],gss_linear_x[m/s],gss_linear_y[m/s],gss_linear_z[m/s],gss_angular_x[rad/s],gss_angular_y[rad/s],gss_angular_z[rad/s]
0.1,-0.012394796125590801,0.004215482622385025,-9.790250778198242,0.014604904207214282,-0.023932982928676124,-0.0004415077283927832,0.0006099812453612685,0.00042874799692071974,-7.858454409870319e-06,0,0,0,0.0,0.0,0.0,0.0,0.0,0.0
0.1,-0.012394796125590801,0.004215482622385025,-9.790250778198242,0.014604904207214282,-0.023932982928676124,-0.0004415077283927832,0.0006099812453612685,0.00042874799692071974,-7.858454409870319e-06,0,0,0,0.0,0.0,0.0,0.0,0.0,0.0
0.1,-0.012394796125590801,0.004215482622385025,-9.790250778198242,0.014604904207214282,-0.023932982928676124,-0.0004415077283927832,0.0006099812453612685,0.00042874799692071974,-7.858454409870319e-06,0,0,0,0.0,0.0,0.0,0.0,0.0,0.0
0.1,-0.012394796125590801,0.004215482622385025,-9.790250778198242,0.014604904207214282,-0.023932982928676124,-0.0004415077283927832,0.0006099812453612685,0.00042874799692071974,-7.858454409870319e-06,0,0,0,0.0,0.0,0.0,0.0,0.0,0.0
0.1,-0.012394796125590801,0.004215482622385025,-9.790250778198242,0.014604904207214282,-0.023932982928676124,-0.0004415077283927832,0.0006099812453612685,0.00042874799692071974,-7.858454409870319e-06,0,0,0,0.0,0.0,0.0,0.0,0.0,0.0
0.1,-0.01312258280813694,0.0016176709905266762,-9.808545112609863,0.014604904207214282,-0.023932982928676124,-0.0004415077283927832,-0.0003126942610833794,0.00030692885047756135,0.0003040949522983283,0,0,0,0.0,0.0,0.0,0.0,0.0,0.0
0.1,-0.01312258280813694,0.0016176709905266762,-9.808545112609863,0.014604904207214282,-0.023932982928676124,-0.0004415077283927832,-0.0003126942610833794,0.00030692885047756135,0.0003040949522983283,47.64146799988571,-122.14016500004271,122.24545288085938,0.0,0.0,0.0,0.0,0.0,0.0
0.1,-0.01312258280813694,0.0016176709905266762,-9.808545112609863,0.014604904207214282,-0.023932982928676124,-0.0004415077283927832,-0.0003126942610833794,0.00030692885047756135,0.0003040949522983283,47.64146799988571,-122.14016500004271,122.24545288085938,0.0,0.0,0.0,0.0,0.0,0.0
0.1,-0.01312258280813694,0.0016176709905266762,-9.808545112609863,0.014604904207214282,-0.023932982928676124,-0.0004415077283927832,-0.0003126942610833794,0.00030692885047756135,0.0003040949522983283,47.64146799988571,-122.14016500004271,122.24545288085938,0.0,0.0,0.0,0.0,0.0,0.0
0.1,-0.01312258280813694,0.0016176709905266762,-9.808545112609863,0.014604904207214282,-0.023932982928676124,-0.0004415077283927832,-0.0003126942610833794,0.00030692885047756135,0.0003040949522983283,47.64146799988571,-122.14016500004271,122.24545288085938,0.0,0.0,0.0,0.0,0.0,0.0
0.1,-0.01312258280813694,0.0016176709905266762,-9.808545112609863,0.014604904207214282,-0.023932982928676124,-0.0004415077283927832,-0.0003126942610833794,0.00030692885047756135,0.0003040949522983283,47.64146799988571,-122.14016500004271,122.24545288085938,0.0,0.0,0.0,0.0,0.0,0.0
0.1,-0.01312258280813694,0.0016176709905266762,-9.808545112609863,0.014604904207214282,-0.023932982928676124,-0.0004415077283927832,-0.0003126942610833794,0.00030692885047756135,0.0003040949522983283,47.64146799988571,-122.14016500004271,122.24545288085938,0.0,0.0,0.0,0.0,0.0,0.0
0.1,-0.01312258280813694,0.0016176709905266762,-9.808545112609863,0.014604904207214282,-0.023932982928676124,-0.0004415077283927832,-0.0003126942610833794,0.00030692885047756135,0.0003040949522983283,47.64146799988571,-122.14016500004271,122.24545288085938,0.0,0.0,0.0,0.0,0.0,0.0
0.1,-0.01312258280813694,0.0016176709905266762,-9.808545112609863,0.014604904207214282,-0.023932982928676124,-0.0004415077283927832,-0.0003126942610833794,0.00030692885047756135,0.0003040949522983283,47.64146799988571,-122.14016500004271,122.24545288085938,0.0,0.0,0.0,0.0,0.0,0.0
0.2,-0.01312258280813694,0.0016176709905266762,-9.808545112609863,0.014604904207214282,-0.023932982928676124,-0.0004415077283927832,-0.0003126942610833794,0.00030692885047756135,0.0003040949522983283,47.64146799988571,-122.14016500004271,122.24545288085938,0.0,0.0,0.0,0.0,0.0,0.0
0.2,-0.01312258280813694,0.0016176709905266762,-9.808545112609863,0.014604904207214282,-0.023932982928676124,-0.0004415077283927832,-0.0003126942610833794,0.00030692885047756135,0.0003040949522983283,47.64146799988571,-122.14016500004271,122.24545288085938,0.0,0.0,0.0,0.0,0.0,0.0
0.2,-0.01312258280813694,0.0016176709905266762,-9.808545112609863,0.014604904207214282,-0.023932982928676124,-0.0004415077283927832,-0.0003126942610833794,0.00030692885047756135,0.0003040949522983283,47.64146799988571,-122.14016500004271,122.24545288085938,0.0,0.0,0.0,0.0,0.0,0.0
0.2,-0.01312258280813694,0.0016176709905266762,-9.808545112609863,0.014604904207214282,-0.023932982928676124,-0.0004415077283927832,-0.0003126942610833794,0.00030692885047756135,0.0003040949522983283,47.64146799988571,-122.14016500004271,122.24545288085938,0.0,0.0,0.0,0.0,0.0,0.0
0.2,-0.01312258280813694,0.0016176709905266762,-9.808545112609863,0.014604904207214282,-0.023932982928676124,-0.0004415077283927832,-0.0003126942610833794,0.00030692885047756135,0.0003040949522983283,47.64146799988571,-122.14016500004271,122.24545288085938,0.0,0.0,0.0,0.0,0.0,0.0
0.2,-0.01312258280813694,0.0016176709905266762,-9.808545112609863,0.014604904207214282,-0.023932982928676124,-0.0004415077283927832,-0.0003126942610833794,0.00030692885047756135,0.0003040949522983283,47.64146799988571,-122.14016500004271,122.24545288085938,0.0,0.0,0.0,0.0,0.0,0.0
0.2,-0.008780811913311481,0.0038543199189007282,-9.814781188964844,0.014604904207214282,-0.023932982928676124,-0.0004415077283927832,0.00010995735647156835,0.00022834623814560473,0.0008628309005871415,47.64146799988571,-122.14016500004271,122.24545288085938,0.0,0.0,0.0,0.0,0.0,0.0
0.2,-0.008780811913311481,0.0038543199189007282,-9.814781188964844,0.014604904207214282,-0.023932982928676124,-0.0004415077283927832,0.00010995735647156835,0.00022834623814560473,0.0008628309005871415,47.64146799988571,-122.14016500004271,122.24545288085938,0.0,0.0,0.0,0.0,0.0,0.0
0.2,-0.008780811913311481,0.0038543199189007282,-9.814781188964844,0.014604904207214282,-0.023932982928676124,-0.0004415077283927832,0.00010995735647156835,0.00022834623814560473,0.0008628309005871415,47.64146799988571,-122.14016500004271,122.24545288085938,0.0,0.0,0.0,0.0,0.0,0.0
0.2,-0.008780811913311481,0.0038543199189007282,-9.814781188964844,0.014604904207214282,-0.023932982928676124,-0.0004415077283927832,0.00010995735647156835,0.00022834623814560473,0.0008628309005871415,47.64146799988571,-122.14016500004271,122.24545288085938,0.0,0.0,0.0,0.0,0.0,0.0
0.2,-0.02478327602148056,0.0012680927757173777,-9.786664009094238,0.014604904207214282,-0.023932982928676124,-0.0004415077283927832,0.00010289555211784318,0.00026499267551116645,-0.00019926564709749073,47.64146799988571,-122.14016500004271,122.24545288085938,0.0,0.0,0.0,0.0,0.0,0.0
0.2,-0.02478327602148056,0.0012680927757173777,-9.786664009094238,0.014604904207214282,-0.023932982928676124,-0.0004415077283927832,0.00010289555211784318,0.00026499267551116645,-0.00019926564709749073,47.64146799988571,-122.14016500004271,122.24545288085938,0.0,0.0,0.0,0.0,0.0,0.0
0.2,-0.02478327602148056,0.0012680927757173777,-9.786664009094238,0.014604904207214282,-0.023932982928676124,-0.0004415077283927832,0.00010289555211784318,0.00026499267551116645,-0.00019926564709749073,47.64146799988571,-122.14016500004271,122.24545288085938,0.0,0.0,0.0,0.0,0.0,0.0
0.2,-0.02478327602148056,0.0012680927757173777,-9.786664009094238,0.014604904207214282,-0.023932982928676124,-0.0004415077283927832,0.00010289555211784318,0.00026499267551116645,-0.00019926564709749073,47.64146799988571,-122.14016500004271,122.24545288085938,0.0,0.0,0.0,0.0,0.0,0.0
0.2,-0.02478327602148056,0.0012680927757173777,-9.786664009094238,0.014604904207214282,-0.023932982928676124,-0.0004415077283927832,0.00010289555211784318,0.00026499267551116645,-0.00019926564709749073,47.64146799988571,-122.14016500004271,122.24545288085938,0.0,0.0,0.0,0.0,0.0,0.0
0.2,-0.02478327602148056,0.0012680927757173777,-9.786664009094238,0.014604904207214282,-0.023932982928676124,-0.0004415077283927832,0.00010289555211784318,0.00026499267551116645,-0.00019926564709749073,47.64146799988571,-122.14016500004271,122.24545288085938,0.0,0.0,0.0,0.0,0.0,0.0
0.2,-0.02478327602148056,0.0012680927757173777,-9.786664009094238,0.014604904207214282,-0.023932982928676124,-0.0004415077283927832,0.00010289555211784318,0.00026499267551116645,-0.00019926564709749073,47.64146799988571,-122.14016500004271,122.24545288085938,0.0,0.0,0.0,0.0,0.0,0.0
0.3,-0.02478327602148056,0.0012680927757173777,-9.786664009094238,0.014604904207214282,-0.023932982928676124,-0.0004415077283927832,0.00010289555211784318,0.00026499267551116645,-0.00019926564709749073,47.64146799988571,-122.14016500004271,122.24545288085938,0.0,0.0,0.0,0.0,0.0,0.0
0.3,-0.02478327602148056,0.0012680927757173777,-9.786664009094238,0.014604904207214282,-0.023932982928676124,-0.0004415077283927832,0.00010289555211784318,0.00026499267551116645,-0.00019926564709749073,47.64146799988571,-122.14016500004271,122.24545288085938,0.0,0.0,0.0,0.0,0.0,0.0
0.3,-0.02478327602148056,0.0012680927757173777,-9.786664009094238,0.014604904207214282,-0.023932982928676124,-0.0004415077283927832,0.00010289555211784318,0.00026499267551116645,-0.00019926564709749073,47.64146799988571,-122.14016500004271,122.24545288085938,0.0,0.0,0.0,0.0,0.0,0.0
0.3,-0.02478327602148056,0.0012680927757173777,-9.786664009094238,0.014604904207214282,-0.023932982928676124,-0.0004415077283927832,0.00010289555211784318,0.00026499267551116645,-0.00019926564709749073,47.64146799988571,-122.14016500004271,122.24545288085938,0.0,0.0,0.0,0.0,0.0,0.0
0.3,-0.02478327602148056,0.0012680927757173777,-9.786664009094238,0.014604904207214282,-0.023932982928676124,-0.0004415077283927832,0.00010289555211784318,0.00026499267551116645,-0.00019926564709749073,47.64146799988571,-122.14016500004271,122.24545288085938,0.0,0.0,0.0,0.0,0.0,0.0
0.3,-0.022957904264330864,0.008694159798324108,-9.792330741882324,0.014604904207214282,-0.023932982928676124,-0.0004415077283927832,-0.0003734870406333357,0.0001654593215789646,-0.00014766256208531559,47.64146799988571,-122.14016500004271,122.24545288085938,0.0,0.0,0.0,0.0,0.0,0.0
0.3,-0.022957904264330864,0.008694159798324108,-9.792330741882324,0.014604904207214282,-0.023932982928676124,-0.0004415077283927832,-0.0003734870406333357,0.0001654593215789646,-0.00014766256208531559,47.64146799988571,-122.14016500004271,122.24545288085938,0.0,0.0,0.0,0.0,0.0,0.0
0.3,-0.022957904264330864,0.008694159798324108,-9.792330741882324,0.014604904207214282,-0.023932982928676124,-0.0004415077283927832,-0.0003734870406333357,0.0001654593215789646,-0.00014766256208531559,47.64146799988571,-122.14016500004271,122.24545288085938,0.0,0.0,0.0,0.0,0.0,0.0
0.3,-0.022957904264330864,0.008694159798324108,-9.792330741882324,0.014604904207214282,-0.023932982928676124,-0.0004415077283927832,-0.0003734870406333357,0.0001654593215789646,-0.00014766256208531559,47.64146799988571,-122.14016500004271,122.24545288085938,0.0,0.0,0.0,0.0,0.0,0.0
0.3,-0.022957904264330864,0.008694159798324108,-9.792330741882324,0.014604904207214282,-0.023932982928676124,-0.0004415077283927832,-0.0003734870406333357,0.0001654593215789646,-0.00014766256208531559,47.64146799988571,-122.14016500004271,122.24545288085938,0.0,0.0,0.0,0.0,0.0,0.0
0.3,-0.022957904264330864,0.008694159798324108,-9.792330741882324,0.014604904207214282,-0.023932982928676124,-0.0004415077283927832,-0.0003734870406333357,0.0001654593215789646,-0.00014766256208531559,47.64146799988571,-122.14016500004271,122.24545288085938,0.0,0.0,0.0,0.0,0.0,0.0
0.3,-0.022957904264330864,0.008694159798324108,-9.792330741882324,0.014604904207214282,-0.023932982928676124,-0.0004415077283927832,-0.0003734870406333357,0.0001654593215789646,-0.00014766256208531559,47.64146799988571,-122.14016500004271,122.24545288085938,0.0,0.0,0.0,0.0,0.0,0.0
0.3,-0.022957904264330864,0.008694159798324108,-9.792330741882324,0.014604904207214282,-0.023932982928676124,-0.0004415077283927832,-0.0003734870406333357,0.0001654593215789646,-0.00014766256208531559,47.64146799988571,-122.14016500004271,122.24545288085938,0.0,0.0,0.0,0.0,0.0,0.0
0.3,0.0026111514307558537,-0.005173658952116966,-9.817238807678223,0.014604904207214282,-0.023932982928676124,-0.0004415077283927832,1.0056348401121795e-05,5.962146315141581e-05,-3.394305531401187e-05,47.64146799988571,-122.14016500004271,122.24545288085938,0.0,0.0,0.0,0.0,0.0,0.0
0.3,0.0026111514307558537,-0.005173658952116966,-9.817238807678223,0.014604904207214282,-0.023932982928676124,-0.0004415077283927832,1.0056348401121795e-05,5.962146315141581e-05,-3.394305531401187e-05,47.64146799988571,-122.14016500004271,122.24545288085938,0.0,0.0,0.0,0.0,0.0,0.0
0.3,0.0026111514307558537,-0.005173658952116966,-9.817238807678223,0.014604904207214282,-0.023932982928676124,-0.0004415077283927832,1.0056348401121795e-05,5.962146315141581e-05,-3.394305531401187e-05,47.64146799988571,-122.14016500004271,122.24545288085938,0.0,0.0,0.0,0.0,0.0,0.0
0.3,0.0026111514307558537,-0.005173658952116966,-9.817238807678223,0.014604904207214282,-0.023932982928676124,-0.0004415077283927832,1.0056348401121795e-05,5.962146315141581e-05,-3.394305531401187e-05,47.64146799988571,-122.14016500004271,122.24545288085938,0.0,0.0,0.0,0.0,0.0,0.0
0.4,-0.007363739423453808,-0.002364767948165536,-9.805612564086914,0.014604904207214282,-0.023932982928676124,-0.0004415077283927832,0.00042481001582928,0.0002582423621788621,0.00014968884352128953,47.64146799988571,-122.14016500004271,122.24545288085938,0.0,0.0,0.0,0.0,0.0,0.0
0.4,-0.007363739423453808,-0.002364767948165536,-9.805612564086914,0.014604904207214282,-0.023932982928676124,-0.0004415077283927832,0.00042481001582928,0.0002582423621788621,0.00014968884352128953,47.64146799988571,-122.14016500004271,122.24545288085938,0.0,0.0,0.0,0.0,0.0,0.0
0.4,-0.007363739423453808,-0.002364767948165536,-9.805612564086914,0.014604904207214282,-0.023932982928676124,-0.0004415077283927832,0.00042481001582928,0.0002582423621788621,0.00014968884352128953,47.64146799988571,-122.14016500004271,122.24545288085938,0.0,0.0,0.0,0.0,0.0,0.0
0.4,-0.007363739423453808,-0.002364767948165536,-9.805612564086914,0.014604904207214282,-0.023932982928676124,-0.0004415077283927832,0.00042481001582928,0.0002582423621788621,0.00014968884352128953,47.64146799988571,-122.14016500004271,122.24545288085938,0.0,0.0,0.0,0.0,0.0,0.0
0.4,-0.007363739423453808,-0.002364767948165536,-9.805612564086914,0.014604904207214282,-0.023932982928676124,-0.0004415077283927832,0.00042481001582928,0.0002582423621788621,0.00014968884352128953,47.64146799988571,-122.14016500004271,122.24545288085938,0.0,0.0,0.0,0.0,0.0,0.0
0.4,-0.007363739423453808,-0.002364767948165536,-9.805612564086914,0.014604904207214282,-0.023932982928676124,-0.0004415077283927832,0.00042481001582928,0.0002582423621788621,0.00014968884352128953,47.64146799988571,-122.14016500004271,122.24545288085938,0.0,0.0,0.0,0.0,0.0,0.0
0.4,-0.007363739423453808,-0.002364767948165536,-9.805612564086914,0.014604904207214282,-0.023932982928676124,-0.0004415077283927832,0.00042481001582928,0.0002582423621788621,0.00014968884352128953,47.64146799988571,-122.14016500004271,122.24545288085938,0.0,0.0,0.0,0.0,0.0,0.0
0.4,-0.00448318338021636,0.030804913491010666,-9.799901008605957,0.014604904207214282,-0.023932982928676124,-0.0004415077283927832,0.0003856981929857284,0.00023707232321612537,-0.00018095341511070728,47.64146799988571,-122.14016500004271,122.24545288085938,0.0,0.0,0.0,0.0,0.0,0.0
0.4,-0.00448318338021636,0.030804913491010666,-9.799901008605957,0.014604904207214282,-0.023932982928676124,-0.0004415077283927832,0.0003856981929857284,0.00023707232321612537,-0.00018095341511070728,47.64146799988571,-122.14016500004271,122.24545288085938,0.0,0.0,0.0,0.0,0.0,0.0
0.4,-0.00448318338021636,0.030804913491010666,-9.799901008605957,0.014604904207214282,-0.023932982928676124,-0.0004415077283927832,0.0003856981929857284,0.00023707232321612537,-0.00018095341511070728,47.64146799988571,-122.14016500004271,122.24545288085938,0.0,0.0,0.0,0.0,0.0,0.0
0.4,-0.00448318338021636,0.030804913491010666,-9.799901008605957,0.014604904207214282,-0.023932982928676124,-0.0004415077283927832,0.0003856981929857284,0.00023707232321612537,-0.00018095341511070728,47.64146799988571,-122.14016500004271,122.24545288085938,0.0,0.0,0.0,0.0,0.0,0.0
0.4,-0.00448318338021636,0.030804913491010666,-9.799901008605957,0.014604904207214282,-0.023932982928676124,-0.0004415077283927832,0.0003856981929857284,0.00023707232321612537,-0.00018095341511070728,47.64146799988571,-122.14016500004271,122.24545288085938,0.0,0.0,0.0,0.0,0.0,0.0
0.4,-0.00448318338021636,0.030804913491010666,-9.799901008605957,0.014604904207214282,-0.023932982928676124,-0.0004415077283927832,0.0003856981929857284,0.00023707232321612537,-0.00018095341511070728,47.64146799988571,-122.14016500004271,122.24545288085938,0.0,0.0,0.0,0.0,0.0,0.0
0.4,-0.00448318338021636,0.030804913491010666,-9.799901008605957,0.014604904207214282,-0.023932982928676124,-0.0004415077283927832,0.0003856981929857284,0.00023707232321612537,-0.00018095341511070728,47.64146799988571,-122.14016500004271,122.24545288085938,0.0,0.0,0.0,0.0,0.0,0.0
0.4,-0.00448318338021636,0.030804913491010666,-9.799901008605957,0.014604904207214282,-0.023932982928676124,-0.0004415077283927832,0.0003856981929857284,0.00023707232321612537,-0.00018095341511070728,47.64146799988571,-122.14016500004271,122.24545288085938,0.0,0.0,0.0,0.0,0.0,0.0
0.4,0.008779722265899181,-0.00412739859893918,-9.808821678161621,0.014604904207214282,-0.023932982928676124,-0.0004415077283927832,-0.00035083910916000605,0.00017306666995864362,-0.0006275165942497551,47.64146799988571,-122.14016500004271,122.24545288085938,0.0,0.0,0.0,0.0,0.0,0.0
0.4,0.008779722265899181,-0.00412739859893918,-9.808821678161621,0.014604904207214282,-0.023932982928676124,-0.0004415077283927832,-0.00035083910916000605,0.00017306666995864362,-0.0006275165942497551,47.64146799988571,-122.14016500004271,122.24545288085938,0.0,0.0,0.0,0.0,0.0,0.0
0.4,0.008779722265899181,-0.00412739859893918,-9.808821678161621,0.014604904207214282,-0.023932982928676124,-0.0004415077283927832,-0.00035083910916000605,0.00017306666995864362,-0.0006275165942497551,47.64146799988571,-122.14016500004271,122.24545288085938,0.0,0.0,0.0,0.0,0.0,0.0
0.4,0.008779722265899181,-0.00412739859893918,-9.808821678161621,0.014604904207214282,-0.023932982928676124,-0.0004415077283927832,-0.00035083910916000605,0.00017306666995864362,-0.0006275165942497551,47.64146799988571,-122.14016500004271,122.24545288085938,0.0,0.0,0.0,0.0,0.0,0.0
0.5,0.008779722265899181,-0.00412739859893918,-9.808821678161621,0.014604904207214282,-0.023932982928676124,-0.0004415077283927832,-0.00035083910916000605,0.00017306666995864362,-0.0006275165942497551,47.64146799988571,-122.14016500004271,122.24545288085938,0.0,0.0,0.0,0.0,0.0,0.0
0.5,0.008779722265899181,-0.00412739859893918,-9.808821678161621,0.014604904207214282,-0.023932982928676124,-0.0004415077283927832,-0.00035083910916000605,0.00017306666995864362,-0.0006275165942497551,47.64146799988571,-122.14016500004271,122.24545288085938,0.0,0.0,0.0,0.0,0.0,0.0
0.5,0.008779722265899181,-0.00412739859893918,-9.808821678161621,0.014604904207214282,-0.023932982928676124,-0.0004415077283927832,-0.00035083910916000605,0.00017306666995864362,-0.0006275165942497551,47.64146799988571,-122.14016500004271,122.24545288085938,0.0,0.0,0.0,0.0,0.0,0.0
0.5,-0.00549276964738965,0.005327633582055569,-9.795302391052246,0.014604904207214282,-0.023932982928676124,-0.0004415077283927832,0.00014887744328007102,0.0005406727432273328,5.3259485866874456e-05,47.64146799988571,-122.14016500004271,122.24545288085938,0.0,0.0,0.0,0.0,0.0,0.0
0.5,-0.00549276964738965,0.005327633582055569,-9.795302391052246,0.014604904207214282,-0.023932982928676124,-0.0004415077283927832,0.00014887744328007102,0.0005406727432273328,5.3259485866874456e-05,47.64146799988571,-122.14016500004271,122.24545288085938,0.0,0.0,0.0,0.0,0.0,0.0
0.5,-0.00549276964738965,0.005327633582055569,-9.795302391052246,0.014604904207214282,-0.023932982928676124,-0.0004415077283927832,0.00014887744328007102,0.0005406727432273328,5.3259485866874456e-05,47.64146799988571,-122.14016500004271,122.24545288085938,0.0,0.0,0.0,0.0,0.0,0.0
0.5,-0.00549276964738965,0.005327633582055569,-9.795302391052246,0.014604904207214282,-0.023932982928676124,-0.0004415077283927832,0.00014887744328007102,0.0005406727432273328,5.3259485866874456e-05,47.64146799988571,-122.14016500004271,122.24545288085938,0.0,0.0,0.0,0.0,0.0,0.0
0.5,-0.00549276964738965,0.005327633582055569,-9.795302391052246,0.014604904207214282,-0.023932982928676124,-0.0004415077283927832,0.00014887744328007102,0.0005406727432273328,5.3259485866874456e-05,47.64146799988571,-122.14016500004271,122.24545288085938,0.0,0.0,0.0,0.0,0.0,0.0
0.5,-0.00549276964738965,0.005327633582055569,-9.795302391052246,0.014604904207214282,-0.023932982928676124,-0.0004415077283927832,0.00014887744328007102,0.0005406727432273328,5.3259485866874456e-05,47.64146799988571,-122.14016500004271,122.24545288085938,0.0,0.0,0.0,0.0,0.0,0.0
0.5,-0.00549276964738965,0.005327633582055569,-9.795302391052246,0.014604904207214282,-0.023932982928676124,-0.0004415077283927832,0.00014887744328007102,0.0005406727432273328,5.3259485866874456e-05,47.64146799988571,-122.14016500004271,122.24545288085938,0.0,0.0,0.0,0.0,0.0,0.0
0.5,-0.00549276964738965,0.005327633582055569,-9.795302391052246,0.014604904207214282,-0.023932982928676124,-0.0004415077283927832,0.00014887744328007102,0.0005406727432273328,5.3259485866874456e-05,47.64146799988571,-122.14016500004271,122.24545288085938,0.0,0.0,0.0,0.0,0.0,0.0
0.5,-0.00549276964738965,0.005327633582055569,-9.795302391052246,0.014604904207214282,-0.023932982928676124,-0.0004415077283927832,0.00014887744328007102,0.0005406727432273328,5.3259485866874456e-05,47.64146799988571,-122.14016500004271,122.24545288085938,0.0,0.0,0.0,0.0,0.0,0.0
0.5,-0.00549276964738965,0.005327633582055569,-9.795302391052246,0.014604904207214282,-0.023932982928676124,-0.0004415077283927832,0.00014887744328007102,0.0005406727432273328,5.3259485866874456e-05,47.64146799988571,-122.14016500004271,122.24545288085938,0.0,0.0,0.0,0.0,0.0,0.0
0.5,-0.00549276964738965,0.005327633582055569,-9.795302391052246,0.014604904207214282,-0.023932982928676124,-0.0004415077283927832,0.00014887744328007102,0.0005406727432273328,5.3259485866874456e-05,47.64146799988571,-122.14016500004271,122.24545288085938,0.0,0.0,0.0,0.0,0.0,0.0
0.5,-0.013698485679924488,-0.004088144283741713,-9.805326461791992,0.014604904207214282,-0.023932982928676124,-0.0004415077283927832,0.0001973427424672991,0.00010846799705177546,5.8817066019400954e-05,47.64146799988571,-122.14016500004271,122.24545288085938,0.0,0.0,0.0,0.0,0.0,0.0
0.5,-0.013698485679924488,-0.004088144283741713,-9.805326461791992,0.014604904207214282,-0.023932982928676124,-0.0004415077283927832,0.0001973427424672991,0.00010846799705177546,5.8817066019400954e-05,47.64146799988571,-122.14016500004271,122.24545288085938,0.0,0.0,0.0,0.0,0.0,0.0
0.6,-0.013698485679924488,-0.004088144283741713,-9.805326461791992,0.014604904207214282,-0.023932982928676124,-0.0004415077283927832,0.0001973427424672991,0.00010846799705177546,5.8817066019400954e-05,47.64146799988571,-122.14016500004271,122.24545288085938,0.0,0.0,0.0,0.0,0.0,0.0
0.6,-0.013698485679924488,-0.004088144283741713,-9.805326461791992,0.014604904207214282,-0.023932982928676124,-0.0004415077283927832,0.0001973427424672991,0.00010846799705177546,5.8817066019400954e-05,47.64146799988571,-122.14016500004271,122.24545288085938,0.0,0.0,0.0,0.0,0.0,0.0
0.6,-0.013698485679924488,-0.004088144283741713,-9.805326461791992,0.014604904207214282,-0.023932982928676124,-0.0004415077283927832,0.0001973427424672991,0.00010846799705177546,5.8817066019400954e-05,47.64146799988571,-122.14016500004271,122.24545288085938,0.0,0.0,0.0,0.0,0.0,0.0
0.6,-0.013698485679924488,-0.004088144283741713,-9.805326461791992,0.014604904207214282,-0.023932982928676124,-0.0004415077283927832,0.0001973427424672991,0.00010846799705177546,5.8817066019400954e-05,47.64146799988571,-122.14016500004271,122.24545288085938,0.0,0.0,0.0,0.0,0.0,0.0
0.6,-0.013698485679924488,-0.004088144283741713,-9.805326461791992,0.014604904207214282,-0.023932982928676124,-0.0004415077283927832,0.0001973427424672991,0.00010846799705177546,5.8817066019400954e-05,47.64146799988571,-122.14016500004271,122.24545288085938,0.0,0.0,0.0,0.0,0.0,0.0
0.6,-0.013698485679924488,-0.004088144283741713,-9.805326461791992,0.014604904207214282,-0.023932982928676124,-0.0004415077283927832,0.0001973427424672991,0.00010846799705177546,5.8817066019400954e-05,47.64146799988571,-122.14016500004271,122.24545288085938,0.0,0.0,0.0,0.0,0.0,0.0
0.6,-0.013698485679924488,-0.004088144283741713,-9.805326461791992,0.014604904207214282,-0.023932982928676124,-0.0004415077283927832,0.0001973427424672991,0.00010846799705177546,5.8817066019400954e-05,47.64146799988571,-122.14016500004271,122.24545288085938,0.0,0.0,0.0,0.0,0.0,0.0
0.6,0.00784157495945692,-0.008589619770646095,-9.811870574951172,0.014604904207214282,-0.023932982928676124,-0.0004415077283927832,6.132062117103487e-05,-0.00013509545533452183,9.289559238823131e-05,47.64146799988571,-122.14016500004271,122.24545288085938,0.0,0.0,0.0,0.0,0.0,0.0
0.6,0.00784157495945692,-0.008589619770646095,-9.811870574951172,0.014604904207214282,-0.023932982928676124,-0.0004415077283927832,6.132062117103487e-05,-0.00013509545533452183,9.289559238823131e-05,47.64146799988571,-122.14016500004271,122.24545288085938,0.0,0.0,0.0,0.0,0.0,0.0
0.6,0.00784157495945692,-0.008589619770646095,-9.811870574951172,0.014604904207214282,-0.023932982928676124,-0.0004415077283927832,6.132062117103487e-05,-0.00013509545533452183,9.289559238823131e-05,47.64146799988571,-122.14016500004271,122.24545288085938,0.0,0.0,0.0,0.0,0.0,0.0
0.6,0.00784157495945692,-0.008589619770646095,-9.811870574951172,0.014604904207214282,-0.023932982928676124,-0.0004415077283927832,6.132062117103487e-05,-0.00013509545533452183,9.289559238823131e-05,47.64146799988571,-122.14016500004271,122.24545288085938,0.0,0.0,0.0,0.0,0.0,0.0
0.6,0.00784157495945692,-0.008589619770646095,-9.811870574951172,0.014604904207214282,-0.023932982928676124,-0.0004415077283927832,6.132062117103487e-05,-0.00013509545533452183,9.289559238823131e-05,47.64146799988571,-122.14016500004271,122.24545288085938,0.0,0.0,0.0,0.0,0.0,0.0
0.6,0.00784157495945692,-0.008589619770646095,-9.811870574951172,0.014604904207214282,-0.023932982928676124,-0.0004415077283927832,6.132062117103487e-05,-0.00013509545533452183,9.289559238823131e-05,47.64146799988571,-122.14016500004271,122.24545288085938,0.0,0.0,0.0,0.0,0.0,0.0
0.6,0.00784157495945692,-0.008589619770646095,-9.811870574951172,0.014604904207214282,-0.023932982928676124,-0.0004415077283927832,6.132062117103487e-05,-0.00013509545533452183,9.289559238823131e-05,47.64146799988571,-122.14016500004271,122.24545288085938,0.0,0.0,0.0,0.0,0.0,0.0
0.6,0.00784157495945692,-0.008589619770646095,-9.811870574951172,0.014604904207214282,-0.023932982928676124,-0.0004415077283927832,6.132062117103487e-05,-0.00013509545533452183,9.289559238823131e-05,47.64146799988571,-122.14016500004271,122.24545288085938,0.0,0.0,0.0,0.0,0.0,0.0
0.6,0.00784157495945692,-0.008589619770646095,-9.811870574951172,0.014604904207214282,-0.023932982928676124,-0.0004415077283927832,6.132062117103487e-05,-0.00013509545533452183,9.289559238823131e-05,47.64146799988571,-122.14016500004271,122.24545288085938,0.0,0.0,0.0,0.0,0.0,0.0
0.6,0.00784157495945692,-0.008589619770646095,-9.811870574951172,0.014604904207214282,-0.023932982928676124,-0.0004415077283927832,6.132062117103487e-05,-0.00013509545533452183,9.289559238823131e-05,47.64146799988571,-122.14016500004271,122.24545288085938,0.0,0.0,0.0,0.0,0.0,0.0
0.6,0.00784157495945692,-0.008589619770646095,-9.811870574951172,0.014604904207214282,-0.023932982928676124,-0.0004415077283927832,6.132062117103487e-05,-0.00013509545533452183,9.289559238823131e-05,47.64146799988571,-122.14016500004271,122.24545288085938,0.0,0.0,0.0,0.0,0.0,0.0
0.7,-0.01547159906476736,-0.008510353043675423,-9.798768043518066,0.014604904207214282,-0.023932982928676124,-0.0004415077283927832,-0.00024336519709322602,-0.00018214574083685875,0.0004167142906226218,47.64146799988571,-122.14016500004271,122.24545288085938,0.0,0.0,0.0,0.0,0.0,0.0
0.7,-0.01547159906476736,-0.008510353043675423,-9.798768043518066,0.014604904207214282,-0.023932982928676124,-0.0004415077283927832,-0.00024336519709322602,-0.00018214574083685875,0.0004167142906226218,47.64146799988571,-122.14016500004271,122.24545288085938,0.0,0.0,0.0,0.0,0.0,0.0
0.7,-0.01547159906476736,-0.008510353043675423,-9.798768043518066,0.014604904207214282,-0.023932982928676124,-0.0004415077283927832,-0.00024336519709322602,-0.00018214574083685875,0.0004167142906226218,47.64146799988571,-122.14016500004271,122.24545288085938,0.0,0.0,0.0,0.0,0.0,0.0
0.7,-0.01547159906476736,-0.008510353043675423,-9.798768043518066,0.014604904207214282,-0.023932982928676124,-0.0004415077283927832,-0.00024336519709322602,-0.00018214574083685875,0.0004167142906226218,47.64146799988571,-122.14016500004271,122.24545288085938,0.0,0.0,0.0,0.0,0.0,0.0
0.7,-0.01547159906476736,-0.008510353043675423,-9.798768043518066,0.014604904207214282,-0.023932982928676124,-0.0004415077283927832,-0.00024336519709322602,-0.00018214574083685875,0.0004167142906226218,47.64146799988571,-122.14016500004271,122.24545288085938,0.0,0.0,0.0,0.0,0.0,0.0
0.7,-0.01547159906476736,-0.008510353043675423,-9.798768043518066,0.014604904207214282,-0.023932982928676124,-0.0004415077283927832,-0.00024336519709322602,-0.00018214574083685875,0.0004167142906226218,47.64146799988571,-122.14016500004271,122.24545288085938,0.0,0.0,0.0,0.0,0.0,0.0
0.7,7.337937131524086e-05,-0.001956830732524395,-9.817109107971191,0.014604904207214282,-0.023932982928676124,-0.0004415077283927832,0.0007664815057069063,0.0006675644544884562,0.0005358518683351576,47.64146799988571,-122.14016500004271,122.24545288085938,0.0,0.0,0.0,0.0,0.0,0.0
0.7,7.337937131524086e-05,-0.001956830732524395,-9.817109107971191,0.014604904207214282,-0.023932982928676124,-0.0004415077283927832,0.0007664815057069063,0.0006675644544884562,0.0005358518683351576,47.64146799988571,-122.14016500004271,122.24545288085938,0.0,0.0,0.0,0.0,0.0,0.0
0.7,7.337937131524086e-05,-0.001956830732524395,-9.817109107971191,0.014604904207214282,-0.023932982928676124,-0.0004415077283927832,0.0007664815057069063,0.0006675644544884562,0.0005358518683351576,47.64146799988571,-122.14016500004271,122.24545288085938,0.0,0.0,0.0,0.0,0.0,0.0
0.7,7.337937131524086e-05,-0.001956830732524395,-9.817109107971191,0.014604904207214282,-0.023932982928676124,-0.0004415077283927832,0.0007664815057069063,0.0006675644544884562,0.0005358518683351576,47.64146799988571,-122.14016500004271,122.24545288085938,0.0,0.0,0.0,0.0,0.0,0.0
0.7,7.337937131524086e-05,-0.001956830732524395,-9.817109107971191,0.014604904207214282,-0.023932982928676124,-0.0004415077283927832,0.0007664815057069063,0.0006675644544884562,0.0005358518683351576,47.64146799988571,-122.14016500004271,122.24545288085938,0.0,0.0,0.0,0.0,0.0,0.0
0.7,7.337937131524086e-05,-0.001956830732524395,-9.817109107971191,0.014604904207214282,-0.023932982928676124,-0.0004415077283927832,0.0007664815057069063,0.0006675644544884562,0.0005358518683351576,47.64146799988571,-122.14016500004271,122.24545288085938,0.0,0.0,0.0,0.0,0.0,0.0
0.7,0.004065260291099548,0.026856105774641037,-9.80748176574707,0.014604904207214282,-0.023932982928676124,-0.0004415077283927832,0.000642422353848815,0.0003786171437241137,0.0003427187039051205,47.64146799988571,-122.14016500004271,122.24545288085938,0.0,0.0,0.0,0.0,0.0,0.0
0.7,0.004065260291099548,0.026856105774641037,-9.80748176574707,0.014604904207214282,-0.023932982928676124,-0.0004415077283927832,0.000642422353848815,0.0003786171437241137,0.0003427187039051205,47.64146799988571,-122.14016500004271,122.24545288085938,0.0,0.0,0.0,0.0,0.0,0.0
0.7,0.004065260291099548,0.026856105774641037,-9.80748176574707,0.014604904207214282,-0.023932982928676124,-0.0004415077283927832,0.000642422353848815,0.0003786171437241137,0.0003427187039051205,47.64146799988571,-122.14016500004271,122.24545288085938,0.0,0.0,0.0,0.0,0.0,0.0
0.7,0.004065260291099548,0.026856105774641037,-9.80748176574707,0.014604904207214282,-0.023932982928676124,-0.0004415077283927832,0.000642422353848815,0.0003786171437241137,0.0003427187039051205,47.64146799988571,-122.14016500004271,122.24545288085938,0.0,0.0,0.0,0.0,0.0,0.0
0.7,0.004065260291099548,0.026856105774641037,-9.80748176574707,0.014604904207214282,-0.023932982928676124,-0.0004415077283927832,0.000642422353848815,0.0003786171437241137,0.0003427187039051205,47.64146799988571,-122.14016500004271,122.24545288085938,0.0,0.0,0.0,0.0,0.0,0.0
0.7,0.004065260291099548,0.026856105774641037,-9.80748176574707,0.014604904207214282,-0.023932982928676124,-0.0004415077283927832,0.000642422353848815,0.0003786171437241137,0.0003427187039051205,47.64146799988571,-122.14016500004271,122.24545288085938,0.0,0.0,0.0,0.0,0.0,0.0
0.8,0.004065260291099548,0.026856105774641037,-9.80748176574707,0.014604904207214282,-0.023932982928676124,-0.0004415077283927832,0.000642422353848815,0.0003786171437241137,0.0003427187039051205,47.64146799988571,-122.14016500004271,122.24545288085938,0.0,0.0,0.0,0.0,0.0,0.0
0.8,0.004065260291099548,0.026856105774641037,-9.80748176574707,0.014604904207214282,-0.023932982928676124,-0.0004415077283927832,0.000642422353848815,0.0003786171437241137,0.0003427187039051205,47.64146799988571,-122.14016500004271,122.24545288085938,0.0,0.0,0.0,0.0,0.0,0.0
0.8,0.004065260291099548,0.026856105774641037,-9.80748176574707,0.014604904207214282,-0.023932982928676124,-0.0004415077283927832,0.000642422353848815,0.0003786171437241137,0.0003427187039051205,47.64146799988571,-122.14016500004271,122.24545288085938,0.0,0.0,0.0,0.0,0.0,0.0
0.8,0.004065260291099548,0.026856105774641037,-9.80748176574707,0.014604904207214282,-0.023932982928676124,-0.0004415077283927832,0.000642422353848815,0.0003786171437241137,0.0003427187039051205,47.64146799988571,-122.14016500004271,122.24545288085938,0.0,0.0,0.0,0.0,0.0,0.0
0.8,-0.003667938755825162,0.006822450086474419,-9.804737091064453,0.014604904207214282,-0.023932982928676124,-0.0004415077283927832,-7.84077201387845e-05,0.00018873607041314244,0.0001428496470907703,47.64146799988571,-122.14016500004271,122.24545288085938,0.0,0.0,0.0,0.0,0.0,0.0
0.8,-0.003667938755825162,0.006822450086474419,-9.804737091064453,0.014604904207214282,-0.023932982928676124,-0.0004415077283927832,-7.84077201387845e-05,0.00018873607041314244,0.0001428496470907703,47.64146799988571,-122.14016500004271,122.24545288085938,0.0,0.0,0.0,0.0,0.0,0.0
0.8,-0.003667938755825162,0.006822450086474419,-9.804737091064453,0.014604904207214282,-0.023932982928676124,-0.0004415077283927832,-7.84077201387845e-05,0.00018873607041314244,0.0001428496470907703,47.64146799988571,-122.14016500004271,122.24545288085938,0.0,0.0,0.0,0.0,0.0,0.0
0.8,-0.003667938755825162,0.006822450086474419,-9.804737091064453,0.014604904207214282,-0.023932982928676124,-0.0004415077283927832,-7.84077201387845e-05,0.00018873607041314244,0.0001428496470907703,47.64146799988571,-122.14016500004271,122.24545288085938,0.0,0.0,0.0,0.0,0.0,0.0
0.8,-0.003667938755825162,0.006822450086474419,-9.804737091064453,0.014604904207214282,-0.023932982928676124,-0.0004415077283927832,-7.84077201387845e-05,0.00018873607041314244,0.0001428496470907703,47.64146799988571,-122.14016500004271,122.24545288085938,0.0,0.0,0.0,0.0,0.0,0.0
0.8,-0.003667938755825162,0.006822450086474419,-9.804737091064453,0.014604904207214282,-0.023932982928676124,-0.0004415077283927832,-7.84077201387845e-05,0.00018873607041314244,0.0001428496470907703,47.64146799988571,-122.14016500004271,122.24545288085938,0.0,0.0,0.0,0.0,0.0,0.0
0.8,-0.003667938755825162,0.006822450086474419,-9.804737091064453,0.014604904207214282,-0.023932982928676124,-0.0004415077283927832,-7.84077201387845e-05,0.00018873607041314244,0.0001428496470907703,47.64146799988571,-122.14016500004271,122.24545288085938,0.0,0.0,0.0,0.0,0.0,0.0
0.8,-0.003667938755825162,0.006822450086474419,-9.804737091064453,0.014604904207214282,-0.023932982928676124,-0.0004415077283927832,-7.84077201387845e-05,0.00018873607041314244,0.0001428496470907703,47.64146799988571,-122.14016500004271,122.24545288085938,0.0,0.0,0.0,0.0,0.0,0.0
0.8,-0.003667938755825162,0.006822450086474419,-9.804737091064453,0.014604904207214282,-0.023932982928676124,-0.0004415077283927832,-7.84077201387845e-05,0.00018873607041314244,0.0001428496470907703,47.64146799988571,-122.14016500004271,122.24545288085938,0.0,0.0,0.0,0.0,0.0,0.0
0.8,-0.003667938755825162,0.006822450086474419,-9.804737091064453,0.014604904207214282,-0.023932982928676124,-0.0004415077283927832,-7.84077201387845e-05,0.00018873607041314244,0.0001428496470907703,47.64146799988571,-122.14016500004271,122.24545288085938,0.0,0.0,0.0,0.0,0.0,0.0
0.8,-0.003667938755825162,0.006822450086474419,-9.804737091064453,0.014604904207214282,-0.023932982928676124,-0.0004415077283927832,-7.84077201387845e-05,0.00018873607041314244,0.0001428496470907703,47.64146799988571,-122.14016500004271,122.24545288085938,0.0,0.0,0.0,0.0,0.0,0.0
0.8,-0.017526183277368546,-0.00502399355173111,-9.817227363586426,0.014604904207214282,-0.023932982928676124,-0.0004415077283927832,6.902890891069546e-05,0.0004478819901123643,-0.00021305299014784396,47.64146799988571,-122.14016500004271,122.24545288085938,0.0,0.0,0.0,0.0,0.0,0.0
0.8,-0.017526183277368546,-0.00502399355173111,-9.817227363586426,0.014604904207214282,-0.023932982928676124,-0.0004415077283927832,6.902890891069546e-05,0.0004478819901123643,-0.00021305299014784396,47.64146799988571,-122.14016500004271,122.24545288085938,0.0,0.0,0.0,0.0,0.0,0.0
0.9,-0.017526183277368546,-0.00502399355173111,-9.817227363586426,0.014604904207214282,-0.023932982928676124,-0.0004415077283927832,6.902890891069546e-05,0.0004478819901123643,-0.00021305299014784396,47.64146799988571,-122.14016500004271,122.24545288085938,0.0,0.0,0.0,0.0,0.0,0.0
0.9,-0.017526183277368546,-0.00502399355173111,-9.817227363586426,0.014604904207214282,-0.023932982928676124,-0.0004415077283927832,6.902890891069546e-05,0.0004478819901123643,-0.00021305299014784396,47.64146799988571,-122.14016500004271,122.24545288085938,0.0,0.0,0.0,0.0,0.0,0.0
0.9,-0.017526183277368546,-0.00502399355173111,-9.817227363586426,0.014604904207214282,-0.023932982928676124,-0.0004415077283927832,6.902890891069546e-05,0.0004478819901123643,-0.00021305299014784396,47.64146799988571,-122.14016500004271,122.24545288085938,0.0,0.0,0.0,0.0,0.0,0.0
0.9,-0.017526183277368546,-0.00502399355173111,-9.817227363586426,0.014604904207214282,-0.023932982928676124,-0.0004415077283927832,6.902890891069546e-05,0.0004478819901123643,-0.00021305299014784396,47.64146799988571,-122.14016500004271,122.24545288085938,0.0,0.0,0.0,0.0,0.0,0.0
0.9,-0.017526183277368546,-0.00502399355173111,-9.817227363586426,0.014604904207214282,-0.023932982928676124,-0.0004415077283927832,6.902890891069546e-05,0.0004478819901123643,-0.00021305299014784396,47.64146799988571,-122.14016500004271,122.24545288085938,0.0,0.0,0.0,0.0,0.0,0.0
0.9,-0.017526183277368546,-0.00502399355173111,-9.817227363586426,0.014604904207214282,-0.023932982928676124,-0.0004415077283927832,6.902890891069546e-05,0.0004478819901123643,-0.00021305299014784396,47.64146799988571,-122.14016500004271,122.24545288085938,0.0,0.0,0.0,0.0,0.0,0.0
0.9,-0.017526183277368546,-0.00502399355173111,-9.817227363586426,0.014604904207214282,-0.023932982928676124,-0.0004415077283927832,6.902890891069546e-05,0.0004478819901123643,-0.00021305299014784396,47.64146799988571,-122.14016500004271,122.24545288085938,0.0,0.0,0.0,0.0,0.0,0.0
0.9,-0.017526183277368546,-0.00502399355173111,-9.817227363586426,0.014604904207214282,-0.023932982928676124,-0.0004415077283927832,6.902890891069546e-05,0.0004478819901123643,-0.00021305299014784396,47.64146799988571,-122.14016500004271,122.24545288085938,0.0,0.0,0.0,0.0,0.0,0.0
0.9,-0.017526183277368546,-0.00502399355173111,-9.817227363586426,0.014604904207214282,-0.023932982928676124,-0.0004415077283927832,6.902890891069546e-05,0.0004478819901123643,-0.00021305299014784396,47.64146799988571,-122.14016500004271,122.24545288085938,0.0,0.0,0.0,0.0,0.0,0.0
0.9,-0.017526183277368546,-0.00502399355173111,-9.817227363586426,0.014604904207214282,-0.023932982928676124,-0.0004415077283927832,6.902890891069546e-05,0.0004478819901123643,-0.00021305299014784396,47.64146799988571,-122.14016500004271,122.24545288085938,0.0,0.0,0.0,0.0,0.0,0.0
0.9,-0.017526183277368546,-0.00502399355173111,-9.817227363586426,0.014604904207214282,-0.023932982928676124,-0.0004415077283927832,6.902890891069546e-05,0.0004478819901123643,-0.00021305299014784396,47.64146799988571,-122.14016500004271,122.24545288085938,0.0,0.0,0.0,0.0,0.0,0.0
0.9,-0.017526183277368546,-0.00502399355173111,-9.817227363586426,0.014604904207214282,-0.023932982928676124,-0.0004415077283927832,6.902890891069546e-05,0.0004478819901123643,-0.00021305299014784396,47.64146799988571,-122.14016500004271,122.24545288085938,0.0,0.0,0.0,0.0,0.0,0.0
0.9,-0.017526183277368546,-0.00502399355173111,-9.817227363586426,0.014604904207214282,-0.023932982928676124,-0.0004415077283927832,6.902890891069546e-05,0.0004478819901123643,-0.00021305299014784396,47.64146799988571,-122.14016500004271,122.24545288085938,0.0,0.0,0.0,0.0,0.0,0.0
0.9,-0.017526183277368546,-0.00502399355173111,-9.817227363586426,0.014604904207214282,-0.023932982928676124,-0.0004415077283927832,6.902890891069546e-05,0.0004478819901123643,-0.00021305299014784396,47.64146799988571,-122.14016500004271,122.24545288085938,0.0,0.0,0.0,0.0,0.0,0.0
0.9,0.001251080073416233,-0.0008468865416944027,-9.814692497253418,0.014604904207214282,-0.023932982928676124,-0.0004415077283927832,0.00013394933193922043,-0.0003105541109107435,0.0004383755731396377,47.64146799988571,-122.14016500004271,122.24545288085938,0.0,0.0,0.0,0.0,0.0,0.0
0.9,0.001251080073416233,-0.0008468865416944027,-9.814692497253418,0.014604904207214282,-0.023932982928676124,-0.0004415077283927832,0.00013394933193922043,-0.0003105541109107435,0.0004383755731396377,47.64146799988571,-122.14016500004271,122.24545288085938,0.0,0.0,0.0,0.0,0.0,0.0
0.9,0.001251080073416233,-0.0008468865416944027,-9.814692497253418,0.014604904207214282,-0.023932982928676124,-0.0004415077283927832,0.00013394933193922043,-0.0003105541109107435,0.0004383755731396377,47.64146799988571,-122.14016500004271,122.24545288085938,0.0,0.0,0.0,0.0,0.0,0.0
0.9,0.001251080073416233,-0.0008468865416944027,-9.814692497253418,0.014604904207214282,-0.023932982928676124,-0.0004415077283927832,0.00013394933193922043,-0.0003105541109107435,0.0004383755731396377,47.64146799988571,-122.14016500004271,122.24545288085938,0.0,0.0,0.0,0.0,0.0,0.0
1.0,0.001251080073416233,-0.0008468865416944027,-9.814692497253418,0.014604904207214282,-0.023932982928676124,-0.0004415077283927832,0.00013394933193922043,-0.0003105541109107435,0.0004383755731396377,47.64146799988571,-122.14016500004271,122.24545288085938,0.0,0.0,0.0,0.0,0.0,0.0
1.0,0.001251080073416233,-0.0008468865416944027,-9.814692497253418,0.014604904207214282,-0.023932982928676124,-0.0004415077283927832,0.00013394933193922043,-0.0003105541109107435,0.0004383755731396377,47.64146799988571,-122.14016500004271,122.24545288085938,0.0,0.0,0.0,0.0,0.0,0.0
1.0,0.001251080073416233,-0.0008468865416944027,-9.814692497253418,0.014604904207214282,-0.023932982928676124,-0.0004415077283927832,0.00013394933193922043,-0.0003105541109107435,0.0004383755731396377,47.64146799988571,-122.14016500004271,122.24545288085938,0.0,0.0,0.0,0.0,0.0,0.0
1.0,0.001251080073416233,-0.0008468865416944027,-9.814692497253418,0.014604904207214282,-0.023932982928676124,-0.0004415077283927832,0.00013394933193922043,-0.0003105541109107435,0.0004383755731396377,47.64146799988571,-122.14016500004271,122.24545288085938,0.0,0.0,0.0,0.0,0.0,0.0
1.0,-0.011589113622903824,-0.012468227185308933,-9.820084571838379,0.014604904207214282,-0.023932982928676124,-0.0004415077283927832,0.00015702753444202244,0.0002100666461046785,-0.0004544395487755537,47.64146799988571,-122.14016500004271,122.24545288085938,0.0,0.0,0.0,0.0,0.0,0.0
1.0,-0.011589113622903824,-0.012468227185308933,-9.820084571838379,0.014604904207214282,-0.023932982928676124,-0.0004415077283927832,0.00015702753444202244,0.0002100666461046785,-0.0004544395487755537,47.64146799988571,-122.14016500004271,122.24545288085938,0.0,0.0,0.0,0.0,0.0,0.0
1.0,-0.011589113622903824,-0.012468227185308933,-9.820084571838379,0.014604904207214282,-0.023932982928676124,-0.0004415077283927832,0.00015702753444202244,0.0002100666461046785,-0.0004544395487755537,47.64146799988571,-122.14016500004271,122.24545288085938,0.0,0.0,0.0,0.0,0.0,0.0
1.0,-0.011589113622903824,-0.012468227185308933,-9.820084571838379,0.014604904207214282,-0.023932982928676124,-0.0004415077283927832,0.00015702753444202244,0.0002100666461046785,-0.0004544395487755537,47.64146799988571,-122.14016500004271,122.24545288085938,0.0,0.0,0.0,0.0,0.0,0.0
1.0,-0.011589113622903824,-0.012468227185308933,-9.820084571838379,0.014604904207214282,-0.023932982928676124,-0.0004415077283927832,0.00015702753444202244,0.0002100666461046785,-0.0004544395487755537,47.64146799988571,-122.14016500004271,122.24545288085938,0.0,0.0,0.0,0.0,0.0,0.0
1.0,-0.011589113622903824,-0.012468227185308933,-9.820084571838379,0.014604904207214282,-0.023932982928676124,-0.0004415077283927832,0.00015702753444202244,0.0002100666461046785,-0.0004544395487755537,47.64146799988571,-122.14016500004271,122.24545288085938,0.0,0.0,0.0,0.0,0.0,0.0
1.0,-0.011589113622903824,-0.012468227185308933,-9.820084571838379,0.014604904207214282,-0.023932982928676124,-0.0004415077283927832,0.00015702753444202244,0.0002100666461046785,-0.0004544395487755537,47.64146799988571,-122.14016500004271,122.24545288085938,0.0,0.0,0.0,0.0,0.0,0.0
1.0,-0.011589113622903824,-0.012468227185308933,-9.820084571838379,0.014604904207214282,-0.023932982928676124,-0.0004415077283927832,0.00015702753444202244,0.0002100666461046785,-0.0004544395487755537,47.64146799988571,-122.14016500004271,122.24545288085938,0.0,0.0,0.0,0.0,0.0,0.0
1.0,-0.011589113622903824,-0.012468227185308933,-9.820084571838379,0.014604904207214282,-0.023932982928676124,-0.0004415077283927832,0.00015702753444202244,0.0002100666461046785,-0.0004544395487755537,47.64146799988571,-122.14016500004271,122.24545288085938,0.0,0.0,0.0,0.0,0.0,0.0
1.0,-0.011589113622903824,-0.012468227185308933,-9.820084571838379,0.014604904207214282,-0.023932982928676124,-0.0004415077283927832,0.00015702753444202244,0.0002100666461046785,-0.0004544395487755537,47.64146799988571,-122.14016500004271,122.24545288085938,0.0,0.0,0.0,0.0,0.0,0.0
1.0,-0.011589113622903824,-0.012468227185308933,-9.820084571838379,0.014604904207214282,-0.023932982928676124,-0.0004415077283927832,0.00015702753444202244,0.0002100666461046785,-0.0004544395487755537,47.64146799988571,-122.14016500004271,122.24545288085938,0.0,0.0,0.0,0.0,0.0,0.0
1.0,0.008067614398896694,-0.00021254480816423893,-9.798233985900879,0.014604904207214282,-0.023932982928676124,-0.0004415077283927832,0.00012953625991940498,-0.0002057574165519327,-0.0005736579769290984,47.64146799988571,-122.14016500004271,122.24545288085938,0.0,0.0,0.0,0.0,0.0,0.0
1.0,0.008067614398896694,-0.00021254480816423893,-9.798233985900879,0.014604904207214282,-0.023932982928676124,-0.0004415077283927832,0.00012953625991940498,-0.0002057574165519327,-0.0005736579769290984,47.64146799988571,-122.14016500004271,122.24545288085938,0.0,0.0,0.0,0.0,0.0,0.0
1.1,0.008067614398896694,-0.00021254480816423893,-9.798233985900879,0.014604904207214282,-0.023932982928676124,-0.0004415077283927832,0.00012953625991940498,-0.0002057574165519327,-0.0005736579769290984,47.64146799988571,-122.14016500004271,122.24545288085938,0.0,0.0,0.0,0.0,0.0,0.0
1.1,0.008067614398896694,-0.00021254480816423893,-9.798233985900879,0.014604904207214282,-0.023932982928676124,-0.0004415077283927832,0.00012953625991940498,-0.0002057574165519327,-0.0005736579769290984,47.64146799988571,-122.14016500004271,122.24545288085938,0.0,0.0,0.0,0.0,0.0,0.0
1.1,-0.016462182626128197,-0.0005345223471522331,-9.803787231445312,0.014604904207214282,-0.023932982928676124,-0.0004415077283927832,-1.1575117241591215e-05,-0.000184344025910832,-1.218099168909248e-05,47.64146799988571,-122.14016500004271,122.24545288085938,0.0,0.0,0.0,0.0,0.0,0.0
1.1,-0.016462182626128197,-0.0005345223471522331,-9.803787231445312,0.014604904207214282,-0.023932982928676124,-0.0004415077283927832,-1.1575117241591215e-05,-0.000184344025910832,-1.218099168909248e-05,47.64146799988571,-122.14016500004271,122.24545288085938,0.0,0.0,0.0,0.0,0.0,0.0
1.1,-0.016462182626128197,-0.0005345223471522331,-9.803787231445312,0.014604904207214282,-0.023932982928676124,-0.0004415077283927832,-1.1575117241591215e-05,-0.000184344025910832,-1.218099168909248e-05,47.64146799988571,-122.14016500004271,122.24545288085938,0.0,0.0,0.0,0.0,0.0,0.0
1.1,-0.016462182626128197,-0.0005345223471522331,-9.803787231445312,0.014604904207214282,-0.023932982928676124,-0.0004415077283927832,-1.1575117241591215e-05,-0.000184344025910832,-1.218099168909248e-05,47.64146799988571,-122.14016500004271,122.24545288085938,0.0,0.0,0.0,0.0,0.0,0.0
1.1,-0.016462182626128197,-0.0005345223471522331,-9.803787231445312,0.014604904207214282,-0.023932982928676124,-0.0004415077283927832,-1.1575117241591215e-05,-0.000184344025910832,-1.218099168909248e-05,47.64146799988571,-122.14016500004271,122.24545288085938,0.0,0.0,0.0,0.0,0.0,0.0
1.1,-0.016462182626128197,-0.0005345223471522331,-9.803787231445312,0.014604904207214282,-0.023932982928676124,-0.0004415077283927832,-1.1575117241591215e-05,-0.000184344025910832,-1.218099168909248e-05,47.64146799988571,-122.14016500004271,122.24545288085938,0.0,0.0,0.0,0.0,0.0,0.0
1.1,-0.016462182626128197,-0.0005345223471522331,-9.803787231445312,0.014604904207214282,-0.023932982928676124,-0.0004415077283927832,-1.1575117241591215e-05,-0.000184344025910832,-1.218099168909248e-05,47.64146799988571,-122.14016500004271,122.24545288085938,0.0,0.0,0.0,0.0,0.0,0.0
1.1,-0.016462182626128197,-0.0005345223471522331,-9.803787231445312,0.014604904207214282,-0.023932982928676124,-0.0004415077283927832,-1.1575117241591215e-05,-0.000184344025910832,-1.218099168909248e-05,47.64146799988571,-122.14016500004271,122.24545288085938,0.0,0.0,0.0,0.0,0.0,0.0
1.1,-0.016462182626128197,-0.0005345223471522331,-9.803787231445312,0.014604904207214282,-0.023932982928676124,-0.0004415077283927832,-1.1575117241591215e-05,-0.000184344025910832,-1.218099168909248e-05,47.64146799988571,-122.14016500004271,122.24545288085938,0.0,0.0,0.0,0.0,0.0,0.0
1.1,-0.016462182626128197,-0.0005345223471522331,-9.803787231445312,0.014604904207214282,-0.023932982928676124,-0.0004415077283927832,-1.1575117241591215e-05,-0.000184344025910832,-1.218099168909248e-05,47.64146799988571,-122.14016500004271,122.24545288085938,0.0,0.0,0.0,0.0,0.0,0.0
1.1,-0.011818502098321915,-0.002911909017711878,-9.794746398925781,0.014604904207214282,-0.023932982928676124,-0.0004415077283927832,-0.0004535264160949737,0.0005188566283322871,0.0005628083017654717,47.64146799988571,-122.14016500004271,122.24545288085938,0.0,0.0,0.0,0.0,0.0,0.0
1.1,-0.011818502098321915,-0.002911909017711878,-9.794746398925781,0.014604904207214282,-0.023932982928676124,-0.0004415077283927832,-0.0004535264160949737,0.0005188566283322871,0.0005628083017654717,47.64146799988571,-122.14016500004271,122.24545288085938,0.0,0.0,0.0,0.0,0.0,0.0
1.1,-0.011818502098321915,-0.002911909017711878,-9.794746398925781,0.014604904207214282,-0.023932982928676124,-0.0004415077283927832,-0.0004535264160949737,0.0005188566283322871,0.0005628083017654717,47.64146799988571,-122.14016500004271,122.24545288085938,0.0,0.0,0.0,0.0,0.0,0.0
1.1,-0.011818502098321915,-0.002911909017711878,-9.794746398925781,0.014604904207214282,-0.023932982928676124,-0.0004415077283927832,-0.0004535264160949737,0.0005188566283322871,0.0005628083017654717,47.64146799988571,-122.14016500004271,122.24545288085938,0.0,0.0,0.0,0.0,0.0,0.0
1.1,-0.011818502098321915,-0.002911909017711878,-9.794746398925781,0.014604904207214282,-0.023932982928676124,-0.0004415077283927832,-0.0004535264160949737,0.0005188566283322871,0.0005628083017654717,47.64146799988571,-122.14016500004271,122.24545288085938,0.0,0.0,0.0,0.0,0.0,0.0
1.1,-0.011818502098321915,-0.002911909017711878,-9.794746398925781,0.014604904207214282,-0.023932982928676124,-0.0004415077283927832,-0.0004535264160949737,0.0005188566283322871,0.0005628083017654717,47.64146799988571,-122.14016500004271,122.24545288085938,0.0,0.0,0.0,0.0,0.0,0.0
1.2,-0.004099639598280191,-0.011284828186035156,-9.790984153747559,0.014604904207214282,-0.023932982928676124,-0.0004415077283927832,0.0004281477304175496,0.0005108589539304376,-0.00042064240551553667,47.64146799988571,-122.14016500004271,122.24545288085938,0.0,0.0,0.0,0.0,0.0,0.0
1.2,-0.004099639598280191,-0.011284828186035156,-9.790984153747559,0.014604904207214282,-0.023932982928676124,-0.0004415077283927832,0.0004281477304175496,0.0005108589539304376,-0.00042064240551553667,47.64146799988571,-122.14016500004271,122.24545288085938,0.0,0.0,0.0,0.0,0.0,0.0
1.2,-0.004099639598280191,-0.011284828186035156,-9.790984153747559,0.014604904207214282,-0.023932982928676124,-0.0004415077283927832,0.0004281477304175496,0.0005108589539304376,-0.00042064240551553667,47.64146799988571,-122.14016500004271,122.24545288085938,0.0,0.0,0.0,0.0,0.0,0.0
1.2,-0.004099639598280191,-0.011284828186035156,-9.790984153747559,0.014604904207214282,-0.023932982928676124,-0.0004415077283927832,0.0004281477304175496,0.0005108589539304376,-0.00042064240551553667,47.64146799988571,-122.14016500004271,122.24545288085938,0.0,0.0,0.0,0.0,0.0,0.0
1.2,-0.02021281234920025,-0.03415042161941528,-9.807662010192871,0.014604904207214282,-0.023932982928676124,-0.0004415077283927832,0.0009268595604225993,-2.3991713533177972e-05,-0.0004919552011415362,47.64146799988571,-122.14016500004271,122.24545288085938,0.0,0.0,0.0,0.0,0.0,0.0
1.2,-0.02021281234920025,-0.03415042161941528,-9.807662010192871,0.014604904207214282,-0.023932982928676124,-0.0004415077283927832,0.0009268595604225993,-2.3991713533177972e-05,-0.0004919552011415362,47.64146799988571,-122.14016500004271,122.24545288085938,0.0,0.0,0.0,0.0,0.0,0.0
1.2,-0.02021281234920025,-0.03415042161941528,-9.807662010192871,0.014604904207214282,-0.023932982928676124,-0.0004415077283927832,0.0009268595604225993,-2.3991713533177972e-05,-0.0004919552011415362,47.64146799988571,-122.14016500004271,122.24545288085938,0.0,0.0,0.0,0.0,0.0,0.0
1.2,-0.02021281234920025,-0.03415042161941528,-9.807662010192871,0.014604904207214282,-0.023932982928676124,-0.0004415077283927832,0.0009268595604225993,-2.3991713533177972e-05,-0.0004919552011415362,47.64146799988571,-122.14016500004271,122.24545288085938,0.0,0.0,0.0,0.0,0.0,0.0
1.2,-0.02021281234920025,-0.03415042161941528,-9.807662010192871,0.014604904207214282,-0.023932982928676124,-0.0004415077283927832,0.0009268595604225993,-2.3991713533177972e-05,-0.0004919552011415362,47.64146799988571,-122.14016500004271,122.24545288085938,0.0,0.0,0.0,0.0,0.0,0.0
1.2,-0.02021281234920025,-0.03415042161941528,-9.807662010192871,0.014604904207214282,-0.023932982928676124,-0.0004415077283927832,0.0009268595604225993,-2.3991713533177972e-05,-0.0004919552011415362,47.64146799988571,-122.14016500004271,122.24545288085938,0.0,0.0,0.0,0.0,0.0,0.0
1.2,0.001943180337548256,-0.005594050511717796,-9.795312881469727,0.014604904207214282,-0.023932982928676124,-0.0004415077283927832,-6.97354698786512e-05,0.00014766388630960137,0.0005125263123773038,47.64146799988571,-122.14016500004271,122.24545288085938,0.0,0.0,0.0,0.0,0.0,0.0
1.2,0.001943180337548256,-0.005594050511717796,-9.795312881469727,0.014604904207214282,-0.023932982928676124,-0.0004415077283927832,-6.97354698786512e-05,0.00014766388630960137,0.0005125263123773038,47.64146799988571,-122.14016500004271,122.24545288085938,0.0,0.0,0.0,0.0,0.0,0.0
1.2,0.001943180337548256,-0.005594050511717796,-9.795312881469727,0.014604904207214282,-0.023932982928676124,-0.0004415077283927832,-6.97354698786512e-05,0.00014766388630960137,0.0005125263123773038,47.64146799988571,-122.14016500004271,122.24545288085938,0.0,0.0,0.0,0.0,0.0,0.0
1.2,0.001943180337548256,-0.005594050511717796,-9.795312881469727,0.014604904207214282,-0.023932982928676124,-0.0004415077283927832,-6.97354698786512e-05,0.00014766388630960137,0.0005125263123773038,47.64146799988571,-122.14016500004271,122.24545288085938,0.0,0.0,0.0,0.0,0.0,0.0
1.2,0.001943180337548256,-0.005594050511717796,-9.795312881469727,0.014604904207214282,-0.023932982928676124,-0.0004415077283927832,-6.97354698786512e-05,0.00014766388630960137,0.0005125263123773038,47.64146799988571,-122.14016500004271,122.24545288085938,0.0,0.0,0.0,0.0,0.0,0.0
1.2,0.001943180337548256,-0.005594050511717796,-9.795312881469727,0.014604904207214282,-0.023932982928676124,-0.0004415077283927832,-6.97354698786512e-05,0.00014766388630960137,0.0005125263123773038,47.64146799988571,-122.14016500004271,122.24545288085938,0.0,0.0,0.0,0.0,0.0,0.0
1.2,0.001943180337548256,-0.005594050511717796,-9.795312881469727,0.014604904207214282,-0.023932982928676124,-0.0004415077283927832,-6.97354698786512e-05,0.00014766388630960137,0.0005125263123773038,47.64146799988571,-122.14016500004271,122.24545288085938,0.0,0.0,0.0,0.0,0.0,0.0
1.2,0.001943180337548256,-0.005594050511717796,-9.795312881469727,0.014604904207214282,-0.023932982928676124,-0.0004415077283927832,-6.97354698786512e-05,0.00014766388630960137,0.0005125263123773038,47.64146799988571,-122.14016500004271,122.24545288085938,0.0,0.0,0.0,0.0,0.0,0.0
1.3,-0.011875930242240429,-0.0035102209076285362,-9.7943696975708,0.014604904207214282,-0.023932982928676124,-0.0004415077283927832,8.682857878739014e-05,-0.0002459065290167928,-0.000437191833043471,47.64146799988571,-122.14016500004271,122.24545288085938,0.0,0.0,0.0,0.0,0.0,0.0
1.3,-0.011875930242240429,-0.0035102209076285362,-9.7943696975708,0.014604904207214282,-0.023932982928676124,-0.0004415077283927832,8.682857878739014e-05,-0.0002459065290167928,-0.000437191833043471,47.64146799988571,-122.14016500004271,122.24545288085938,0.0,0.0,0.0,0.0,0.0,0.0
1.3,-0.011875930242240429,-0.0035102209076285362,-9.7943696975708,0.014604904207214282,-0.023932982928676124,-0.0004415077283927832,8.682857878739014e-05,-0.0002459065290167928,-0.000437191833043471,47.64146799988571,-122.14016500004271,122.24545288085938,0.0,0.0,0.0,0.0,0.0,0.0
1.3,-0.011875930242240429,-0.0035102209076285362,-9.7943696975708,0.014604904207214282,-0.023932982928676124,-0.0004415077283927832,8.682857878739014e-05,-0.0002459065290167928,-0.000437191833043471,47.64146799988571,-122.14016500004271,122.24545288085938,0.0,0.0,0.0,0.0,0.0,0.0
1.3,-0.011875930242240429,-0.0035102209076285362,-9.7943696975708,0.014604904207214282,-0.023932982928676124,-0.0004415077283927832,8.682857878739014e-05,-0.0002459065290167928,-0.000437191833043471,47.64146799988571,-122.14016500004271,122.24545288085938,0.0,0.0,0.0,0.0,0.0,0.0
1.3,-0.011875930242240429,-0.0035102209076285362,-9.7943696975708,0.014604904207214282,-0.023932982928676124,-0.0004415077283927832,8.682857878739014e-05,-0.0002459065290167928,-0.000437191833043471,47.64146799988571,-122.14016500004271,122.24545288085938,0.0,0.0,0.0,0.0,0.0,0.0
1.3,-0.011875930242240429,-0.0035102209076285362,-9.7943696975708,0.014604904207214282,-0.023932982928676124,-0.0004415077283927832,8.682857878739014e-05,-0.0002459065290167928,-0.000437191833043471,47.64146799988571,-122.14016500004271,122.24545288085938,0.0,0.0,0.0,0.0,0.0,0.0
1.3,-0.011875930242240429,-0.0035102209076285362,-9.7943696975708,0.014604904207214282,-0.023932982928676124,-0.0004415077283927832,8.682857878739014e-05,-0.0002459065290167928,-0.000437191833043471,47.64146799988571,-122.14016500004271,122.24545288085938,0.0,0.0,0.0,0.0,0.0,0.0
1.3,-0.010831596329808235,0.02275814488530159,-9.796483039855957,0.014604904207214282,-0.023932982928676124,-0.0004415077283927832,-0.0001759554143063724,0.0001534525799797848,0.0006342235137708485,47.64146799988571,-122.14016500004271,122.24545288085938,0.0,0.0,0.0,0.0,0.0,0.0
1.3,-0.010831596329808235,0.02275814488530159,-9.796483039855957,0.014604904207214282,-0.023932982928676124,-0.0004415077283927832,-0.0001759554143063724,0.0001534525799797848,0.0006342235137708485,47.64146799988571,-122.14016500004271,122.24545288085938,0.0,0.0,0.0,0.0,0.0,0.0
1.3,-0.010831596329808235,0.02275814488530159,-9.796483039855957,0.014604904207214282,-0.023932982928676124,-0.0004415077283927832,-0.0001759554143063724,0.0001534525799797848,0.0006342235137708485,47.64146799988571,-122.14016500004271,122.24545288085938,0.0,0.0,0.0,0.0,0.0,0.0
1.3,-0.010831596329808235,0.02275814488530159,-9.796483039855957,0.014604904207214282,-0.023932982928676124,-0.0004415077283927832,-0.0001759554143063724,0.0001534525799797848,0.0006342235137708485,47.64146799988571,-122.14016500004271,122.24545288085938,0.0,0.0,0.0,0.0,0.0,0.0
1.3,-0.010831596329808235,0.02275814488530159,-9.796483039855957,0.014604904207214282,-0.023932982928676124,-0.0004415077283927832,-0.0001759554143063724,0.0001534525799797848,0.0006342235137708485,47.64146799988571,-122.14016500004271,122.24545288085938,0.0,0.0,0.0,0.0,0.0,0.0
1.3,-0.010831596329808235,0.02275814488530159,-9.796483039855957,0.014604904207214282,-0.023932982928676124,-0.0004415077283927832,-0.0001759554143063724,0.0001534525799797848,0.0006342235137708485,47.64146799988571,-122.14016500004271,122.24545288085938,0.0,0.0,0.0,0.0,0.0,0.0
1.3,-0.00913294404745102,-0.0008989559719339013,-9.79595947265625,0.014604904207214282,-0.023932982928676124,-0.0004415077283927832,-0.0006399229168891907,0.00012004545715171844,0.00010146583372261375,47.64146799988571,-122.14016500004271,122.24545288085938,0.0,0.0,0.0,0.0,0.0,0.0
1.3,-0.00913294404745102,-0.0008989559719339013,-9.79595947265625,0.014604904207214282,-0.023932982928676124,-0.0004415077283927832,-0.0006399229168891907,0.00012004545715171844,0.00010146583372261375,47.64146799988571,-122.14016500004271,122.24545288085938,0.0,0.0,0.0,0.0,0.0,0.0
1.3,-0.00913294404745102,-0.0008989559719339013,-9.79595947265625,0.014604904207214282,-0.023932982928676124,-0.0004415077283927832,-0.0006399229168891907,0.00012004545715171844,0.00010146583372261375,47.64146799988571,-122.14016500004271,122.24545288085938,0.0,0.0,0.0,0.0,0.0,0.0
1.3,-0.00913294404745102,-0.0008989559719339013,-9.79595947265625,0.014604904207214282,-0.023932982928676124,-0.0004415077283927832,-0.0006399229168891907,0.00012004545715171844,0.00010146583372261375,47.64146799988571,-122.14016500004271,122.24545288085938,0.0,0.0,0.0,0.0,0.0,0.0
1.3,-0.00913294404745102,-0.0008989559719339013,-9.79595947265625,0.014604904207214282,-0.023932982928676124,-0.0004415077283927832,-0.0006399229168891907,0.00012004545715171844,0.00010146583372261375,47.64146799988571,-122.14016500004271,122.24545288085938,0.0,0.0,0.0,0.0,0.0,0.0
1.4,-0.00913294404745102,-0.0008989559719339013,-9.79595947265625,0.014604904207214282,-0.023932982928676124,-0.0004415077283927832,-0.0006399229168891907,0.00012004545715171844,0.00010146583372261375,47.64146799988571,-122.14016500004271,122.24545288085938,0.0,0.0,0.0,0.0,0.0,0.0
1.4,0.010050083510577679,0.00860268622636795,-9.793413162231445,0.014604904207214282,-0.023932982928676124,-0.0004415077283927832,-0.0006700105732306838,-7.348458893829957e-05,-0.0006139545585028827,47.64146799988571,-122.14016500004271,122.24545288085938,0.0,0.0,0.0,0.0,0.0,0.0
1.4,0.010050083510577679,0.00860268622636795,-9.793413162231445,0.014604904207214282,-0.023932982928676124,-0.0004415077283927832,-0.0006700105732306838,-7.348458893829957e-05,-0.0006139545585028827,47.64146799988571,-122.14016500004271,122.24545288085938,0.0,0.0,0.0,0.0,0.0,0.0
1.4,0.010050083510577679,0.00860268622636795,-9.793413162231445,0.014604904207214282,-0.023932982928676124,-0.0004415077283927832,-0.0006700105732306838,-7.348458893829957e-05,-0.0006139545585028827,47.64146799988571,-122.14016500004271,122.24545288085938,0.0,0.0,0.0,0.0,0.0,0.0
1.4,0.010050083510577679,0.00860268622636795,-9.793413162231445,0.014604904207214282,-0.023932982928676124,-0.0004415077283927832,-0.0006700105732306838,-7.348458893829957e-05,-0.0006139545585028827,47.64146799988571,-122.14016500004271,122.24545288085938,0.0,0.0,0.0,0.0,0.0,0.0
1.4,0.010050083510577679,0.00860268622636795,-9.793413162231445,0.014604904207214282,-0.023932982928676124,-0.0004415077283927832,-0.0006700105732306838,-7.348458893829957e-05,-0.0006139545585028827,47.64146799988571,-122.14016500004271,122.24545288085938,0.0,0.0,0.0,0.0,0.0,0.0
1.4,0.010050083510577679,0.00860268622636795,-9.793413162231445,0.014604904207214282,-0.023932982928676124,-0.0004415077283927832,-0.0006700105732306838,-7.348458893829957e-05,-0.0006139545585028827,47.64146799988571,-122.14016500004271,122.24545288085938,0.0,0.0,0.0,0.0,0.0,0.0
1.4,0.010050083510577679,0.00860268622636795,-9.793413162231445,0.014604904207214282,-0.023932982928676124,-0.0004415077283927832,-0.0006700105732306838,-7.348458893829957e-05,-0.0006139545585028827,47.64146799988571,-122.14016500004271,122.24545288085938,0.0,0.0,0.0,0.0,0.0,0.0
1.4,0.010050083510577679,0.00860268622636795,-9.793413162231445,0.014604904207214282,-0.023932982928676124,-0.0004415077283927832,-0.0006700105732306838,-7.348458893829957e-05,-0.0006139545585028827,47.64146799988571,-122.14016500004271,122.24545288085938,0.0,0.0,0.0,0.0,0.0,0.0
1.4,0.001911965198814869,-0.007529368624091148,-9.807564735412598,0.014604904207214282,-0.023932982928676124,-0.0004415077283927832,-0.0004154506023041904,0.0008869281155057251,-0.0008584295865148306,47.64146799988571,-122.14016500004271,122.24545288085938,0.0,0.0,0.0,0.0,0.0,0.0
1.4,0.001911965198814869,-0.007529368624091148,-9.807564735412598,0.014604904207214282,-0.023932982928676124,-0.0004415077283927832,-0.0004154506023041904,0.0008869281155057251,-0.0008584295865148306,47.64146799988571,-122.14016500004271,122.24545288085938,0.0,0.0,0.0,0.0,0.0,0.0
1.4,0.001911965198814869,-0.007529368624091148,-9.807564735412598,0.014604904207214282,-0.023932982928676124,-0.0004415077283927832,-0.0004154506023041904,0.0008869281155057251,-0.0008584295865148306,47.64146799988571,-122.14016500004271,122.24545288085938,0.0,0.0,0.0,0.0,0.0,0.0
1.4,0.001911965198814869,-0.007529368624091148,-9.807564735412598,0.014604904207214282,-0.023932982928676124,-0.0004415077283927832,-0.0004154506023041904,0.0008869281155057251,-0.0008584295865148306,47.64146799988571,-122.14016500004271,122.24545288085938,0.0,0.0,0.0,0.0,0.0,0.0
1.4,0.001911965198814869,-0.007529368624091148,-9.807564735412598,0.014604904207214282,-0.023932982928676124,-0.0004415077283927832,-0.0004154506023041904,0.0008869281155057251,-0.0008584295865148306,47.64146799988571,-122.14016500004271,122.24545288085938,0.0,0.0,0.0,0.0,0.0,0.0
1.4,0.001911965198814869,-0.007529368624091148,-9.807564735412598,0.014604904207214282,-0.023932982928676124,-0.0004415077283927832,-0.0004154506023041904,0.0008869281155057251,-0.0008584295865148306,47.64146799988571,-122.14016500004271,122.24545288085938,0.0,0.0,0.0,0.0,0.0,0.0
1.4,0.001911965198814869,-0.007529368624091148,-9.807564735412598,0.014604904207214282,-0.023932982928676124,-0.0004415077283927832,-0.0004154506023041904,0.0008869281155057251,-0.0008584295865148306,47.64146799988571,-122.14016500004271,122.24545288085938,0.0,0.0,0.0,0.0,0.0,0.0
1.4,0.001911965198814869,-0.007529368624091148,-9.807564735412598,0.014604904207214282,-0.023932982928676124,-0.0004415077283927832,-0.0004154506023041904,0.0008869281155057251,-0.0008584295865148306,47.64146799988571,-122.14016500004271,122.24545288085938,0.0,0.0,0.0,0.0,0.0,0.0
1.4,-0.0037170834839344025,-0.00863688811659813,-9.795702934265137,0.014604904207214282,-0.023932982928676124,-0.0004415077283927832,0.0006193111184984446,4.165049904258922e-05,0.0003244318359065801,47.64146799988571,-122.14016500004271,122.24545288085938,0.0,0.0,0.0,0.0,0.0,0.0
1.4,-0.0037170834839344025,-0.00863688811659813,-9.795702934265137,0.014604904207214282,-0.023932982928676124,-0.0004415077283927832,0.0006193111184984446,4.165049904258922e-05,0.0003244318359065801,47.64146799988571,-122.14016500004271,122.24545288085938,0.0,0.0,0.0,0.0,0.0,0.0
1.5,-0.0037170834839344025,-0.00863688811659813,-9.795702934265137,0.014604904207214282,-0.023932982928676124,-0.0004415077283927832,0.0006193111184984446,4.165049904258922e-05,0.0003244318359065801,47.64146799988571,-122.14016500004271,122.24545288085938,0.0,0.0,0.0,0.0,0.0,0.0
1.5,-0.0037170834839344025,-0.00863688811659813,-9.795702934265137,0.014604904207214282,-0.023932982928676124,-0.0004415077283927832,0.0006193111184984446,4.165049904258922e-05,0.0003244318359065801,47.64146799988571,-122.14016500004271,122.24545288085938,0.0,0.0,0.0,0.0,0.0,0.0
1.5,-0.0037170834839344025,-0.00863688811659813,-9.795702934265137,0.014604904207214282,-0.023932982928676124,-0.0004415077283927832,0.0006193111184984446,4.165049904258922e-05,0.0003244318359065801,47.64146799988571,-122.14016500004271,122.24545288085938,0.0,0.0,0.0,0.0,0.0,0.0
1.5,-0.0037170834839344025,-0.00863688811659813,-9.795702934265137,0.014604904207214282,-0.023932982928676124,-0.0004415077283927832,0.0006193111184984446,4.165049904258922e-05,0.0003244318359065801,47.64146799988571,-122.14016500004271,122.24545288085938,0.0,0.0,0.0,0.0,0.0,0.0
1.5,-0.007345488760620356,0.007773503661155701,-9.809600830078125,0.014604904207214282,-0.023932982928676124,-0.0004415077283927832,-0.0004612090706359595,0.0007760780863463879,-0.00036265753442421556,47.64146799988571,-122.14016500004271,122.24545288085938,0.0,0.0,0.0,0.0,0.0,0.0
1.5,-0.007345488760620356,0.007773503661155701,-9.809600830078125,0.014604904207214282,-0.023932982928676124,-0.0004415077283927832,-0.0004612090706359595,0.0007760780863463879,-0.00036265753442421556,47.64146799988571,-122.14016500004271,122.24545288085938,0.0,0.0,0.0,0.0,0.0,0.0
1.5,-0.007345488760620356,0.007773503661155701,-9.809600830078125,0.014604904207214282,-0.023932982928676124,-0.0004415077283927832,-0.0004612090706359595,0.0007760780863463879,-0.00036265753442421556,47.64146799988571,-122.14016500004271,122.24545288085938,0.0,0.0,0.0,0.0,0.0,0.0
1.5,-0.007345488760620356,0.007773503661155701,-9.809600830078125,0.014604904207214282,-0.023932982928676124,-0.0004415077283927832,-0.0004612090706359595,0.0007760780863463879,-0.00036265753442421556,47.64146799988571,-122.14016500004271,122.24545288085938,0.0,0.0,0.0,0.0,0.0,0.0
1.5,-0.007345488760620356,0.007773503661155701,-9.809600830078125,0.014604904207214282,-0.023932982928676124,-0.0004415077283927832,-0.0004612090706359595,0.0007760780863463879,-0.00036265753442421556,47.64146799988571,-122.14016500004271,122.24545288085938,0.0,0.0,0.0,0.0,0.0,0.0
1.5,-0.007345488760620356,0.007773503661155701,-9.809600830078125,0.014604904207214282,-0.023932982928676124,-0.0004415077283927832,-0.0004612090706359595,0.0007760780863463879,-0.00036265753442421556,47.64146799988571,-122.14016500004271,122.24545288085938,0.0,0.0,0.0,0.0,0.0,0.0
1.5,-0.007345488760620356,0.007773503661155701,-9.809600830078125,0.014604904207214282,-0.023932982928676124,-0.0004415077283927832,-0.0004612090706359595,0.0007760780863463879,-0.00036265753442421556,47.64146799988571,-122.14016500004271,122.24545288085938,0.0,0.0,0.0,0.0,0.0,0.0
1.5,-0.007345488760620356,0.007773503661155701,-9.809600830078125,0.014604904207214282,-0.023932982928676124,-0.0004415077283927832,-0.0004612090706359595,0.0007760780863463879,-0.00036265753442421556,47.64146799988571,-122.14016500004271,122.24545288085938,0.0,0.0,0.0,0.0,0.0,0.0
1.5,-0.0013361233286559582,0.00721677765250206,-9.809831619262695,0.014604904207214282,-0.023932982928676124,-0.0004415077283927832,0.0007528506102971733,-2.8315509553067386e-05,-0.0001472958829253912,47.64146799988571,-122.14016500004271,122.24545288085938,0.0,0.0,0.0,0.0,0.0,0.0
1.5,-0.0013361233286559582,0.00721677765250206,-9.809831619262695,0.014604904207214282,-0.023932982928676124,-0.0004415077283927832,0.0007528506102971733,-2.8315509553067386e-05,-0.0001472958829253912,47.64146799988571,-122.14016500004271,122.24545288085938,0.0,0.0,0.0,0.0,0.0,0.0
1.5,-0.0013361233286559582,0.00721677765250206,-9.809831619262695,0.014604904207214282,-0.023932982928676124,-0.0004415077283927832,0.0007528506102971733,-2.8315509553067386e-05,-0.0001472958829253912,47.64146799988571,-122.14016500004271,122.24545288085938,0.0,0.0,0.0,0.0,0.0,0.0
1.5,-0.0013361233286559582,0.00721677765250206,-9.809831619262695,0.014604904207214282,-0.023932982928676124,-0.0004415077283927832,0.0007528506102971733,-2.8315509553067386e-05,-0.0001472958829253912,47.64146799988571,-122.14016500004271,122.24545288085938,0.0,0.0,0.0,0.0,0.0,0.0
1.5,-0.0013361233286559582,0.00721677765250206,-9.809831619262695,0.014604904207214282,-0.023932982928676124,-0.0004415077283927832,0.0007528506102971733,-2.8315509553067386e-05,-0.0001472958829253912,47.64146799988571,-122.14016500004271,122.24545288085938,0.0,0.0,0.0,0.0,0.0,0.0
1.6,-0.0013361233286559582,0.00721677765250206,-9.809831619262695,0.014604904207214282,-0.023932982928676124,-0.0004415077283927832,0.0007528506102971733,-2.8315509553067386e-05,-0.0001472958829253912,47.64146799988571,-122.14016500004271,122.24545288085938,0.0,0.0,0.0,0.0,0.0,0.0
1.6,-0.0013361233286559582,0.00721677765250206,-9.809831619262695,0.014604904207214282,-0.023932982928676124,-0.0004415077283927832,0.0007528506102971733,-2.8315509553067386e-05,-0.0001472958829253912,47.64146799988571,-122.14016500004271,122.24545288085938,0.0,0.0,0.0,0.0,0.0,0.0
1.6,-0.0013361233286559582,0.00721677765250206,-9.809831619262695,0.014604904207214282,-0.023932982928676124,-0.0004415077283927832,0.0007528506102971733,-2.8315509553067386e-05,-0.0001472958829253912,47.64146799988571,-122.14016500004271,122.24545288085938,0.0,0.0,0.0,0.0,0.0,0.0
1.6,-0.0013361233286559582,0.00721677765250206,-9.809831619262695,0.014604904207214282,-0.023932982928676124,-0.0004415077283927832,0.0007528506102971733,-2.8315509553067386e-05,-0.0001472958829253912,47.64146799988571,-122.14016500004271,122.24545288085938,0.0,0.0,0.0,0.0,0.0,0.0
1.6,-0.0013361233286559582,0.00721677765250206,-9.809831619262695,0.014604904207214282,-0.023932982928676124,-0.0004415077283927832,0.0007528506102971733,-2.8315509553067386e-05,-0.0001472958829253912,47.64146799988571,-122.14016500004271,122.24545288085938,0.0,0.0,0.0,0.0,0.0,0.0
1.6,-0.008599337190389633,0.005678432062268257,-9.8016996383667,0.014604904207214282,-0.023932982928676124,-0.0004415077283927832,0.0004454809532035142,0.00039723989902995527,0.00026585414889268577,47.64146799988571,-122.14016500004271,122.24545288085938,0.0,0.0,0.0,0.0,0.0,0.0
1.6,-0.008599337190389633,0.005678432062268257,-9.8016996383667,0.014604904207214282,-0.023932982928676124,-0.0004415077283927832,0.0004454809532035142,0.00039723989902995527,0.00026585414889268577,47.64146799988571,-122.14016500004271,122.24545288085938,0.0,0.0,0.0,0.0,0.0,0.0
1.6,-0.008599337190389633,0.005678432062268257,-9.8016996383667,0.014604904207214282,-0.023932982928676124,-0.0004415077283927832,0.0004454809532035142,0.00039723989902995527,0.00026585414889268577,47.64146799988571,-122.14016500004271,122.24545288085938,0.0,0.0,0.0,0.0,0.0,0.0
1.6,-0.008599337190389633,0.005678432062268257,-9.8016996383667,0.014604904207214282,-0.023932982928676124,-0.0004415077283927832,0.0004454809532035142,0.00039723989902995527,0.00026585414889268577,47.64146799988571,-122.14016500004271,122.24545288085938,0.0,0.0,0.0,0.0,0.0,0.0
1.6,-0.008599337190389633,0.005678432062268257,-9.8016996383667,0.014604904207214282,-0.023932982928676124,-0.0004415077283927832,0.0004454809532035142,0.00039723989902995527,0.00026585414889268577,47.64146799988571,-122.14016500004271,122.24545288085938,0.0,0.0,0.0,0.0,0.0,0.0
1.6,-0.008599337190389633,0.005678432062268257,-9.8016996383667,0.014604904207214282,-0.023932982928676124,-0.0004415077283927832,0.0004454809532035142,0.00039723989902995527,0.00026585414889268577,47.64146799988571,-122.14016500004271,122.24545288085938,0.0,0.0,0.0,0.0,0.0,0.0
1.6,-0.008599337190389633,0.005678432062268257,-9.8016996383667,0.014604904207214282,-0.023932982928676124,-0.0004415077283927832,0.0004454809532035142,0.00039723989902995527,0.00026585414889268577,47.64146799988571,-122.14016500004271,122.24545288085938,0.0,0.0,0.0,0.0,0.0,0.0
1.6,-0.008599337190389633,0.005678432062268257,-9.8016996383667,0.014604904207214282,-0.023932982928676124,-0.0004415077283927832,0.0004454809532035142,0.00039723989902995527,0.00026585414889268577,47.64146799988571,-122.14016500004271,122.24545288085938,0.0,0.0,0.0,0.0,0.0,0.0
1.6,-0.008599337190389633,0.005678432062268257,-9.8016996383667,0.014604904207214282,-0.023932982928676124,-0.0004415077283927832,0.0004454809532035142,0.00039723989902995527,0.00026585414889268577,47.64146799988571,-122.14016500004271,122.24545288085938,0.0,0.0,0.0,0.0,0.0,0.0
1.6,-0.008599337190389633,0.005678432062268257,-9.8016996383667,0.014604904207214282,-0.023932982928676124,-0.0004415077283927832,0.0004454809532035142,0.00039723989902995527,0.00026585414889268577,47.64146799988571,-122.14016500004271,122.24545288085938,0.0,0.0,0.0,0.0,0.0,0.0
1.6,-0.008599337190389633,0.005678432062268257,-9.8016996383667,0.014604904207214282,-0.023932982928676124,-0.0004415077283927832,0.0004454809532035142,0.00039723989902995527,0.00026585414889268577,47.64146799988571,-122.14016500004271,122.24545288085938,0.0,0.0,0.0,0.0,0.0,0.0
1.6,-0.008035361766815186,0.005682563409209251,-9.812926292419434,0.014604904207214282,-0.023932982928676124,-0.0004415077283927832,-0.00013206560106482357,-0.00011655564594548196,0.0004987289430573583,47.64146799988571,-122.14016500004271,122.24545288085938,0.0,0.0,0.0,0.0,0.0,0.0
1.7,-0.008035361766815186,0.005682563409209251,-9.812926292419434,0.014604904207214282,-0.023932982928676124,-0.0004415077283927832,-0.00013206560106482357,-0.00011655564594548196,0.0004987289430573583,47.64146799988571,-122.14016500004271,122.24545288085938,0.0,0.0,0.0,0.0,0.0,0.0
1.7,-0.008035361766815186,0.005682563409209251,-9.812926292419434,0.014604904207214282,-0.023932982928676124,-0.0004415077283927832,-0.00013206560106482357,-0.00011655564594548196,0.0004987289430573583,47.64146799988571,-122.14016500004271,122.24545288085938,0.0,0.0,0.0,0.0,0.0,0.0
1.7,-0.008035361766815186,0.005682563409209251,-9.812926292419434,0.014604904207214282,-0.023932982928676124,-0.0004415077283927832,-0.00013206560106482357,-0.00011655564594548196,0.0004987289430573583,47.64146799988571,-122.14016500004271,122.24545288085938,0.0,0.0,0.0,0.0,0.0,0.0
1.7,-0.008035361766815186,0.005682563409209251,-9.812926292419434,0.014604904207214282,-0.023932982928676124,-0.0004415077283927832,-0.00013206560106482357,-0.00011655564594548196,0.0004987289430573583,47.64146799988571,-122.14016500004271,122.24545288085938,0.0,0.0,0.0,0.0,0.0,0.0
1.7,-0.008035361766815186,0.005682563409209251,-9.812926292419434,0.014604904207214282,-0.023932982928676124,-0.0004415077283927832,-0.00013206560106482357,-0.00011655564594548196,0.0004987289430573583,47.64146799988571,-122.14016500004271,122.24545288085938,0.0,0.0,0.0,0.0,0.0,0.0
1.7,-0.015570538118481636,-0.016875281929969788,-9.827642440795898,0.014604904207214282,-0.023932982928676124,-0.0004415077283927832,0.0006530041573569179,0.0004342457395978272,0.0008622139575891197,47.64146799988571,-122.14016500004271,122.24545288085938,0.0,0.0,0.0,0.0,0.0,0.0
1.7,-0.015570538118481636,-0.016875281929969788,-9.827642440795898,0.014604904207214282,-0.023932982928676124,-0.0004415077283927832,0.0006530041573569179,0.0004342457395978272,0.0008622139575891197,47.64146799988571,-122.14016500004271,122.24545288085938,0.0,0.0,0.0,0.0,0.0,0.0
1.7,-0.015570538118481636,-0.016875281929969788,-9.827642440795898,0.014604904207214282,-0.023932982928676124,-0.0004415077283927832,0.0006530041573569179,0.0004342457395978272,0.0008622139575891197,47.64146799988571,-122.14016500004271,122.24545288085938,0.0,0.0,0.0,0.0,0.0,0.0
1.7,-0.015570538118481636,-0.016875281929969788,-9.827642440795898,0.014604904207214282,-0.023932982928676124,-0.0004415077283927832,0.0006530041573569179,0.0004342457395978272,0.0008622139575891197,47.64146799988571,-122.14016500004271,122.24545288085938,0.0,0.0,0.0,0.0,0.0,0.0
1.7,-0.015570538118481636,-0.016875281929969788,-9.827642440795898,0.014604904207214282,-0.023932982928676124,-0.0004415077283927832,0.0006530041573569179,0.0004342457395978272,0.0008622139575891197,47.64146799988571,-122.14016500004271,122.24545288085938,0.0,0.0,0.0,0.0,0.0,0.0
1.7,-0.015570538118481636,-0.016875281929969788,-9.827642440795898,0.014604904207214282,-0.023932982928676124,-0.0004415077283927832,0.0006530041573569179,0.0004342457395978272,0.0008622139575891197,47.64146799988571,-122.14016500004271,122.24545288085938,0.0,0.0,0.0,0.0,0.0,0.0
1.7,-0.015570538118481636,-0.016875281929969788,-9.827642440795898,0.014604904207214282,-0.023932982928676124,-0.0004415077283927832,0.0006530041573569179,0.0004342457395978272,0.0008622139575891197,47.64146799988571,-122.14016500004271,122.24545288085938,0.0,0.0,0.0,0.0,0.0,0.0
1.7,-0.015570538118481636,-0.016875281929969788,-9.827642440795898,0.014604904207214282,-0.023932982928676124,-0.0004415077283927832,0.0006530041573569179,0.0004342457395978272,0.0008622139575891197,47.64146799988571,-122.14016500004271,122.24545288085938,0.0,0.0,0.0,0.0,0.0,0.0
1.7,-0.015570538118481636,-0.016875281929969788,-9.827642440795898,0.014604904207214282,-0.023932982928676124,-0.0004415077283927832,0.0006530041573569179,0.0004342457395978272,0.0008622139575891197,47.64146799988571,-122.14016500004271,122.24545288085938,0.0,0.0,0.0,0.0,0.0,0.0
1.7,-0.015570538118481636,-0.016875281929969788,-9.827642440795898,0.014604904207214282,-0.023932982928676124,-0.0004415077283927832,0.0006530041573569179,0.0004342457395978272,0.0008622139575891197,47.64146799988571,-122.14016500004271,122.24545288085938,0.0,0.0,0.0,0.0,0.0,0.0
1.7,-0.015570538118481636,-0.016875281929969788,-9.827642440795898,0.014604904207214282,-0.023932982928676124,-0.0004415077283927832,0.0006530041573569179,0.0004342457395978272,0.0008622139575891197,47.64146799988571,-122.14016500004271,122.24545288085938,0.0,0.0,0.0,0.0,0.0,0.0
1.7,-0.015570538118481636,-0.016875281929969788,-9.827642440795898,0.014604904207214282,-0.023932982928676124,-0.0004415077283927832,0.0006530041573569179,0.0004342457395978272,0.0008622139575891197,47.64146799988571,-122.14016500004271,122.24545288085938,0.0,0.0,0.0,0.0,0.0,0.0
1.8,-0.015570538118481636,-0.016875281929969788,-9.827642440795898,0.014604904207214282,-0.023932982928676124,-0.0004415077283927832,0.0006530041573569179,0.0004342457395978272,0.0008622139575891197,47.64146799988571,-122.14016500004271,122.24545288085938,0.0,0.0,0.0,0.0,0.0,0.0
1.8,-0.015570538118481636,-0.016875281929969788,-9.827642440795898,0.014604904207214282,-0.023932982928676124,-0.0004415077283927832,0.0006530041573569179,0.0004342457395978272,0.0008622139575891197,47.64146799988571,-122.14016500004271,122.24545288085938,0.0,0.0,0.0,0.0,0.0,0.0
1.8,-0.015570538118481636,-0.016875281929969788,-9.827642440795898,0.014604904207214282,-0.023932982928676124,-0.0004415077283927832,0.0006530041573569179,0.0004342457395978272,0.0008622139575891197,47.64146799988571,-122.14016500004271,122.24545288085938,0.0,0.0,0.0,0.0,0.0,0.0
1.8,-0.015570538118481636,-0.016875281929969788,-9.827642440795898,0.014604904207214282,-0.023932982928676124,-0.0004415077283927832,0.0006530041573569179,0.0004342457395978272,0.0008622139575891197,47.64146799988571,-122.14016500004271,122.24545288085938,0.0,0.0,0.0,0.0,0.0,0.0
1.8,-0.015635255724191666,0.008557931520044804,-9.8206787109375,0.014604904207214282,-0.023932982928676124,-0.0004415077283927832,-0.0004478043410927057,0.0002723529178183526,-6.948613008717075e-05,47.64146799988571,-122.14016500004271,122.24545288085938,0.0,0.0,0.0,0.0,0.0,0.0
1.8,-0.015635255724191666,0.008557931520044804,-9.8206787109375,0.014604904207214282,-0.023932982928676124,-0.0004415077283927832,-0.0004478043410927057,0.0002723529178183526,-6.948613008717075e-05,47.64146799988571,-122.14016500004271,122.24545288085938,0.0,0.0,0.0,0.0,0.0,0.0
1.8,-0.015635255724191666,0.008557931520044804,-9.8206787109375,0.014604904207214282,-0.023932982928676124,-0.0004415077283927832,-0.0004478043410927057,0.0002723529178183526,-6.948613008717075e-05,47.64146799988571,-122.14016500004271,122.24545288085938,0.0,0.0,0.0,0.0,0.0,0.0
1.8,-0.015635255724191666,0.008557931520044804,-9.8206787109375,0.014604904207214282,-0.023932982928676124,-0.0004415077283927832,-0.0004478043410927057,0.0002723529178183526,-6.948613008717075e-05,47.64146799988571,-122.14016500004271,122.24545288085938,0.0,0.0,0.0,0.0,0.0,0.0
1.8,-0.015635255724191666,0.008557931520044804,-9.8206787109375,0.014604904207214282,-0.023932982928676124,-0.0004415077283927832,-0.0004478043410927057,0.0002723529178183526,-6.948613008717075e-05,47.64146799988571,-122.14016500004271,122.24545288085938,0.0,0.0,0.0,0.0,0.0,0.0
1.8,-0.015635255724191666,0.008557931520044804,-9.8206787109375,0.014604904207214282,-0.023932982928676124,-0.0004415077283927832,-0.0004478043410927057,0.0002723529178183526,-6.948613008717075e-05,47.64146799988571,-122.14016500004271,122.24545288085938,0.0,0.0,0.0,0.0,0.0,0.0
1.8,-0.015635255724191666,0.008557931520044804,-9.8206787109375,0.014604904207214282,-0.023932982928676124,-0.0004415077283927832,-0.0004478043410927057,0.0002723529178183526,-6.948613008717075e-05,47.64146799988571,-122.14016500004271,122.24545288085938,0.0,0.0,0.0,0.0,0.0,0.0
1.8,-0.015635255724191666,0.008557931520044804,-9.8206787109375,0.014604904207214282,-0.023932982928676124,-0.0004415077283927832,-0.0004478043410927057,0.0002723529178183526,-6.948613008717075e-05,47.64146799988571,-122.14016500004271,122.24545288085938,0.0,0.0,0.0,0.0,0.0,0.0
1.8,-0.029318803921341896,0.016545962542295456,-9.80054759979248,0.014604904207214282,-0.023932982928676124,-0.0004415077283927832,-0.00022177345817908645,0.00014250790991354734,0.00044137643999420106,47.64146799988571,-122.14016500004271,122.24545288085938,0.0,0.0,0.0,0.0,0.0,0.0
1.8,-0.029318803921341896,0.016545962542295456,-9.80054759979248,0.014604904207214282,-0.023932982928676124,-0.0004415077283927832,-0.00022177345817908645,0.00014250790991354734,0.00044137643999420106,47.64146799988571,-122.14016500004271,122.24545288085938,0.0,0.0,0.0,0.0,0.0,0.0
1.8,-0.029318803921341896,0.016545962542295456,-9.80054759979248,0.014604904207214282,-0.023932982928676124,-0.0004415077283927832,-0.00022177345817908645,0.00014250790991354734,0.00044137643999420106,47.64146799988571,-122.14016500004271,122.24545288085938,0.0,0.0,0.0,0.0,0.0,0.0
1.8,-0.029318803921341896,0.016545962542295456,-9.80054759979248,0.014604904207214282,-0.023932982928676124,-0.0004415077283927832,-0.00022177345817908645,0.00014250790991354734,0.00044137643999420106,47.64146799988571,-122.14016500004271,122.24545288085938,0.0,0.0,0.0,0.0,0.0,0.0
1.8,-0.029318803921341896,0.016545962542295456,-9.80054759979248,0.014604904207214282,-0.023932982928676124,-0.0004415077283927832,-0.00022177345817908645,0.00014250790991354734,0.00044137643999420106,47.64146799988571,-122.14016500004271,122.24545288085938,0.0,0.0,0.0,0.0,0.0,0.0
1.8,-0.029318803921341896,0.016545962542295456,-9.80054759979248,0.014604904207214282,-0.023932982928676124,-0.0004415077283927832,-0.00022177345817908645,0.00014250790991354734,0.00044137643999420106,47.64146799988571,-122.14016500004271,122.24545288085938,0.0,0.0,0.0,0.0,0.0,0.0
1.9,-0.029318803921341896,0.016545962542295456,-9.80054759979248,0.014604904207214282,-0.023932982928676124,-0.0004415077283927832,-0.00022177345817908645,0.00014250790991354734,0.00044137643999420106,47.64146799988571,-122.14016500004271,122.24545288085938,0.0,0.0,0.0,0.0,0.0,0.0
1.9,-0.029318803921341896,0.016545962542295456,-9.80054759979248,0.014604904207214282,-0.023932982928676124,-0.0004415077283927832,-0.00022177345817908645,0.00014250790991354734,0.00044137643999420106,47.64146799988571,-122.14016500004271,122.24545288085938,0.0,0.0,0.0,0.0,0.0,0.0
1.9,-0.029318803921341896,0.016545962542295456,-9.80054759979248,0.014604904207214282,-0.023932982928676124,-0.0004415077283927832,-0.00022177345817908645,0.00014250790991354734,0.00044137643999420106,47.64146799988571,-122.14016500004271,122.24545288085938,0.0,0.0,0.0,0.0,0.0,0.0
1.9,-0.029318803921341896,0.016545962542295456,-9.80054759979248,0.014604904207214282,-0.023932982928676124,-0.0004415077283927832,-0.00022177345817908645,0.00014250790991354734,0.00044137643999420106,47.64146799988571,-122.14016500004271,122.24545288085938,0.0,0.0,0.0,0.0,0.0,0.0
1.9,-0.029318803921341896,0.016545962542295456,-9.80054759979248,0.014604904207214282,-0.023932982928676124,-0.0004415077283927832,-0.00022177345817908645,0.00014250790991354734,0.00044137643999420106,47.64146799988571,-122.14016500004271,122.24545288085938,0.0,0.0,0.0,0.0,0.0,0.0
1.9,-0.029318803921341896,0.016545962542295456,-9.80054759979248,0.014604904207214282,-0.023932982928676124,-0.0004415077283927832,-0.00022177345817908645,0.00014250790991354734,0.00044137643999420106,47.64146799988571,-122.14016500004271,122.24545288085938,0.0,0.0,0.0,0.0,0.0,0.0
1.9,-0.029318803921341896,0.016545962542295456,-9.80054759979248,0.014604904207214282,-0.023932982928676124,-0.0004415077283927832,-0.00022177345817908645,0.00014250790991354734,0.00044137643999420106,47.64146799988571,-122.14016500004271,122.24545288085938,0.0,0.0,0.0,0.0,0.0,0.0
1.9,-0.0016788393259048462,-0.01386779174208641,-9.80317497253418,0.014604904207214282,-0.023932982928676124,-0.0004415077283927832,-0.00039799773367121816,-0.00026102663832716644,0.0008495691581629217,47.64146799988571,-122.14016500004271,122.24545288085938,0.0,0.0,0.0,0.0,0.0,0.0
1.9,-0.0016788393259048462,-0.01386779174208641,-9.80317497253418,0.014604904207214282,-0.023932982928676124,-0.0004415077283927832,-0.00039799773367121816,-0.00026102663832716644,0.0008495691581629217,47.64146799988571,-122.14016500004271,122.24545288085938,0.0,0.0,0.0,0.0,0.0,0.0
1.9,-0.0016788393259048462,-0.01386779174208641,-9.80317497253418,0.014604904207214282,-0.023932982928676124,-0.0004415077283927832,-0.00039799773367121816,-0.00026102663832716644,0.0008495691581629217,47.64146799988571,-122.14016500004271,122.24545288085938,0.0,0.0,0.0,0.0,0.0,0.0
1.9,-0.0016788393259048462,-0.01386779174208641,-9.80317497253418,0.014604904207214282,-0.023932982928676124,-0.0004415077283927832,-0.00039799773367121816,-0.00026102663832716644,0.0008495691581629217,47.64146799988571,-122.14016500004271,122.24545288085938,0.0,0.0,0.0,0.0,0.0,0.0
1.9,-0.0016788393259048462,-0.01386779174208641,-9.80317497253418,0.014604904207214282,-0.023932982928676124,-0.0004415077283927832,-0.00039799773367121816,-0.00026102663832716644,0.0008495691581629217,47.64146799988571,-122.14016500004271,122.24545288085938,0.0,0.0,0.0,0.0,0.0,0.0
1.9,-0.0016788393259048462,-0.01386779174208641,-9.80317497253418,0.014604904207214282,-0.023932982928676124,-0.0004415077283927832,-0.00039799773367121816,-0.00026102663832716644,0.0008495691581629217,47.64146799988571,-122.14016500004271,122.24545288085938,0.0,0.0,0.0,0.0,0.0,0.0
1.9,0.0009825769811868668,-0.005524684675037861,-9.804071426391602,0.014604904207214282,-0.023932982928676124,-0.0004415077283927832,0.0002481639967299998,-7.630238542333245e-05,-0.0005640953895635903,47.64146799988571,-122.14016500004271,122.24545288085938,0.0,0.0,0.0,0.0,0.0,0.0
1.9,0.0009825769811868668,-0.005524684675037861,-9.804071426391602,0.014604904207214282,-0.023932982928676124,-0.0004415077283927832,0.0002481639967299998,-7.630238542333245e-05,-0.0005640953895635903,47.64146799988571,-122.14016500004271,122.24545288085938,0.0,0.0,0.0,0.0,0.0,0.0
1.9,0.0009825769811868668,-0.005524684675037861,-9.804071426391602,0.014604904207214282,-0.023932982928676124,-0.0004415077283927832,0.0002481639967299998,-7.630238542333245e-05,-0.0005640953895635903,47.64146799988571,-122.14016500004271,122.24545288085938,0.0,0.0,0.0,0.0,0.0,0.0
1.9,0.0009825769811868668,-0.005524684675037861,-9.804071426391602,0.014604904207214282,-0.023932982928676124,-0.0004415077283927832,0.0002481639967299998,-7.630238542333245e-05,-0.0005640953895635903,47.64146799988571,-122.14016500004271,122.24545288085938,0.0,0.0,0.0,0.0,0.0,0.0
1.9,0.0009825769811868668,-0.005524684675037861,-9.804071426391602,0.014604904207214282,-0.023932982928676124,-0.0004415077283927832,0.0002481639967299998,-7.630238542333245e-05,-0.0005640953895635903,47.64146799988571,-122.14016500004271,122.24545288085938,0.0,0.0,0.0,0.0,0.0,0.0
1.9,-0.026856733486056328,0.010735261254012585,-9.800873756408691,0.014604904207214282,-0.023932982928676124,-0.0004415077283927832,0.0004960867809131742,-0.00017432330059818923,0.0005612805252894759,47.64146799988571,-122.14016500004271,122.24545288085938,0.0,0.0,0.0,0.0,0.0,0.0
2.0,-0.026856733486056328,0.010735261254012585,-9.800873756408691,0.014604904207214282,-0.023932982928676124,-0.0004415077283927832,0.0004960867809131742,-0.00017432330059818923,0.0005612805252894759,47.64146799988571,-122.14016500004271,122.24545288085938,0.0,0.0,0.0,0.0,0.0,0.0
2.0,-0.026856733486056328,0.010735261254012585,-9.800873756408691,0.014604904207214282,-0.023932982928676124,-0.0004415077283927832,0.0004960867809131742,-0.00017432330059818923,0.0005612805252894759,47.64146799988571,-122.14016500004271,122.24545288085938,0.0,0.0,0.0,0.0,0.0,0.0
2.0,-0.026856733486056328,0.010735261254012585,-9.800873756408691,0.014604904207214282,-0.023932982928676124,-0.0004415077283927832,0.0004960867809131742,-0.00017432330059818923,0.0005612805252894759,47.64146799988571,-122.14016500004271,122.24545288085938,0.0,0.0,0.0,0.0,0.0,0.0
2.0,-0.026856733486056328,0.010735261254012585,-9.800873756408691,0.014604904207214282,-0.023932982928676124,-0.0004415077283927832,0.0004960867809131742,-0.00017432330059818923,0.0005612805252894759,47.64146799988571,-122.14016500004271,122.24545288085938,0.0,0.0,0.0,0.0,0.0,0.0
2.0,0.0023406660184264183,-0.003013906069099903,-9.796403884887695,0.014604904207214282,-0.023932982928676124,-0.0004415077283927832,0.00019026883819606155,1.404021168127656e-05,0.0003430452197790146,47.64146799988571,-122.14016500004271,122.24545288085938,0.0,0.0,0.0,0.0,0.0,0.0
2.0,0.0023406660184264183,-0.003013906069099903,-9.796403884887695,0.014604904207214282,-0.023932982928676124,-0.0004415077283927832,0.00019026883819606155,1.404021168127656e-05,0.0003430452197790146,47.64146799988571,-122.14016500004271,122.24545288085938,0.0,0.0,0.0,0.0,0.0,0.0
2.0,0.0023406660184264183,-0.003013906069099903,-9.796403884887695,0.014604904207214282,-0.023932982928676124,-0.0004415077283927832,0.00019026883819606155,1.404021168127656e-05,0.0003430452197790146,47.64146799988571,-122.14016500004271,122.24545288085938,0.0,0.0,0.0,0.0,0.0,0.0
2.0,0.0023406660184264183,-0.003013906069099903,-9.796403884887695,0.014604904207214282,-0.023932982928676124,-0.0004415077283927832,0.00019026883819606155,1.404021168127656e-05,0.0003430452197790146,47.64146799988571,-122.14016500004271,122.24545288085938,0.0,0.0,0.0,0.0,0.0,0.0
2.0,0.0023406660184264183,-0.003013906069099903,-9.796403884887695,0.014604904207214282,-0.023932982928676124,-0.0004415077283927832,0.00019026883819606155,1.404021168127656e-05,0.0003430452197790146,47.64146799988571,-122.14016500004271,122.24545288085938,0.0,0.0,0.0,0.0,0.0,0.0
2.0,0.0023406660184264183,-0.003013906069099903,-9.796403884887695,0.014604904207214282,-0.023932982928676124,-0.0004415077283927832,0.00019026883819606155,1.404021168127656e-05,0.0003430452197790146,47.64146799988571,-122.14016500004271,122.24545288085938,0.0,0.0,0.0,0.0,0.0,0.0
2.0,0.0023406660184264183,-0.003013906069099903,-9.796403884887695,0.014604904207214282,-0.023932982928676124,-0.0004415077283927832,0.00019026883819606155,1.404021168127656e-05,0.0003430452197790146,47.64146799988571,-122.14016500004271,122.24545288085938,0.0,0.0,0.0,0.0,0.0,0.0
2.0,0.0023406660184264183,-0.003013906069099903,-9.796403884887695,0.014604904207214282,-0.023932982928676124,-0.0004415077283927832,0.00019026883819606155,1.404021168127656e-05,0.0003430452197790146,47.64146799988571,-122.14016500004271,122.24545288085938,0.0,0.0,0.0,0.0,0.0,0.0
2.0,0.0023406660184264183,-0.003013906069099903,-9.796403884887695,0.014604904207214282,-0.023932982928676124,-0.0004415077283927832,0.00019026883819606155,1.404021168127656e-05,0.0003430452197790146,47.64146799988571,-122.14016500004271,122.24545288085938,0.0,0.0,0.0,0.0,0.0,0.0
2.0,0.0023406660184264183,-0.003013906069099903,-9.796403884887695,0.014604904207214282,-0.023932982928676124,-0.0004415077283927832,0.00019026883819606155,1.404021168127656e-05,0.0003430452197790146,47.64146799988571,-122.14016500004271,122.24545288085938,0.0,0.0,0.0,0.0,0.0,0.0
2.0,-0.0126342186704278,0.012237788178026676,-9.805082321166992,0.014604904207214282,-0.023932982928676124,-0.0004415077283927832,-0.0002604346664156765,0.0006544446805492043,-0.0004903419176116586,47.64146799988571,-122.14016500004271,122.24545288085938,0.0,0.0,0.0,0.0,0.0,0.0
2.0,-0.0126342186704278,0.012237788178026676,-9.805082321166992,0.014604904207214282,-0.023932982928676124,-0.0004415077283927832,-0.0002604346664156765,0.0006544446805492043,-0.0004903419176116586,47.64146799988571,-122.14016500004271,122.24545288085938,0.0,0.0,0.0,0.0,0.0,0.0
2.0,-0.0126342186704278,0.012237788178026676,-9.805082321166992,0.014604904207214282,-0.023932982928676124,-0.0004415077283927832,-0.0002604346664156765,0.0006544446805492043,-0.0004903419176116586,47.64146799988571,-122.14016500004271,122.24545288085938,0.0,0.0,0.0,0.0,0.0,0.0
2.0,-0.0126342186704278,0.012237788178026676,-9.805082321166992,0.014604904207214282,-0.023932982928676124,-0.0004415077283927832,-0.0002604346664156765,0.0006544446805492043,-0.0004903419176116586,47.64146799988571,-122.14016500004271,122.24545288085938,0.0,0.0,0.0,0.0,0.0,0.0
2.1,-0.0126342186704278,0.012237788178026676,-9.805082321166992,0.014604904207214282,-0.023932982928676124,-0.0004415077283927832,-0.0002604346664156765,0.0006544446805492043,-0.0004903419176116586,47.64146799988571,-122.14016500004271,122.24545288085938,0.0,0.0,0.0,0.0,0.0,0.0
2.1,-0.0126342186704278,0.012237788178026676,-9.805082321166992,0.014604904207214282,-0.023932982928676124,-0.0004415077283927832,-0.0002604346664156765,0.0006544446805492043,-0.0004903419176116586,47.64146799988571,-122.14016500004271,122.24545288085938,0.0,0.0,0.0,0.0,0.0,0.0
2.1,-0.0126342186704278,0.012237788178026676,-9.805082321166992,0.014604904207214282,-0.023932982928676124,-0.0004415077283927832,-0.0002604346664156765,0.0006544446805492043,-0.0004903419176116586,47.64146799988571,-122.14016500004271,122.24545288085938,0.0,0.0,0.0,0.0,0.0,0.0
2.1,-0.020763332024216652,0.011941023170948029,-9.813435554504395,0.014604904207214282,-0.023932982928676124,-0.0004415077283927832,-0.00023858679924160242,0.00033704357338137925,-0.0005157063133083284,47.64146799988571,-122.14016500004271,122.24545288085938,0.0,0.0,0.0,0.0,0.0,0.0
2.1,-0.020763332024216652,0.011941023170948029,-9.813435554504395,0.014604904207214282,-0.023932982928676124,-0.0004415077283927832,-0.00023858679924160242,0.00033704357338137925,-0.0005157063133083284,47.64146799988571,-122.14016500004271,122.24545288085938,0.0,0.0,0.0,0.0,0.0,0.0
2.1,-0.020763332024216652,0.011941023170948029,-9.813435554504395,0.014604904207214282,-0.023932982928676124,-0.0004415077283927832,-0.00023858679924160242,0.00033704357338137925,-0.0005157063133083284,47.64146799988571,-122.14016500004271,122.24545288085938,0.0,0.0,0.0,0.0,0.0,0.0
2.1,-0.020763332024216652,0.011941023170948029,-9.813435554504395,0.014604904207214282,-0.023932982928676124,-0.0004415077283927832,-0.00023858679924160242,0.00033704357338137925,-0.0005157063133083284,47.64146799988571,-122.14016500004271,122.24545288085938,0.0,0.0,0.0,0.0,0.0,0.0
2.1,-0.020763332024216652,0.011941023170948029,-9.813435554504395,0.014604904207214282,-0.023932982928676124,-0.0004415077283927832,-0.00023858679924160242,0.00033704357338137925,-0.0005157063133083284,47.64146799988571,-122.14016500004271,122.24545288085938,0.0,0.0,0.0,0.0,0.0,0.0
2.1,-0.020763332024216652,0.011941023170948029,-9.813435554504395,0.014604904207214282,-0.023932982928676124,-0.0004415077283927832,-0.00023858679924160242,0.00033704357338137925,-0.0005157063133083284,47.64146799988571,-122.14016500004271,122.24545288085938,0.0,0.0,0.0,0.0,0.0,0.0
2.1,-0.020763332024216652,0.011941023170948029,-9.813435554504395,0.014604904207214282,-0.023932982928676124,-0.0004415077283927832,-0.00023858679924160242,0.00033704357338137925,-0.0005157063133083284,47.64146799988571,-122.14016500004271,122.24545288085938,0.0,0.0,0.0,0.0,0.0,0.0
2.1,-0.020763332024216652,0.011941023170948029,-9.813435554504395,0.014604904207214282,-0.023932982928676124,-0.0004415077283927832,-0.00023858679924160242,0.00033704357338137925,-0.0005157063133083284,47.64146799988571,-122.14016500004271,122.24545288085938,0.0,0.0,0.0,0.0,0.0,0.0
2.1,-0.020763332024216652,0.011941023170948029,-9.813435554504395,0.014604904207214282,-0.023932982928676124,-0.0004415077283927832,-0.00023858679924160242,0.00033704357338137925,-0.0005157063133083284,47.64146799988571,-122.14016500004271,122.24545288085938,0.0,0.0,0.0,0.0,0.0,0.0
2.1,-0.020763332024216652,0.011941023170948029,-9.813435554504395,0.014604904207214282,-0.023932982928676124,-0.0004415077283927832,-0.00023858679924160242,0.00033704357338137925,-0.0005157063133083284,47.64146799988571,-122.14016500004271,122.24545288085938,0.0,0.0,0.0,0.0,0.0,0.0
2.1,-0.020763332024216652,0.011941023170948029,-9.813435554504395,0.014604904207214282,-0.023932982928676124,-0.0004415077283927832,-0.00023858679924160242,0.00033704357338137925,-0.0005157063133083284,47.64146799988571,-122.14016500004271,122.24545288085938,0.0,0.0,0.0,0.0,0.0,0.0
2.1,-0.020763332024216652,0.011941023170948029,-9.813435554504395,0.014604904207214282,-0.023932982928676124,-0.0004415077283927832,-0.00023858679924160242,0.00033704357338137925,-0.0005157063133083284,47.64146799988571,-122.14016500004271,122.24545288085938,0.0,0.0,0.0,0.0,0.0,0.0
2.1,-0.006442585960030556,-0.011811061762273312,-9.808133125305176,0.014604904207214282,-0.023932982928676124,-0.0004415077283927832,0.00011534478107932955,0.0005351355648599565,0.00042235650471411645,47.64146799988571,-122.14016500004271,122.24545288085938,0.0,0.0,0.0,0.0,0.0,0.0
2.1,-0.006442585960030556,-0.011811061762273312,-9.808133125305176,0.014604904207214282,-0.023932982928676124,-0.0004415077283927832,0.00011534478107932955,0.0005351355648599565,0.00042235650471411645,47.64146799988571,-122.14016500004271,122.24545288085938,0.0,0.0,0.0,0.0,0.0,0.0
2.1,-0.006442585960030556,-0.011811061762273312,-9.808133125305176,0.014604904207214282,-0.023932982928676124,-0.0004415077283927832,0.00011534478107932955,0.0005351355648599565,0.00042235650471411645,47.64146799988571,-122.14016500004271,122.24545288085938,0.0,0.0,0.0,0.0,0.0,0.0
2.2,-0.006442585960030556,-0.011811061762273312,-9.808133125305176,0.014604904207214282,-0.023932982928676124,-0.0004415077283927832,0.00011534478107932955,0.0005351355648599565,0.00042235650471411645,47.64146799988571,-122.14016500004271,122.24545288085938,0.0,0.0,0.0,0.0,0.0,0.0
2.2,-0.006442585960030556,-0.011811061762273312,-9.808133125305176,0.014604904207214282,-0.023932982928676124,-0.0004415077283927832,0.00011534478107932955,0.0005351355648599565,0.00042235650471411645,47.64146799988571,-122.14016500004271,122.24545288085938,0.0,0.0,0.0,0.0,0.0,0.0
2.2,-0.006442585960030556,-0.011811061762273312,-9.808133125305176,0.014604904207214282,-0.023932982928676124,-0.0004415077283927832,0.00011534478107932955,0.0005351355648599565,0.00042235650471411645,47.64146799988571,-122.14016500004271,122.24545288085938,0.0,0.0,0.0,0.0,0.0,0.0
2.2,-0.006442585960030556,-0.011811061762273312,-9.808133125305176,0.014604904207214282,-0.023932982928676124,-0.0004415077283927832,0.00011534478107932955,0.0005351355648599565,0.00042235650471411645,47.64146799988571,-122.14016500004271,122.24545288085938,0.0,0.0,0.0,0.0,0.0,0.0
2.2,-0.006442585960030556,-0.011811061762273312,-9.808133125305176,0.014604904207214282,-0.023932982928676124,-0.0004415077283927832,0.00011534478107932955,0.0005351355648599565,0.00042235650471411645,47.64146799988571,-122.14016500004271,122.24545288085938,0.0,0.0,0.0,0.0,0.0,0.0
2.2,-0.006442585960030556,-0.011811061762273312,-9.808133125305176,0.014604904207214282,-0.023932982928676124,-0.0004415077283927832,0.00011534478107932955,0.0005351355648599565,0.00042235650471411645,47.64146799988571,-122.14016500004271,122.24545288085938,0.0,0.0,0.0,0.0,0.0,0.0
2.2,-0.006442585960030556,-0.011811061762273312,-9.808133125305176,0.014604904207214282,-0.023932982928676124,-0.0004415077283927832,0.00011534478107932955,0.0005351355648599565,0.00042235650471411645,47.64146799988571,-122.14016500004271,122.24545288085938,0.0,0.0,0.0,0.0,0.0,0.0
2.2,-0.006442585960030556,-0.011811061762273312,-9.808133125305176,0.014604904207214282,-0.023932982928676124,-0.0004415077283927832,0.00011534478107932955,0.0005351355648599565,0.00042235650471411645,47.64146799988571,-122.14016500004271,122.24545288085938,0.0,0.0,0.0,0.0,0.0,0.0
2.2,-0.006442585960030556,-0.011811061762273312,-9.808133125305176,0.014604904207214282,-0.023932982928676124,-0.0004415077283927832,0.00011534478107932955,0.0005351355648599565,0.00042235650471411645,47.64146799988571,-122.14016500004271,122.24545288085938,0.0,0.0,0.0,0.0,0.0,0.0
2.2,-0.006442585960030556,-0.011811061762273312,-9.808133125305176,0.014604904207214282,-0.023932982928676124,-0.0004415077283927832,0.00011534478107932955,0.0005351355648599565,0.00042235650471411645,47.64146799988571,-122.14016500004271,122.24545288085938,0.0,0.0,0.0,0.0,0.0,0.0
2.2,-0.0019111251458525658,-0.0053261155262589455,-9.811918258666992,0.014604904207214282,-0.023932982928676124,-0.0004415077283927832,0.0002989898493979126,4.488976264838129e-05,0.0001683854206930846,47.64146799988571,-122.14016500004271,122.24545288085938,0.0,0.0,0.0,0.0,0.0,0.0
2.2,-0.0019111251458525658,-0.0053261155262589455,-9.811918258666992,0.014604904207214282,-0.023932982928676124,-0.0004415077283927832,0.0002989898493979126,4.488976264838129e-05,0.0001683854206930846,47.64146799988571,-122.14016500004271,122.24545288085938,0.0,0.0,0.0,0.0,0.0,0.0
2.2,-0.0019111251458525658,-0.0053261155262589455,-9.811918258666992,0.014604904207214282,-0.023932982928676124,-0.0004415077283927832,0.0002989898493979126,4.488976264838129e-05,0.0001683854206930846,47.64146799988571,-122.14016500004271,122.24545288085938,0.0,0.0,0.0,0.0,0.0,0.0
2.2,-0.0019111251458525658,-0.0053261155262589455,-9.811918258666992,0.014604904207214282,-0.023932982928676124,-0.0004415077283927832,0.0002989898493979126,4.488976264838129e-05,0.0001683854206930846,47.64146799988571,-122.14016500004271,122.24545288085938,0.0,0.0,0.0,0.0,0.0,0.0
2.2,-0.0019111251458525658,-0.0053261155262589455,-9.811918258666992,0.014604904207214282,-0.023932982928676124,-0.0004415077283927832,0.0002989898493979126,4.488976264838129e-05,0.0001683854206930846,47.64146799988571,-122.14016500004271,122.24545288085938,0.0,0.0,0.0,0.0,0.0,0.0
2.2,-0.0019111251458525658,-0.0053261155262589455,-9.811918258666992,0.014604904207214282,-0.023932982928676124,-0.0004415077283927832,0.0002989898493979126,4.488976264838129e-05,0.0001683854206930846,47.64146799988571,-122.14016500004271,122.24545288085938,0.0,0.0,0.0,0.0,0.0,0.0
2.3,-0.0019111251458525658,-0.0053261155262589455,-9.811918258666992,0.014604904207214282,-0.023932982928676124,-0.0004415077283927832,0.0002989898493979126,4.488976264838129e-05,0.0001683854206930846,47.64146799988571,-122.14016500004271,122.24545288085938,0.0,0.0,0.0,0.0,0.0,0.0
2.3,-0.0019111251458525658,-0.0053261155262589455,-9.811918258666992,0.014604904207214282,-0.023932982928676124,-0.0004415077283927832,0.0002989898493979126,4.488976264838129e-05,0.0001683854206930846,47.64146799988571,-122.14016500004271,122.24545288085938,0.0,0.0,0.0,0.0,0.0,0.0
2.3,-0.0019111251458525658,-0.0053261155262589455,-9.811918258666992,0.014604904207214282,-0.023932982928676124,-0.0004415077283927832,0.0002989898493979126,4.488976264838129e-05,0.0001683854206930846,47.64146799988571,-122.14016500004271,122.24545288085938,0.0,0.0,0.0,0.0,0.0,0.0
2.3,-0.0019111251458525658,-0.0053261155262589455,-9.811918258666992,0.014604904207214282,-0.023932982928676124,-0.0004415077283927832,0.0002989898493979126,4.488976264838129e-05,0.0001683854206930846,47.64146799988571,-122.14016500004271,122.24545288085938,0.0,0.0,0.0,0.0,0.0,0.0
2.3,-0.0019111251458525658,-0.0053261155262589455,-9.811918258666992,0.014604904207214282,-0.023932982928676124,-0.0004415077283927832,0.0002989898493979126,4.488976264838129e-05,0.0001683854206930846,47.64146799988571,-122.14016500004271,122.24545288085938,0.0,0.0,0.0,0.0,0.0,0.0
2.3,-0.0019111251458525658,-0.0053261155262589455,-9.811918258666992,0.014604904207214282,-0.023932982928676124,-0.0004415077283927832,0.0002989898493979126,4.488976264838129e-05,0.0001683854206930846,47.64146799988571,-122.14016500004271,122.24545288085938,0.0,0.0,0.0,0.0,0.0,0.0
2.3,-0.02746841311454773,-0.007293652277439833,-9.810506820678711,0.014604904207214282,-0.023932982928676124,-0.0004415077283927832,-5.101820715935901e-05,0.0001366799115203321,-0.00017454364569857717,47.64146799988571,-122.14016500004271,122.24545288085938,0.0,0.0,0.0,0.0,0.0,0.0
2.3,-0.02746841311454773,-0.007293652277439833,-9.810506820678711,0.014604904207214282,-0.023932982928676124,-0.0004415077283927832,-5.101820715935901e-05,0.0001366799115203321,-0.00017454364569857717,47.64146799988571,-122.14016500004271,122.24545288085938,0.0,0.0,0.0,0.0,0.0,0.0
2.3,-0.02746841311454773,-0.007293652277439833,-9.810506820678711,0.014604904207214282,-0.023932982928676124,-0.0004415077283927832,-5.101820715935901e-05,0.0001366799115203321,-0.00017454364569857717,47.64146799988571,-122.14016500004271,122.24545288085938,0.0,0.0,0.0,0.0,0.0,0.0
2.3,-0.02746841311454773,-0.007293652277439833,-9.810506820678711,0.014604904207214282,-0.023932982928676124,-0.0004415077283927832,-5.101820715935901e-05,0.0001366799115203321,-0.00017454364569857717,47.64146799988571,-122.14016500004271,122.24545288085938,0.0,0.0,0.0,0.0,0.0,0.0
2.3,-0.02746841311454773,-0.007293652277439833,-9.810506820678711,0.014604904207214282,-0.023932982928676124,-0.0004415077283927832,-5.101820715935901e-05,0.0001366799115203321,-0.00017454364569857717,47.64146799988571,-122.14016500004271,122.24545288085938,0.0,0.0,0.0,0.0,0.0,0.0
2.3,-0.02746841311454773,-0.007293652277439833,-9.810506820678711,0.014604904207214282,-0.023932982928676124,-0.0004415077283927832,-5.101820715935901e-05,0.0001366799115203321,-0.00017454364569857717,47.64146799988571,-122.14016500004271,122.24545288085938,0.0,0.0,0.0,0.0,0.0,0.0
2.3,-0.02746841311454773,-0.007293652277439833,-9.810506820678711,0.014604904207214282,-0.023932982928676124,-0.0004415077283927832,-5.101820715935901e-05,0.0001366799115203321,-0.00017454364569857717,47.64146799988571,-122.14016500004271,122.24545288085938,0.0,0.0,0.0,0.0,0.0,0.0
2.3,-0.012234501540660858,-0.00370448874309659,-9.80606460571289,0.014604904207214282,-0.023932982928676124,-0.0004415077283927832,-8.361981599591672e-05,0.0005244833882898092,0.00026939899544231594,47.64146799988571,-122.14016500004271,122.24545288085938,0.0,0.0,0.0,0.0,0.0,0.0
2.3,-0.012234501540660858,-0.00370448874309659,-9.80606460571289,0.014604904207214282,-0.023932982928676124,-0.0004415077283927832,-8.361981599591672e-05,0.0005244833882898092,0.00026939899544231594,47.64146799988571,-122.14016500004271,122.24545288085938,0.0,0.0,0.0,0.0,0.0,0.0
2.3,-0.012234501540660858,-0.00370448874309659,-9.80606460571289,0.014604904207214282,-0.023932982928676124,-0.0004415077283927832,-8.361981599591672e-05,0.0005244833882898092,0.00026939899544231594,47.64146799988571,-122.14016500004271,122.24545288085938,0.0,0.0,0.0,0.0,0.0,0.0
2.3,-0.012234501540660858,-0.00370448874309659,-9.80606460571289,0.014604904207214282,-0.023932982928676124,-0.0004415077283927832,-8.361981599591672e-05,0.0005244833882898092,0.00026939899544231594,47.64146799988571,-122.14016500004271,122.24545288085938,0.0,0.0,0.0,0.0,0.0,0.0
2.3,-0.012234501540660858,-0.00370448874309659,-9.80606460571289,0.014604904207214282,-0.023932982928676124,-0.0004415077283927832,-8.361981599591672e-05,0.0005244833882898092,0.00026939899544231594,47.64146799988571,-122.14016500004271,122.24545288085938,0.0,0.0,0.0,0.0,0.0,0.0
2.4,-0.012234501540660858,-0.00370448874309659,-9.80606460571289,0.014604904207214282,-0.023932982928676124,-0.0004415077283927832,-8.361981599591672e-05,0.0005244833882898092,0.00026939899544231594,47.64146799988571,-122.14016500004271,122.24545288085938,0.0,0.0,0.0,0.0,0.0,0.0
2.4,-0.012234501540660858,-0.00370448874309659,-9.80606460571289,0.014604904207214282,-0.023932982928676124,-0.0004415077283927832,-8.361981599591672e-05,0.0005244833882898092,0.00026939899544231594,47.64146799988571,-122.14016500004271,122.24545288085938,0.0,0.0,0.0,0.0,0.0,0.0
2.4,-0.012234501540660858,-0.00370448874309659,-9.80606460571289,0.014604904207214282,-0.023932982928676124,-0.0004415077283927832,-8.361981599591672e-05,0.0005244833882898092,0.00026939899544231594,47.64146799988571,-122.14016500004271,122.24545288085938,0.0,0.0,0.0,0.0,0.0,0.0
2.4,-0.012234501540660858,-0.00370448874309659,-9.80606460571289,0.014604904207214282,-0.023932982928676124,-0.0004415077283927832,-8.361981599591672e-05,0.0005244833882898092,0.00026939899544231594,47.64146799988571,-122.14016500004271,122.24545288085938,0.0,0.0,0.0,0.0,0.0,0.0
2.4,-0.005226140841841698,-0.0055772061459720135,-9.796975135803223,0.014604904207214282,-0.023932982928676124,-0.0004415077283927832,0.0011472847545519471,-0.0005313623696565628,-0.0003866254410240799,47.64146799988571,-122.14016500004271,122.24545288085938,0.0,0.0,0.0,0.0,0.0,0.0
2.4,-0.005226140841841698,-0.0055772061459720135,-9.796975135803223,0.014604904207214282,-0.023932982928676124,-0.0004415077283927832,0.0011472847545519471,-0.0005313623696565628,-0.0003866254410240799,47.64146799988571,-122.14016500004271,122.24545288085938,0.0,0.0,0.0,0.0,0.0,0.0
2.4,-0.005226140841841698,-0.0055772061459720135,-9.796975135803223,0.014604904207214282,-0.023932982928676124,-0.0004415077283927832,0.0011472847545519471,-0.0005313623696565628,-0.0003866254410240799,47.64146799988571,-122.14016500004271,122.24545288085938,0.0,0.0,0.0,0.0,0.0,0.0
2.4,-0.005226140841841698,-0.0055772061459720135,-9.796975135803223,0.014604904207214282,-0.023932982928676124,-0.0004415077283927832,0.0011472847545519471,-0.0005313623696565628,-0.0003866254410240799,47.64146799988571,-122.14016500004271,122.24545288085938,0.0,0.0,0.0,0.0,0.0,0.0
2.4,-0.005226140841841698,-0.0055772061459720135,-9.796975135803223,0.014604904207214282,-0.023932982928676124,-0.0004415077283927832,0.0011472847545519471,-0.0005313623696565628,-0.0003866254410240799,47.64146799988571,-122.14016500004271,122.24545288085938,0.0,0.0,0.0,0.0,0.0,0.0
2.4,-0.005226140841841698,-0.0055772061459720135,-9.796975135803223,0.014604904207214282,-0.023932982928676124,-0.0004415077283927832,0.0011472847545519471,-0.0005313623696565628,-0.0003866254410240799,47.64146799988571,-122.14016500004271,122.24545288085938,0.0,0.0,0.0,0.0,0.0,0.0
2.4,-0.005226140841841698,-0.0055772061459720135,-9.796975135803223,0.014604904207214282,-0.023932982928676124,-0.0004415077283927832,0.0011472847545519471,-0.0005313623696565628,-0.0003866254410240799,47.64146799988571,-122.14016500004271,122.24545288085938,0.0,0.0,0.0,0.0,0.0,0.0
2.4,-0.005226140841841698,-0.0055772061459720135,-9.796975135803223,0.014604904207214282,-0.023932982928676124,-0.0004415077283927832,0.0011472847545519471,-0.0005313623696565628,-0.0003866254410240799,47.64146799988571,-122.14016500004271,122.24545288085938,0.0,0.0,0.0,0.0,0.0,0.0
2.4,-0.005226140841841698,-0.0055772061459720135,-9.796975135803223,0.014604904207214282,-0.023932982928676124,-0.0004415077283927832,0.0011472847545519471,-0.0005313623696565628,-0.0003866254410240799,47.64146799988571,-122.14016500004271,122.24545288085938,0.0,0.0,0.0,0.0,0.0,0.0
2.4,-0.005226140841841698,-0.0055772061459720135,-9.796975135803223,0.014604904207214282,-0.023932982928676124,-0.0004415077283927832,0.0011472847545519471,-0.0005313623696565628,-0.0003866254410240799,47.64146799988571,-122.14016500004271,122.24545288085938,0.0,0.0,0.0,0.0,0.0,0.0
2.4,-0.005226140841841698,-0.0055772061459720135,-9.796975135803223,0.014604904207214282,-0.023932982928676124,-0.0004415077283927832,0.0011472847545519471,-0.0005313623696565628,-0.0003866254410240799,47.64146799988571,-122.14016500004271,122.24545288085938,0.0,0.0,0.0,0.0,0.0,0.0
2.4,-0.011857147328555584,0.009666882455348969,-9.799773216247559,0.014604904207214282,-0.023932982928676124,-0.0004415077283927832,0.0004282463632989675,0.00048182791215367615,-0.00017896213103085756,47.64146799988571,-122.14016500004271,122.24545288085938,0.0,0.0,0.0,0.0,0.0,0.0
2.4,-0.011857147328555584,0.009666882455348969,-9.799773216247559,0.014604904207214282,-0.023932982928676124,-0.0004415077283927832,0.0004282463632989675,0.00048182791215367615,-0.00017896213103085756,47.64146799988571,-122.14016500004271,122.24545288085938,0.0,0.0,0.0,0.0,0.0,0.0
2.4,-0.011857147328555584,0.009666882455348969,-9.799773216247559,0.014604904207214282,-0.023932982928676124,-0.0004415077283927832,0.0004282463632989675,0.00048182791215367615,-0.00017896213103085756,47.64146799988571,-122.14016500004271,122.24545288085938,0.0,0.0,0.0,0.0,0.0,0.0
2.5,-0.011857147328555584,0.009666882455348969,-9.799773216247559,0.014604904207214282,-0.023932982928676124,-0.0004415077283927832,0.0004282463632989675,0.00048182791215367615,-0.00017896213103085756,47.64146799988571,-122.14016500004271,122.24545288085938,0.0,0.0,0.0,0.0,0.0,0.0
2.5,-0.011857147328555584,0.009666882455348969,-9.799773216247559,0.014604904207214282,-0.023932982928676124,-0.0004415077283927832,0.0004282463632989675,0.00048182791215367615,-0.00017896213103085756,47.64146799988571,-122.14016500004271,122.24545288085938,0.0,0.0,0.0,0.0,0.0,0.0
2.5,-0.011857147328555584,0.009666882455348969,-9.799773216247559,0.014604904207214282,-0.023932982928676124,-0.0004415077283927832,0.0004282463632989675,0.00048182791215367615,-0.00017896213103085756,47.64146799988571,-122.14016500004271,122.24545288085938,0.0,0.0,0.0,0.0,0.0,0.0
2.5,-0.011857147328555584,0.009666882455348969,-9.799773216247559,0.014604904207214282,-0.023932982928676124,-0.0004415077283927832,0.0004282463632989675,0.00048182791215367615,-0.00017896213103085756,47.64146799988571,-122.14016500004271,122.24545288085938,0.0,0.0,0.0,0.0,0.0,0.0
2.5,-0.011857147328555584,0.009666882455348969,-9.799773216247559,0.014604904207214282,-0.023932982928676124,-0.0004415077283927832,0.0004282463632989675,0.00048182791215367615,-0.00017896213103085756,47.64146799988571,-122.14016500004271,122.24545288085938,0.0,0.0,0.0,0.0,0.0,0.0
2.5,0.010535369627177715,-0.0056964317336678505,-9.814371109008789,0.014604904207214282,-0.023932982928676124,-0.0004415077283927832,0.0002259270113427192,-0.00012975424760952592,-2.4124692572513595e-05,47.64146799988571,-122.14016500004271,122.24545288085938,0.0,0.0,0.0,0.0,0.0,0.0
2.5,0.010535369627177715,-0.0056964317336678505,-9.814371109008789,0.014604904207214282,-0.023932982928676124,-0.0004415077283927832,0.0002259270113427192,-0.00012975424760952592,-2.4124692572513595e-05,47.64146799988571,-122.14016500004271,122.24545288085938,0.0,0.0,0.0,0.0,0.0,0.0
2.5,0.010535369627177715,-0.0056964317336678505,-9.814371109008789,0.014604904207214282,-0.023932982928676124,-0.0004415077283927832,0.0002259270113427192,-0.00012975424760952592,-2.4124692572513595e-05,47.64146799988571,-122.14016500004271,122.24545288085938,0.0,0.0,0.0,0.0,0.0,0.0
2.5,0.010535369627177715,-0.0056964317336678505,-9.814371109008789,0.014604904207214282,-0.023932982928676124,-0.0004415077283927832,0.0002259270113427192,-0.00012975424760952592,-2.4124692572513595e-05,47.64146799988571,-122.14016500004271,122.24545288085938,0.0,0.0,0.0,0.0,0.0,0.0
2.5,0.010535369627177715,-0.0056964317336678505,-9.814371109008789,0.014604904207214282,-0.023932982928676124,-0.0004415077283927832,0.0002259270113427192,-0.00012975424760952592,-2.4124692572513595e-05,47.64146799988571,-122.14016500004271,122.24545288085938,0.0,0.0,0.0,0.0,0.0,0.0
2.5,0.010535369627177715,-0.0056964317336678505,-9.814371109008789,0.014604904207214282,-0.023932982928676124,-0.0004415077283927832,0.0002259270113427192,-0.00012975424760952592,-2.4124692572513595e-05,47.64146799988571,-122.14016500004271,122.24545288085938,0.0,0.0,0.0,0.0,0.0,0.0
2.5,0.010535369627177715,-0.0056964317336678505,-9.814371109008789,0.014604904207214282,-0.023932982928676124,-0.0004415077283927832,0.0002259270113427192,-0.00012975424760952592,-2.4124692572513595e-05,47.64146799988571,-122.14016500004271,122.24545288085938,0.0,0.0,0.0,0.0,0.0,0.0
2.5,0.010535369627177715,-0.0056964317336678505,-9.814371109008789,0.014604904207214282,-0.023932982928676124,-0.0004415077283927832,0.0002259270113427192,-0.00012975424760952592,-2.4124692572513595e-05,47.64146799988571,-122.14016500004271,122.24545288085938,0.0,0.0,0.0,0.0,0.0,0.0
2.5,0.010535369627177715,-0.0056964317336678505,-9.814371109008789,0.014604904207214282,-0.023932982928676124,-0.0004415077283927832,0.0002259270113427192,-0.00012975424760952592,-2.4124692572513595e-05,47.64146799988571,-122.14016500004271,122.24545288085938,0.0,0.0,0.0,0.0,0.0,0.0
2.5,0.010535369627177715,-0.0056964317336678505,-9.814371109008789,0.014604904207214282,-0.023932982928676124,-0.0004415077283927832,0.0002259270113427192,-0.00012975424760952592,-2.4124692572513595e-05,47.64146799988571,-122.14016500004271,122.24545288085938,0.0,0.0,0.0,0.0,0.0,0.0
2.5,0.010535369627177715,-0.0056964317336678505,-9.814371109008789,0.014604904207214282,-0.023932982928676124,-0.0004415077283927832,0.0002259270113427192,-0.00012975424760952592,-2.4124692572513595e-05,47.64146799988571,-122.14016500004271,122.24545288085938,0.0,0.0,0.0,0.0,0.0,0.0
2.5,0.004771162755787373,-0.006972825154662132,-9.800339698791504,0.014604904207214282,-0.023932982928676124,-0.0004415077283927832,0.0005444646230898798,-0.0004974252660758793,0.00047798556624911726,47.64146799988571,-122.14016500004271,122.24545288085938,0.0,0.0,0.0,0.0,0.0,0.0
2.5,0.004771162755787373,-0.006972825154662132,-9.800339698791504,0.014604904207214282,-0.023932982928676124,-0.0004415077283927832,0.0005444646230898798,-0.0004974252660758793,0.00047798556624911726,47.64146799988571,-122.14016500004271,122.24545288085938,0.0,0.0,0.0,0.0,0.0,0.0
2.6,0.004771162755787373,-0.006972825154662132,-9.800339698791504,0.014604904207214282,-0.023932982928676124,-0.0004415077283927832,0.0005444646230898798,-0.0004974252660758793,0.00047798556624911726,47.64146799988571,-122.14016500004271,122.24545288085938,0.0,0.0,0.0,0.0,0.0,0.0
2.6,0.004771162755787373,-0.006972825154662132,-9.800339698791504,0.014604904207214282,-0.023932982928676124,-0.0004415077283927832,0.0005444646230898798,-0.0004974252660758793,0.00047798556624911726,47.64146799988571,-122.14016500004271,122.24545288085938,0.0,0.0,0.0,0.0,0.0,0.0
2.6,0.004771162755787373,-0.006972825154662132,-9.800339698791504,0.014604904207214282,-0.023932982928676124,-0.0004415077283927832,0.0005444646230898798,-0.0004974252660758793,0.00047798556624911726,47.64146799988571,-122.14016500004271,122.24545288085938,0.0,0.0,0.0,0.0,0.0,0.0
2.6,0.004771162755787373,-0.006972825154662132,-9.800339698791504,0.014604904207214282,-0.023932982928676124,-0.0004415077283927832,0.0005444646230898798,-0.0004974252660758793,0.00047798556624911726,47.64146799988571,-122.14016500004271,122.24545288085938,0.0,0.0,0.0,0.0,0.0,0.0
2.6,0.004771162755787373,-0.006972825154662132,-9.800339698791504,0.014604904207214282,-0.023932982928676124,-0.0004415077283927832,0.0005444646230898798,-0.0004974252660758793,0.00047798556624911726,47.64146799988571,-122.14016500004271,122.24545288085938,0.0,0.0,0.0,0.0,0.0,0.0
2.6,0.004771162755787373,-0.006972825154662132,-9.800339698791504,0.014604904207214282,-0.023932982928676124,-0.0004415077283927832,0.0005444646230898798,-0.0004974252660758793,0.00047798556624911726,47.64146799988571,-122.14016500004271,122.24545288085938,0.0,0.0,0.0,0.0,0.0,0.0
2.6,-0.002914250362664461,0.003811633214354515,-9.798812866210938,0.014604904207214282,-0.023932982928676124,-0.0004415077283927832,-0.0003378122637514025,0.0005808727582916617,0.0009750203462317586,47.64146799988571,-122.14016500004271,122.24545288085938,0.0,0.0,0.0,0.0,0.0,0.0
2.6,-0.002914250362664461,0.003811633214354515,-9.798812866210938,0.014604904207214282,-0.023932982928676124,-0.0004415077283927832,-0.0003378122637514025,0.0005808727582916617,0.0009750203462317586,47.64146799988571,-122.14016500004271,122.24545288085938,0.0,0.0,0.0,0.0,0.0,0.0
2.6,-0.002914250362664461,0.003811633214354515,-9.798812866210938,0.014604904207214282,-0.023932982928676124,-0.0004415077283927832,-0.0003378122637514025,0.0005808727582916617,0.0009750203462317586,47.64146799988571,-122.14016500004271,122.24545288085938,0.0,0.0,0.0,0.0,0.0,0.0
2.6,-0.002914250362664461,0.003811633214354515,-9.798812866210938,0.014604904207214282,-0.023932982928676124,-0.0004415077283927832,-0.0003378122637514025,0.0005808727582916617,0.0009750203462317586,47.64146799988571,-122.14016500004271,122.24545288085938,0.0,0.0,0.0,0.0,0.0,0.0
2.6,-0.002914250362664461,0.003811633214354515,-9.798812866210938,0.014604904207214282,-0.023932982928676124,-0.0004415077283927832,-0.0003378122637514025,0.0005808727582916617,0.0009750203462317586,47.64146799988571,-122.14016500004271,122.24545288085938,0.0,0.0,0.0,0.0,0.0,0.0
2.6,-0.002914250362664461,0.003811633214354515,-9.798812866210938,0.014604904207214282,-0.023932982928676124,-0.0004415077283927832,-0.0003378122637514025,0.0005808727582916617,0.0009750203462317586,47.64146799988571,-122.14016500004271,122.24545288085938,0.0,0.0,0.0,0.0,0.0,0.0
2.6,-0.002914250362664461,0.003811633214354515,-9.798812866210938,0.014604904207214282,-0.023932982928676124,-0.0004415077283927832,-0.0003378122637514025,0.0005808727582916617,0.0009750203462317586,47.64146799988571,-122.14016500004271,122.24545288085938,0.0,0.0,0.0,0.0,0.0,0.0
2.6,-0.002914250362664461,0.003811633214354515,-9.798812866210938,0.014604904207214282,-0.023932982928676124,-0.0004415077283927832,-0.0003378122637514025,0.0005808727582916617,0.0009750203462317586,47.64146799988571,-122.14016500004271,122.24545288085938,0.0,0.0,0.0,0.0,0.0,0.0
2.6,-0.002914250362664461,0.003811633214354515,-9.798812866210938,0.014604904207214282,-0.023932982928676124,-0.0004415077283927832,-0.0003378122637514025,0.0005808727582916617,0.0009750203462317586,47.64146799988571,-122.14016500004271,122.24545288085938,0.0,0.0,0.0,0.0,0.0,0.0
2.6,-0.002914250362664461,0.003811633214354515,-9.798812866210938,0.014604904207214282,-0.023932982928676124,-0.0004415077283927832,-0.0003378122637514025,0.0005808727582916617,0.0009750203462317586,47.64146799988571,-122.14016500004271,122.24545288085938,0.0,0.0,0.0,0.0,0.0,0.0
2.6,-0.002914250362664461,0.003811633214354515,-9.798812866210938,0.014604904207214282,-0.023932982928676124,-0.0004415077283927832,-0.0003378122637514025,0.0005808727582916617,0.0009750203462317586,47.64146799988571,-122.14016500004271,122.24545288085938,0.0,0.0,0.0,0.0,0.0,0.0
2.6,-0.002914250362664461,0.003811633214354515,-9.798812866210938,0.014604904207214282,-0.023932982928676124,-0.0004415077283927832,-0.0003378122637514025,0.0005808727582916617,0.0009750203462317586,47.64146799988571,-122.14016500004271,122.24545288085938,0.0,0.0,0.0,0.0,0.0,0.0
2.7,-0.02723616547882557,-0.018741611391305923,-9.820942878723145,0.014604904207214282,-0.023932982928676124,-0.0004415077283927832,0.00027851448976434767,0.0003347404417581856,0.00016431174299214035,47.64146799988571,-122.14016500004271,122.24545288085938,0.0,0.0,0.0,0.0,0.0,0.0
2.7,-0.02723616547882557,-0.018741611391305923,-9.820942878723145,0.014604904207214282,-0.023932982928676124,-0.0004415077283927832,0.00027851448976434767,0.0003347404417581856,0.00016431174299214035,47.64146799988571,-122.14016500004271,122.24545288085938,0.0,0.0,0.0,0.0,0.0,0.0
2.7,-0.02723616547882557,-0.018741611391305923,-9.820942878723145,0.014604904207214282,-0.023932982928676124,-0.0004415077283927832,0.00027851448976434767,0.0003347404417581856,0.00016431174299214035,47.64146799988571,-122.14016500004271,122.24545288085938,0.0,0.0,0.0,0.0,0.0,0.0
2.7,-0.02723616547882557,-0.018741611391305923,-9.820942878723145,0.014604904207214282,-0.023932982928676124,-0.0004415077283927832,0.00027851448976434767,0.0003347404417581856,0.00016431174299214035,47.64146799988571,-122.14016500004271,122.24545288085938,0.0,0.0,0.0,0.0,0.0,0.0
2.7,-0.02723616547882557,-0.018741611391305923,-9.820942878723145,0.014604904207214282,-0.023932982928676124,-0.0004415077283927832,0.00027851448976434767,0.0003347404417581856,0.00016431174299214035,47.64146799988571,-122.14016500004271,122.24545288085938,0.0,0.0,0.0,0.0,0.0,0.0
2.7,-0.02723616547882557,-0.018741611391305923,-9.820942878723145,0.014604904207214282,-0.023932982928676124,-0.0004415077283927832,0.00027851448976434767,0.0003347404417581856,0.00016431174299214035,47.64146799988571,-122.14016500004271,122.24545288085938,0.0,0.0,0.0,0.0,0.0,0.0
2.7,-0.019184408709406853,-0.0031466903164982796,-9.80347728729248,0.014604904207214282,-0.023932982928676124,-0.0004415077283927832,-0.00041445839451625943,0.00024964447948150337,0.0008988174377009273,47.64146799988571,-122.14016500004271,122.24545288085938,0.0,0.0,0.0,0.0,0.0,0.0
2.7,-0.019184408709406853,-0.0031466903164982796,-9.80347728729248,0.014604904207214282,-0.023932982928676124,-0.0004415077283927832,-0.00041445839451625943,0.00024964447948150337,0.0008988174377009273,47.64146799988571,-122.14016500004271,122.24545288085938,0.0,0.0,0.0,0.0,0.0,0.0
2.7,-0.019184408709406853,-0.0031466903164982796,-9.80347728729248,0.014604904207214282,-0.023932982928676124,-0.0004415077283927832,-0.00041445839451625943,0.00024964447948150337,0.0008988174377009273,47.64146799988571,-122.14016500004271,122.24545288085938,0.0,0.0,0.0,0.0,0.0,0.0
2.7,-0.019184408709406853,-0.0031466903164982796,-9.80347728729248,0.014604904207214282,-0.023932982928676124,-0.0004415077283927832,-0.00041445839451625943,0.00024964447948150337,0.0008988174377009273,47.64146799988571,-122.14016500004271,122.24545288085938,0.0,0.0,0.0,0.0,0.0,0.0
2.7,-0.019184408709406853,-0.0031466903164982796,-9.80347728729248,0.014604904207214282,-0.023932982928676124,-0.0004415077283927832,-0.00041445839451625943,0.00024964447948150337,0.0008988174377009273,47.64146799988571,-122.14016500004271,122.24545288085938,0.0,0.0,0.0,0.0,0.0,0.0
2.7,-0.019184408709406853,-0.0031466903164982796,-9.80347728729248,0.014604904207214282,-0.023932982928676124,-0.0004415077283927832,-0.00041445839451625943,0.00024964447948150337,0.0008988174377009273,47.64146799988571,-122.14016500004271,122.24545288085938,0.0,0.0,0.0,0.0,0.0,0.0
2.7,-0.019184408709406853,-0.0031466903164982796,-9.80347728729248,0.014604904207214282,-0.023932982928676124,-0.0004415077283927832,-0.00041445839451625943,0.00024964447948150337,0.0008988174377009273,47.64146799988571,-122.14016500004271,122.24545288085938,0.0,0.0,0.0,0.0,0.0,0.0
2.7,-0.019184408709406853,-0.0031466903164982796,-9.80347728729248,0.014604904207214282,-0.023932982928676124,-0.0004415077283927832,-0.00041445839451625943,0.00024964447948150337,0.0008988174377009273,47.64146799988571,-122.14016500004271,122.24545288085938,0.0,0.0,0.0,0.0,0.0,0.0
2.7,-0.019184408709406853,-0.0031466903164982796,-9.80347728729248,0.014604904207214282,-0.023932982928676124,-0.0004415077283927832,-0.00041445839451625943,0.00024964447948150337,0.0008988174377009273,47.64146799988571,-122.14016500004271,122.24545288085938,0.0,0.0,0.0,0.0,0.0,0.0
2.7,-0.019184408709406853,-0.0031466903164982796,-9.80347728729248,0.014604904207214282,-0.023932982928676124,-0.0004415077283927832,-0.00041445839451625943,0.00024964447948150337,0.0008988174377009273,47.64146799988571,-122.14016500004271,122.24545288085938,0.0,0.0,0.0,0.0,0.0,0.0
2.7,-0.019184408709406853,-0.0031466903164982796,-9.80347728729248,0.014604904207214282,-0.023932982928676124,-0.0004415077283927832,-0.00041445839451625943,0.00024964447948150337,0.0008988174377009273,47.64146799988571,-122.14016500004271,122.24545288085938,0.0,0.0,0.0,0.0,0.0,0.0
2.7,-0.019184408709406853,-0.0031466903164982796,-9.80347728729248,0.014604904207214282,-0.023932982928676124,-0.0004415077283927832,-0.00041445839451625943,0.00024964447948150337,0.0008988174377009273,47.64146799988571,-122.14016500004271,122.24545288085938,0.0,0.0,0.0,0.0,0.0,0.0
2.8,-0.008644260466098785,-0.0082594845443964,-9.814855575561523,0.014604904207214282,-0.023932982928676124,-0.0004415077283927832,0.00012752748443745077,0.0004272153601050377,3.876771734212525e-05,47.64146799988571,-122.14016500004271,122.24545288085938,0.0,0.0,0.0,0.0,0.0,0.0
2.8,-0.008644260466098785,-0.0082594845443964,-9.814855575561523,0.014604904207214282,-0.023932982928676124,-0.0004415077283927832,0.00012752748443745077,0.0004272153601050377,3.876771734212525e-05,47.64146799988571,-122.14016500004271,122.24545288085938,0.0,0.0,0.0,0.0,0.0,0.0
2.8,-0.008644260466098785,-0.0082594845443964,-9.814855575561523,0.014604904207214282,-0.023932982928676124,-0.0004415077283927832,0.00012752748443745077,0.0004272153601050377,3.876771734212525e-05,47.64146799988571,-122.14016500004271,122.24545288085938,0.0,0.0,0.0,0.0,0.0,0.0
2.8,-0.008644260466098785,-0.0082594845443964,-9.814855575561523,0.014604904207214282,-0.023932982928676124,-0.0004415077283927832,0.00012752748443745077,0.0004272153601050377,3.876771734212525e-05,47.64146799988571,-122.14016500004271,122.24545288085938,0.0,0.0,0.0,0.0,0.0,0.0
2.8,-0.008644260466098785,-0.0082594845443964,-9.814855575561523,0.014604904207214282,-0.023932982928676124,-0.0004415077283927832,0.00012752748443745077,0.0004272153601050377,3.876771734212525e-05,47.64146799988571,-122.14016500004271,122.24545288085938,0.0,0.0,0.0,0.0,0.0,0.0
2.8,-0.008644260466098785,-0.0082594845443964,-9.814855575561523,0.014604904207214282,-0.023932982928676124,-0.0004415077283927832,0.00012752748443745077,0.0004272153601050377,3.876771734212525e-05,47.64146799988571,-122.14016500004271,122.24545288085938,0.0,0.0,0.0,0.0,0.0,0.0
2.8,-0.008644260466098785,-0.0082594845443964,-9.814855575561523,0.014604904207214282,-0.023932982928676124,-0.0004415077283927832,0.00012752748443745077,0.0004272153601050377,3.876771734212525e-05,47.64146799988571,-122.14016500004271,122.24545288085938,0.0,0.0,0.0,0.0,0.0,0.0
2.8,-0.008644260466098785,-0.0082594845443964,-9.814855575561523,0.014604904207214282,-0.023932982928676124,-0.0004415077283927832,0.00012752748443745077,0.0004272153601050377,3.876771734212525e-05,47.64146799988571,-122.14016500004271,122.24545288085938,0.0,0.0,0.0,0.0,0.0,0.0
2.8,-0.002141085220500827,-0.012010333128273487,-9.801822662353516,0.014604904207214282,-0.023932982928676124,-0.0004415077283927832,0.00020490861788857728,-0.0002869488962460309,0.0003588619001675397,47.64146799988571,-122.14016500004271,122.24545288085938,0.0,0.0,0.0,0.0,0.0,0.0
2.8,-0.002141085220500827,-0.012010333128273487,-9.801822662353516,0.014604904207214282,-0.023932982928676124,-0.0004415077283927832,0.00020490861788857728,-0.0002869488962460309,0.0003588619001675397,47.64146799988571,-122.14016500004271,122.24545288085938,0.0,0.0,0.0,0.0,0.0,0.0
2.8,-0.002141085220500827,-0.012010333128273487,-9.801822662353516,0.014604904207214282,-0.023932982928676124,-0.0004415077283927832,0.00020490861788857728,-0.0002869488962460309,0.0003588619001675397,47.64146799988571,-122.14016500004271,122.24545288085938,0.0,0.0,0.0,0.0,0.0,0.0
2.8,-0.002141085220500827,-0.012010333128273487,-9.801822662353516,0.014604904207214282,-0.023932982928676124,-0.0004415077283927832,0.00020490861788857728,-0.0002869488962460309,0.0003588619001675397,47.64146799988571,-122.14016500004271,122.24545288085938,0.0,0.0,0.0,0.0,0.0,0.0
2.8,-0.002141085220500827,-0.012010333128273487,-9.801822662353516,0.014604904207214282,-0.023932982928676124,-0.0004415077283927832,0.00020490861788857728,-0.0002869488962460309,0.0003588619001675397,47.64146799988571,-122.14016500004271,122.24545288085938,0.0,0.0,0.0,0.0,0.0,0.0
2.8,-0.002141085220500827,-0.012010333128273487,-9.801822662353516,0.014604904207214282,-0.023932982928676124,-0.0004415077283927832,0.00020490861788857728,-0.0002869488962460309,0.0003588619001675397,47.64146799988571,-122.14016500004271,122.24545288085938,0.0,0.0,0.0,0.0,0.0,0.0
2.8,-0.002141085220500827,-0.012010333128273487,-9.801822662353516,0.014604904207214282,-0.023932982928676124,-0.0004415077283927832,0.00020490861788857728,-0.0002869488962460309,0.0003588619001675397,47.64146799988571,-122.14016500004271,122.24545288085938,0.0,0.0,0.0,0.0,0.0,0.0
2.8,-0.008995488286018372,-0.026426341384649277,-9.808788299560547,0.014604904207214282,-0.023932982928676124,-0.0004415077283927832,0.0011069562751799822,0.000655371870379895,0.00039209172246046364,47.64146799988571,-122.14016500004271,122.24545288085938,0.0,0.0,0.0,0.0,0.0,0.0
2.8,-0.008995488286018372,-0.026426341384649277,-9.808788299560547,0.014604904207214282,-0.023932982928676124,-0.0004415077283927832,0.0011069562751799822,0.000655371870379895,0.00039209172246046364,47.64146799988571,-122.14016500004271,122.24545288085938,0.0,0.0,0.0,0.0,0.0,0.0
2.8,-0.008995488286018372,-0.026426341384649277,-9.808788299560547,0.014604904207214282,-0.023932982928676124,-0.0004415077283927832,0.0011069562751799822,0.000655371870379895,0.00039209172246046364,47.64146799988571,-122.14016500004271,122.24545288085938,0.0,0.0,0.0,0.0,0.0,0.0
2.8,-0.008995488286018372,-0.026426341384649277,-9.808788299560547,0.014604904207214282,-0.023932982928676124,-0.0004415077283927832,0.0011069562751799822,0.000655371870379895,0.00039209172246046364,47.64146799988571,-122.14016500004271,122.24545288085938,0.0,0.0,0.0,0.0,0.0,0.0
2.9,-0.008995488286018372,-0.026426341384649277,-9.808788299560547,0.014604904207214282,-0.023932982928676124,-0.0004415077283927832,0.0011069562751799822,0.000655371870379895,0.00039209172246046364,47.64146799988571,-122.14016500004271,122.24545288085938,0.0,0.0,0.0,0.0,0.0,0.0
2.9,-0.009885101579129696,0.01914607733488083,-9.816880226135254,0.014604904207214282,-0.023932982928676124,-0.0004415077283927832,-0.0007721763686276972,0.0003367163590155542,0.00026382028590887785,47.64146799988571,-122.14016500004271,122.24545288085938,0.0,0.0,0.0,0.0,0.0,0.0
2.9,-0.009885101579129696,0.01914607733488083,-9.816880226135254,0.014604904207214282,-0.023932982928676124,-0.0004415077283927832,-0.0007721763686276972,0.0003367163590155542,0.00026382028590887785,47.64146799988571,-122.14016500004271,122.24545288085938,0.0,0.0,0.0,0.0,0.0,0.0
2.9,-0.009885101579129696,0.01914607733488083,-9.816880226135254,0.014604904207214282,-0.023932982928676124,-0.0004415077283927832,-0.0007721763686276972,0.0003367163590155542,0.00026382028590887785,47.64146799988571,-122.14016500004271,122.24545288085938,0.0,0.0,0.0,0.0,0.0,0.0
2.9,-0.009885101579129696,0.01914607733488083,-9.816880226135254,0.014604904207214282,-0.023932982928676124,-0.0004415077283927832,-0.0007721763686276972,0.0003367163590155542,0.00026382028590887785,47.64146799988571,-122.14016500004271,122.24545288085938,0.0,0.0,0.0,0.0,0.0,0.0
2.9,-0.009885101579129696,0.01914607733488083,-9.816880226135254,0.014604904207214282,-0.023932982928676124,-0.0004415077283927832,-0.0007721763686276972,0.0003367163590155542,0.00026382028590887785,47.64146799988571,-122.14016500004271,122.24545288085938,0.0,0.0,0.0,0.0,0.0,0.0
2.9,-0.009885101579129696,0.01914607733488083,-9.816880226135254,0.014604904207214282,-0.023932982928676124,-0.0004415077283927832,-0.0007721763686276972,0.0003367163590155542,0.00026382028590887785,47.64146799988571,-122.14016500004271,122.24545288085938,0.0,0.0,0.0,0.0,0.0,0.0
2.9,0.0022174129262566566,-0.003795337863266468,-9.806471824645996,0.014604904207214282,-0.023932982928676124,-0.0004415077283927832,0.0004051009309478104,0.00036584812914952636,-0.00015858944971114397,47.64146799988571,-122.14016500004271,122.24545288085938,0.0,0.0,0.0,0.0,0.0,0.0
2.9,0.0022174129262566566,-0.003795337863266468,-9.806471824645996,0.014604904207214282,-0.023932982928676124,-0.0004415077283927832,0.0004051009309478104,0.00036584812914952636,-0.00015858944971114397,47.64146799988571,-122.14016500004271,122.24545288085938,0.0,0.0,0.0,0.0,0.0,0.0
2.9,0.0022174129262566566,-0.003795337863266468,-9.806471824645996,0.014604904207214282,-0.023932982928676124,-0.0004415077283927832,0.0004051009309478104,0.00036584812914952636,-0.00015858944971114397,47.64146799988571,-122.14016500004271,122.24545288085938,0.0,0.0,0.0,0.0,0.0,0.0
2.9,0.0022174129262566566,-0.003795337863266468,-9.806471824645996,0.014604904207214282,-0.023932982928676124,-0.0004415077283927832,0.0004051009309478104,0.00036584812914952636,-0.00015858944971114397,47.64146799988571,-122.14016500004271,122.24545288085938,0.0,0.0,0.0,0.0,0.0,0.0
2.9,0.0022174129262566566,-0.003795337863266468,-9.806471824645996,0.014604904207214282,-0.023932982928676124,-0.0004415077283927832,0.0004051009309478104,0.00036584812914952636,-0.00015858944971114397,47.64146799988571,-122.14016500004271,122.24545288085938,0.0,0.0,0.0,0.0,0.0,0.0
2.9,0.0022174129262566566,-0.003795337863266468,-9.806471824645996,0.014604904207214282,-0.023932982928676124,-0.0004415077283927832,0.0004051009309478104,0.00036584812914952636,-0.00015858944971114397,47.64146799988571,-122.14016500004271,122.24545288085938,0.0,0.0,0.0,0.0,0.0,0.0
2.9,0.0022174129262566566,-0.003795337863266468,-9.806471824645996,0.014604904207214282,-0.023932982928676124,-0.0004415077283927832,0.0004051009309478104,0.00036584812914952636,-0.00015858944971114397,47.64146799988571,-122.14016500004271,122.24545288085938,0.0,0.0,0.0,0.0,0.0,0.0
2.9,0.0022174129262566566,-0.003795337863266468,-9.806471824645996,0.014604904207214282,-0.023932982928676124,-0.0004415077283927832,0.0004051009309478104,0.00036584812914952636,-0.00015858944971114397,47.64146799988571,-122.14016500004271,122.24545288085938,0.0,0.0,0.0,0.0,0.0,0.0
2.9,-0.022408377379179,0.02650732919573784,-9.817462921142578,0.014604904207214282,-0.023932982928676124,-0.0004415077283927832,-0.0005396417691372335,-6.086759822210297e-05,0.0005577108822762966,47.64146799988571,-122.14016500004271,122.24545288085938,0.0,0.0,0.0,0.0,0.0,0.0
2.9,-0.022408377379179,0.02650732919573784,-9.817462921142578,0.014604904207214282,-0.023932982928676124,-0.0004415077283927832,-0.0005396417691372335,-6.086759822210297e-05,0.0005577108822762966,47.64146799988571,-122.14016500004271,122.24545288085938,0.0,0.0,0.0,0.0,0.0,0.0
2.9,-0.022408377379179,0.02650732919573784,-9.817462921142578,0.014604904207214282,-0.023932982928676124,-0.0004415077283927832,-0.0005396417691372335,-6.086759822210297e-05,0.0005577108822762966,47.64146799988571,-122.14016500004271,122.24545288085938,0.0,0.0,0.0,0.0,0.0,0.0
2.9,-0.022408377379179,0.02650732919573784,-9.817462921142578,0.014604904207214282,-0.023932982928676124,-0.0004415077283927832,-0.0005396417691372335,-6.086759822210297e-05,0.0005577108822762966,47.64146799988571,-122.14016500004271,122.24545288085938,0.0,0.0,0.0,0.0,0.0,0.0
3.0,-0.022408377379179,0.02650732919573784,-9.817462921142578,0.014604904207214282,-0.023932982928676124,-0.0004415077283927832,-0.0005396417691372335,-6.086759822210297e-05,0.0005577108822762966,47.64146799988571,-122.14016500004271,122.24545288085938,0.0,0.0,0.0,0.0,0.0,0.0
3.0,-0.022408377379179,0.02650732919573784,-9.817462921142578,0.014604904207214282,-0.023932982928676124,-0.0004415077283927832,-0.0005396417691372335,-6.086759822210297e-05,0.0005577108822762966,47.64146799988571,-122.14016500004271,122.24545288085938,0.0,0.0,0.0,0.0,0.0,0.0
3.0,-0.022408377379179,0.02650732919573784,-9.817462921142578,0.014604904207214282,-0.023932982928676124,-0.0004415077283927832,-0.0005396417691372335,-6.086759822210297e-05,0.0005577108822762966,47.64146799988571,-122.14016500004271,122.24545288085938,0.0,0.0,0.0,0.0,0.0,0.0
3.0,-0.022408377379179,0.02650732919573784,-9.817462921142578,0.014604904207214282,-0.023932982928676124,-0.0004415077283927832,-0.0005396417691372335,-6.086759822210297e-05,0.0005577108822762966,47.64146799988571,-122.14016500004271,122.24545288085938,0.0,0.0,0.0,0.0,0.0,0.0
3.0,-0.022408377379179,0.02650732919573784,-9.817462921142578,0.014604904207214282,-0.023932982928676124,-0.0004415077283927832,-0.0005396417691372335,-6.086759822210297e-05,0.0005577108822762966,47.64146799988571,-122.14016500004271,122.24545288085938,0.0,0.0,0.0,0.0,0.0,0.0
3.0,-0.022408377379179,0.02650732919573784,-9.817462921142578,0.014604904207214282,-0.023932982928676124,-0.0004415077283927832,-0.0005396417691372335,-6.086759822210297e-05,0.0005577108822762966,47.64146799988571,-122.14016500004271,122.24545288085938,0.0,0.0,0.0,0.0,0.0,0.0
3.0,-0.0035152994096279144,-0.010228395462036133,-9.8121337890625,0.014604904207214282,-0.023932982928676124,-0.0004415077283927832,-2.440411481074989e-05,-0.00033851349144242704,-0.0003783431020565331,47.64146799988571,-122.14016500004271,122.24545288085938,0.0,0.0,0.0,0.0,0.0,0.0
3.0,-0.0035152994096279144,-0.010228395462036133,-9.8121337890625,0.014604904207214282,-0.023932982928676124,-0.0004415077283927832,-2.440411481074989e-05,-0.00033851349144242704,-0.0003783431020565331,47.64146799988571,-122.14016500004271,122.24545288085938,0.0,0.0,0.0,0.0,0.0,0.0
3.0,-0.0035152994096279144,-0.010228395462036133,-9.8121337890625,0.014604904207214282,-0.023932982928676124,-0.0004415077283927832,-2.440411481074989e-05,-0.00033851349144242704,-0.0003783431020565331,47.64146799988571,-122.14016500004271,122.24545288085938,0.0,0.0,0.0,0.0,0.0,0.0
3.0,-0.0035152994096279144,-0.010228395462036133,-9.8121337890625,0.014604904207214282,-0.023932982928676124,-0.0004415077283927832,-2.440411481074989e-05,-0.00033851349144242704,-0.0003783431020565331,47.64146799988571,-122.14016500004271,122.24545288085938,0.0,0.0,0.0,0.0,0.0,0.0
3.0,-0.0035152994096279144,-0.010228395462036133,-9.8121337890625,0.014604904207214282,-0.023932982928676124,-0.0004415077283927832,-2.440411481074989e-05,-0.00033851349144242704,-0.0003783431020565331,47.64146799988571,-122.14016500004271,122.24545288085938,0.0,0.0,0.0,0.0,0.0,0.0
3.0,-0.0035152994096279144,-0.010228395462036133,-9.8121337890625,0.014604904207214282,-0.023932982928676124,-0.0004415077283927832,-2.440411481074989e-05,-0.00033851349144242704,-0.0003783431020565331,47.64146799988571,-122.14016500004271,122.24545288085938,0.0,0.0,0.0,0.0,0.0,0.0
3.0,-0.0035152994096279144,-0.010228395462036133,-9.8121337890625,0.014604904207214282,-0.023932982928676124,-0.0004415077283927832,-2.440411481074989e-05,-0.00033851349144242704,-0.0003783431020565331,47.64146799988571,-122.14016500004271,122.24545288085938,0.0,0.0,0.0,0.0,0.0,0.0
3.0,-0.0035152994096279144,-0.010228395462036133,-9.8121337890625,0.014604904207214282,-0.023932982928676124,-0.0004415077283927832,-2.440411481074989e-05,-0.00033851349144242704,-0.0003783431020565331,47.64146799988571,-122.14016500004271,122.24545288085938,0.0,0.0,0.0,0.0,0.0,0.0
3.0,-0.0035152994096279144,-0.010228395462036133,-9.8121337890625,0.014604904207214282,-0.023932982928676124,-0.0004415077283927832,-2.440411481074989e-05,-0.00033851349144242704,-0.0003783431020565331,47.64146799988571,-122.14016500004271,122.24545288085938,0.0,0.0,0.0,0.0,0.0,0.0
3.0,-0.0035152994096279144,-0.010228395462036133,-9.8121337890625,0.014604904207214282,-0.023932982928676124,-0.0004415077283927832,-2.440411481074989e-05,-0.00033851349144242704,-0.0003783431020565331,47.64146799988571,-122.14016500004271,122.24545288085938,0.0,0.0,0.0,0.0,0.0,0.0
3.0,0.004577287472784519,0.0021470338106155396,-9.804619789123535,0.014604904207214282,-0.023932982928676124,-0.0004415077283927832,0.0005106044700369239,0.0003040601732209325,0.0003399780543986708,47.64146799988571,-122.14016500004271,122.24545288085938,0.0,0.0,0.0,0.0,0.0,0.0
3.0,0.004577287472784519,0.0021470338106155396,-9.804619789123535,0.014604904207214282,-0.023932982928676124,-0.0004415077283927832,0.0005106044700369239,0.0003040601732209325,0.0003399780543986708,47.64146799988571,-122.14016500004271,122.24545288085938,0.0,0.0,0.0,0.0,0.0,0.0
3.1,0.004577287472784519,0.0021470338106155396,-9.804619789123535,0.014604904207214282,-0.023932982928676124,-0.0004415077283927832,0.0005106044700369239,0.0003040601732209325,0.0003399780543986708,47.64146799988571,-122.14016500004271,122.24545288085938,0.0,0.0,0.0,0.0,0.0,0.0
3.1,0.004577287472784519,0.0021470338106155396,-9.804619789123535,0.014604904207214282,-0.023932982928676124,-0.0004415077283927832,0.0005106044700369239,0.0003040601732209325,0.0003399780543986708,47.64146799988571,-122.14016500004271,122.24545288085938,0.0,0.0,0.0,0.0,0.0,0.0
3.1,0.004577287472784519,0.0021470338106155396,-9.804619789123535,0.014604904207214282,-0.023932982928676124,-0.0004415077283927832,0.0005106044700369239,0.0003040601732209325,0.0003399780543986708,47.64146799988571,-122.14016500004271,122.24545288085938,0.0,0.0,0.0,0.0,0.0,0.0
3.1,0.004577287472784519,0.0021470338106155396,-9.804619789123535,0.014604904207214282,-0.023932982928676124,-0.0004415077283927832,0.0005106044700369239,0.0003040601732209325,0.0003399780543986708,47.64146799988571,-122.14016500004271,122.24545288085938,0.0,0.0,0.0,0.0,0.0,0.0
3.1,0.004577287472784519,0.0021470338106155396,-9.804619789123535,0.014604904207214282,-0.023932982928676124,-0.0004415077283927832,0.0005106044700369239,0.0003040601732209325,0.0003399780543986708,47.64146799988571,-122.14016500004271,122.24545288085938,0.0,0.0,0.0,0.0,0.0,0.0
3.1,0.004577287472784519,0.0021470338106155396,-9.804619789123535,0.014604904207214282,-0.023932982928676124,-0.0004415077283927832,0.0005106044700369239,0.0003040601732209325,0.0003399780543986708,47.64146799988571,-122.14016500004271,122.24545288085938,0.0,0.0,0.0,0.0,0.0,0.0
3.1,0.004577287472784519,0.0021470338106155396,-9.804619789123535,0.014604904207214282,-0.023932982928676124,-0.0004415077283927832,0.0005106044700369239,0.0003040601732209325,0.0003399780543986708,47.64146799988571,-122.14016500004271,122.24545288085938,0.0,0.0,0.0,0.0,0.0,0.0
3.1,0.004577287472784519,0.0021470338106155396,-9.804619789123535,0.014604904207214282,-0.023932982928676124,-0.0004415077283927832,0.0005106044700369239,0.0003040601732209325,0.0003399780543986708,47.64146799988571,-122.14016500004271,122.24545288085938,0.0,0.0,0.0,0.0,0.0,0.0
3.1,0.004577287472784519,0.0021470338106155396,-9.804619789123535,0.014604904207214282,-0.023932982928676124,-0.0004415077283927832,0.0005106044700369239,0.0003040601732209325,0.0003399780543986708,47.64146799988571,-122.14016500004271,122.24545288085938,0.0,0.0,0.0,0.0,0.0,0.0
3.1,0.004577287472784519,0.0021470338106155396,-9.804619789123535,0.014604904207214282,-0.023932982928676124,-0.0004415077283927832,0.0005106044700369239,0.0003040601732209325,0.0003399780543986708,47.64146799988571,-122.14016500004271,122.24545288085938,0.0,0.0,0.0,0.0,0.0,0.0
3.1,0.004577287472784519,0.0021470338106155396,-9.804619789123535,0.014604904207214282,-0.023932982928676124,-0.0004415077283927832,0.0005106044700369239,0.0003040601732209325,0.0003399780543986708,47.64146799988571,-122.14016500004271,122.24545288085938,0.0,0.0,0.0,0.0,0.0,0.0
3.1,0.004577287472784519,0.0021470338106155396,-9.804619789123535,0.014604904207214282,-0.023932982928676124,-0.0004415077283927832,0.0005106044700369239,0.0003040601732209325,0.0003399780543986708,47.64146799988571,-122.14016500004271,122.24545288085938,0.0,0.0,0.0,0.0,0.0,0.0
3.1,-0.007606750354170799,0.003285192884504795,-9.80587387084961,0.014604904207214282,-0.023932982928676124,-0.0004415077283927832,0.0006730431923642755,3.5266355553176254e-05,-0.0003183244843967259,47.64146799988571,-122.14016500004271,122.24545288085938,0.0,0.0,0.0,0.0,0.0,0.0
3.1,-0.007606750354170799,0.003285192884504795,-9.80587387084961,0.014604904207214282,-0.023932982928676124,-0.0004415077283927832,0.0006730431923642755,3.5266355553176254e-05,-0.0003183244843967259,47.64146799988571,-122.14016500004271,122.24545288085938,0.0,0.0,0.0,0.0,0.0,0.0
3.1,-0.007606750354170799,0.003285192884504795,-9.80587387084961,0.014604904207214282,-0.023932982928676124,-0.0004415077283927832,0.0006730431923642755,3.5266355553176254e-05,-0.0003183244843967259,47.64146799988571,-122.14016500004271,122.24545288085938,0.0,0.0,0.0,0.0,0.0,0.0
3.1,-0.007606750354170799,0.003285192884504795,-9.80587387084961,0.014604904207214282,-0.023932982928676124,-0.0004415077283927832,0.0006730431923642755,3.5266355553176254e-05,-0.0003183244843967259,47.64146799988571,-122.14016500004271,122.24545288085938,0.0,0.0,0.0,0.0,0.0,0.0
3.1,-0.007606750354170799,0.003285192884504795,-9.80587387084961,0.014604904207214282,-0.023932982928676124,-0.0004415077283927832,0.0006730431923642755,3.5266355553176254e-05,-0.0003183244843967259,47.64146799988571,-122.14016500004271,122.24545288085938,0.0,0.0,0.0,0.0,0.0,0.0
3.1,-0.007606750354170799,0.003285192884504795,-9.80587387084961,0.014604904207214282,-0.023932982928676124,-0.0004415077283927832,0.0006730431923642755,3.5266355553176254e-05,-0.0003183244843967259,47.64146799988571,-122.14016500004271,122.24545288085938,0.0,0.0,0.0,0.0,0.0,0.0
3.1,-0.007606750354170799,0.003285192884504795,-9.80587387084961,0.014604904207214282,-0.023932982928676124,-0.0004415077283927832,0.0006730431923642755,3.5266355553176254e-05,-0.0003183244843967259,47.64146799988571,-122.14016500004271,122.24545288085938,0.0,0.0,0.0,0.0,0.0,0.0
3.2,-0.007606750354170799,0.003285192884504795,-9.80587387084961,0.014604904207214282,-0.023932982928676124,-0.0004415077283927832,0.0006730431923642755,3.5266355553176254e-05,-0.0003183244843967259,47.64146799988571,-122.14016500004271,122.24545288085938,0.0,0.0,0.0,0.0,0.0,0.0
3.2,0.007739648222923279,0.013381070457398891,-9.815425872802734,0.014604904207214282,-0.023932982928676124,-0.0004415077283927832,-4.558631917461753e-05,-0.0003298411029390991,0.000549656106159091,47.64146799988571,-122.14016500004271,122.24545288085938,0.0,0.0,0.0,0.0,0.0,0.0
3.2,0.007739648222923279,0.013381070457398891,-9.815425872802734,0.014604904207214282,-0.023932982928676124,-0.0004415077283927832,-4.558631917461753e-05,-0.0003298411029390991,0.000549656106159091,47.64146799988571,-122.14016500004271,122.24545288085938,0.0,0.0,0.0,0.0,0.0,0.0
3.2,0.007739648222923279,0.013381070457398891,-9.815425872802734,0.014604904207214282,-0.023932982928676124,-0.0004415077283927832,-4.558631917461753e-05,-0.0003298411029390991,0.000549656106159091,47.64146799988571,-122.14016500004271,122.24545288085938,0.0,0.0,0.0,0.0,0.0,0.0
3.2,0.007739648222923279,0.013381070457398891,-9.815425872802734,0.014604904207214282,-0.023932982928676124,-0.0004415077283927832,-4.558631917461753e-05,-0.0003298411029390991,0.000549656106159091,47.64146799988571,-122.14016500004271,122.24545288085938,0.0,0.0,0.0,0.0,0.0,0.0
3.2,0.007739648222923279,0.013381070457398891,-9.815425872802734,0.014604904207214282,-0.023932982928676124,-0.0004415077283927832,-4.558631917461753e-05,-0.0003298411029390991,0.000549656106159091,47.64146799988571,-122.14016500004271,122.24545288085938,0.0,0.0,0.0,0.0,0.0,0.0
3.2,0.007739648222923279,0.013381070457398891,-9.815425872802734,0.014604904207214282,-0.023932982928676124,-0.0004415077283927832,-4.558631917461753e-05,-0.0003298411029390991,0.000549656106159091,47.64146799988571,-122.14016500004271,122.24545288085938,0.0,0.0,0.0,0.0,0.0,0.0
3.2,0.007739648222923279,0.013381070457398891,-9.815425872802734,0.014604904207214282,-0.023932982928676124,-0.0004415077283927832,-4.558631917461753e-05,-0.0003298411029390991,0.000549656106159091,47.64146799988571,-122.14016500004271,122.24545288085938,0.0,0.0,0.0,0.0,0.0,0.0
3.2,0.007739648222923279,0.013381070457398891,-9.815425872802734,0.014604904207214282,-0.023932982928676124,-0.0004415077283927832,-4.558631917461753e-05,-0.0003298411029390991,0.000549656106159091,47.64146799988571,-122.14016500004271,122.24545288085938,0.0,0.0,0.0,0.0,0.0,0.0
3.2,0.007739648222923279,0.013381070457398891,-9.815425872802734,0.014604904207214282,-0.023932982928676124,-0.0004415077283927832,-4.558631917461753e-05,-0.0003298411029390991,0.000549656106159091,47.64146799988571,-122.14016500004271,122.24545288085938,0.0,0.0,0.0,0.0,0.0,0.0
3.2,0.007739648222923279,0.013381070457398891,-9.815425872802734,0.014604904207214282,-0.023932982928676124,-0.0004415077283927832,-4.558631917461753e-05,-0.0003298411029390991,0.000549656106159091,47.64146799988571,-122.14016500004271,122.24545288085938,0.0,0.0,0.0,0.0,0.0,0.0
3.2,0.007739648222923279,0.013381070457398891,-9.815425872802734,0.014604904207214282,-0.023932982928676124,-0.0004415077283927832,-4.558631917461753e-05,-0.0003298411029390991,0.000549656106159091,47.64146799988571,-122.14016500004271,122.24545288085938,0.0,0.0,0.0,0.0,0.0,0.0
3.2,0.007739648222923279,0.013381070457398891,-9.815425872802734,0.014604904207214282,-0.023932982928676124,-0.0004415077283927832,-4.558631917461753e-05,-0.0003298411029390991,0.000549656106159091,47.64146799988571,-122.14016500004271,122.24545288085938,0.0,0.0,0.0,0.0,0.0,0.0
3.2,0.007739648222923279,0.013381070457398891,-9.815425872802734,0.014604904207214282,-0.023932982928676124,-0.0004415077283927832,-4.558631917461753e-05,-0.0003298411029390991,0.000549656106159091,47.64146799988571,-122.14016500004271,122.24545288085938,0.0,0.0,0.0,0.0,0.0,0.0
3.2,0.007739648222923279,0.013381070457398891,-9.815425872802734,0.014604904207214282,-0.023932982928676124,-0.0004415077283927832,-4.558631917461753e-05,-0.0003298411029390991,0.000549656106159091,47.64146799988571,-122.14016500004271,122.24545288085938,0.0,0.0,0.0,0.0,0.0,0.0
3.2,-0.007758348248898983,-0.00164063461124897,-9.80044174194336,0.014604904207214282,-0.023932982928676124,-0.0004415077283927832,0.0006705936975777149,-0.00012749139568768442,-0.00029859205824323,47.64146799988571,-122.14016500004271,122.24545288085938,0.0,0.0,0.0,0.0,0.0,0.0
3.2,-0.007758348248898983,-0.00164063461124897,-9.80044174194336,0.014604904207214282,-0.023932982928676124,-0.0004415077283927832,0.0006705936975777149,-0.00012749139568768442,-0.00029859205824323,47.64146799988571,-122.14016500004271,122.24545288085938,0.0,0.0,0.0,0.0,0.0,0.0
3.2,-0.007758348248898983,-0.00164063461124897,-9.80044174194336,0.014604904207214282,-0.023932982928676124,-0.0004415077283927832,0.0006705936975777149,-0.00012749139568768442,-0.00029859205824323,47.64146799988571,-122.14016500004271,122.24545288085938,0.0,0.0,0.0,0.0,0.0,0.0
3.3,-0.007758348248898983,-0.00164063461124897,-9.80044174194336,0.014604904207214282,-0.023932982928676124,-0.0004415077283927832,0.0006705936975777149,-0.00012749139568768442,-0.00029859205824323,47.64146799988571,-122.14016500004271,122.24545288085938,0.0,0.0,0.0,0.0,0.0,0.0
3.3,-0.007758348248898983,-0.00164063461124897,-9.80044174194336,0.014604904207214282,-0.023932982928676124,-0.0004415077283927832,0.0006705936975777149,-0.00012749139568768442,-0.00029859205824323,47.64146799988571,-122.14016500004271,122.24545288085938,0.0,0.0,0.0,0.0,0.0,0.0
3.3,-0.007758348248898983,-0.00164063461124897,-9.80044174194336,0.014604904207214282,-0.023932982928676124,-0.0004415077283927832,0.0006705936975777149,-0.00012749139568768442,-0.00029859205824323,47.64146799988571,-122.14016500004271,122.24545288085938,0.0,0.0,0.0,0.0,0.0,0.0
3.3,-0.007758348248898983,-0.00164063461124897,-9.80044174194336,0.014604904207214282,-0.023932982928676124,-0.0004415077283927832,0.0006705936975777149,-0.00012749139568768442,-0.00029859205824323,47.64146799988571,-122.14016500004271,122.24545288085938,0.0,0.0,0.0,0.0,0.0,0.0
3.3,-0.001311320811510086,0.010624542832374573,-9.812118530273438,0.014604904207214282,-0.023932982928676124,-0.0004415077283927832,-0.0004500441427808255,5.0776725402101874e-06,0.0008500046096742153,47.64146799988571,-122.14016500004271,122.24545288085938,0.0,0.0,0.0,0.0,0.0,0.0
3.3,-0.001311320811510086,0.010624542832374573,-9.812118530273438,0.014604904207214282,-0.023932982928676124,-0.0004415077283927832,-0.0004500441427808255,5.0776725402101874e-06,0.0008500046096742153,47.64146799988571,-122.14016500004271,122.24545288085938,0.0,0.0,0.0,0.0,0.0,0.0
3.3,-0.001311320811510086,0.010624542832374573,-9.812118530273438,0.014604904207214282,-0.023932982928676124,-0.0004415077283927832,-0.0004500441427808255,5.0776725402101874e-06,0.0008500046096742153,47.64146799988571,-122.14016500004271,122.24545288085938,0.0,0.0,0.0,0.0,0.0,0.0
3.3,-0.001311320811510086,0.010624542832374573,-9.812118530273438,0.014604904207214282,-0.023932982928676124,-0.0004415077283927832,-0.0004500441427808255,5.0776725402101874e-06,0.0008500046096742153,47.64146799988571,-122.14016500004271,122.24545288085938,0.0,0.0,0.0,0.0,0.0,0.0
3.3,-0.001311320811510086,0.010624542832374573,-9.812118530273438,0.014604904207214282,-0.023932982928676124,-0.0004415077283927832,-0.0004500441427808255,5.0776725402101874e-06,0.0008500046096742153,47.64146799988571,-122.14016500004271,122.24545288085938,0.0,0.0,0.0,0.0,0.0,0.0
3.3,-0.001311320811510086,0.010624542832374573,-9.812118530273438,0.014604904207214282,-0.023932982928676124,-0.0004415077283927832,-0.0004500441427808255,5.0776725402101874e-06,0.0008500046096742153,47.64146799988571,-122.14016500004271,122.24545288085938,0.0,0.0,0.0,0.0,0.0,0.0
3.3,-0.001311320811510086,0.010624542832374573,-9.812118530273438,0.014604904207214282,-0.023932982928676124,-0.0004415077283927832,-0.0004500441427808255,5.0776725402101874e-06,0.0008500046096742153,47.64146799988571,-122.14016500004271,122.24545288085938,0.0,0.0,0.0,0.0,0.0,0.0
3.3,-0.001311320811510086,0.010624542832374573,-9.812118530273438,0.014604904207214282,-0.023932982928676124,-0.0004415077283927832,-0.0004500441427808255,5.0776725402101874e-06,0.0008500046096742153,47.64146799988571,-122.14016500004271,122.24545288085938,0.0,0.0,0.0,0.0,0.0,0.0
3.3,-0.0029427146073430777,0.011835305020213127,-9.819967269897461,0.014604904207214282,-0.023932982928676124,-0.0004415077283927832,0.0006973832496441901,0.0005595620605163276,0.000719445466529578,47.64146799988571,-122.14016500004271,122.24545288085938,0.0,0.0,0.0,0.0,0.0,0.0
3.3,-0.0029427146073430777,0.011835305020213127,-9.819967269897461,0.014604904207214282,-0.023932982928676124,-0.0004415077283927832,0.0006973832496441901,0.0005595620605163276,0.000719445466529578,47.64146799988571,-122.14016500004271,122.24545288085938,0.0,0.0,0.0,0.0,0.0,0.0
3.3,-0.0029427146073430777,0.011835305020213127,-9.819967269897461,0.014604904207214282,-0.023932982928676124,-0.0004415077283927832,0.0006973832496441901,0.0005595620605163276,0.000719445466529578,47.64146799988571,-122.14016500004271,122.24545288085938,0.0,0.0,0.0,0.0,0.0,0.0
3.3,-0.0029427146073430777,0.011835305020213127,-9.819967269897461,0.014604904207214282,-0.023932982928676124,-0.0004415077283927832,0.0006973832496441901,0.0005595620605163276,0.000719445466529578,47.64146799988571,-122.14016500004271,122.24545288085938,0.0,0.0,0.0,0.0,0.0,0.0
3.3,-0.0029427146073430777,0.011835305020213127,-9.819967269897461,0.014604904207214282,-0.023932982928676124,-0.0004415077283927832,0.0006973832496441901,0.0005595620605163276,0.000719445466529578,47.64146799988571,-122.14016500004271,122.24545288085938,0.0,0.0,0.0,0.0,0.0,0.0
3.3,-0.0029427146073430777,0.011835305020213127,-9.819967269897461,0.014604904207214282,-0.023932982928676124,-0.0004415077283927832,0.0006973832496441901,0.0005595620605163276,0.000719445466529578,47.64146799988571,-122.14016500004271,122.24545288085938,0.0,0.0,0.0,0.0,0.0,0.0
3.4,-0.0029427146073430777,0.011835305020213127,-9.819967269897461,0.014604904207214282,-0.023932982928676124,-0.0004415077283927832,0.0006973832496441901,0.0005595620605163276,0.000719445466529578,47.64146799988571,-122.14016500004271,122.24545288085938,0.0,0.0,0.0,0.0,0.0,0.0
3.4,-0.0029427146073430777,0.011835305020213127,-9.819967269897461,0.014604904207214282,-0.023932982928676124,-0.0004415077283927832,0.0006973832496441901,0.0005595620605163276,0.000719445466529578,47.64146799988571,-122.14016500004271,122.24545288085938,0.0,0.0,0.0,0.0,0.0,0.0
3.4,-0.009400400333106518,-0.015171470120549202,-9.802735328674316,0.014604904207214282,-0.023932982928676124,-0.0004415077283927832,0.0003193729789927602,0.00027916330145671964,-0.000592846714425832,47.64146799988571,-122.14016500004271,122.24545288085938,0.0,0.0,0.0,0.0,0.0,0.0
3.4,-0.009400400333106518,-0.015171470120549202,-9.802735328674316,0.014604904207214282,-0.023932982928676124,-0.0004415077283927832,0.0003193729789927602,0.00027916330145671964,-0.000592846714425832,47.64146799988571,-122.14016500004271,122.24545288085938,0.0,0.0,0.0,0.0,0.0,0.0
3.4,-0.009400400333106518,-0.015171470120549202,-9.802735328674316,0.014604904207214282,-0.023932982928676124,-0.0004415077283927832,0.0003193729789927602,0.00027916330145671964,-0.000592846714425832,47.64146799988571,-122.14016500004271,122.24545288085938,0.0,0.0,0.0,0.0,0.0,0.0
3.4,-0.009400400333106518,-0.015171470120549202,-9.802735328674316,0.014604904207214282,-0.023932982928676124,-0.0004415077283927832,0.0003193729789927602,0.00027916330145671964,-0.000592846714425832,47.64146799988571,-122.14016500004271,122.24545288085938,0.0,0.0,0.0,0.0,0.0,0.0
3.4,-0.009400400333106518,-0.015171470120549202,-9.802735328674316,0.014604904207214282,-0.023932982928676124,-0.0004415077283927832,0.0003193729789927602,0.00027916330145671964,-0.000592846714425832,47.64146799988571,-122.14016500004271,122.24545288085938,0.0,0.0,0.0,0.0,0.0,0.0
3.4,-0.009400400333106518,-0.015171470120549202,-9.802735328674316,0.014604904207214282,-0.023932982928676124,-0.0004415077283927832,0.0003193729789927602,0.00027916330145671964,-0.000592846714425832,47.64146799988571,-122.14016500004271,122.24545288085938,0.0,0.0,0.0,0.0,0.0,0.0
3.4,-0.009400400333106518,-0.015171470120549202,-9.802735328674316,0.014604904207214282,-0.023932982928676124,-0.0004415077283927832,0.0003193729789927602,0.00027916330145671964,-0.000592846714425832,47.64146799988571,-122.14016500004271,122.24545288085938,0.0,0.0,0.0,0.0,0.0,0.0
3.4,-0.009400400333106518,-0.015171470120549202,-9.802735328674316,0.014604904207214282,-0.023932982928676124,-0.0004415077283927832,0.0003193729789927602,0.00027916330145671964,-0.000592846714425832,47.64146799988571,-122.14016500004271,122.24545288085938,0.0,0.0,0.0,0.0,0.0,0.0
3.4,-0.009400400333106518,-0.015171470120549202,-9.802735328674316,0.014604904207214282,-0.023932982928676124,-0.0004415077283927832,0.0003193729789927602,0.00027916330145671964,-0.000592846714425832,47.64146799988571,-122.14016500004271,122.24545288085938,0.0,0.0,0.0,0.0,0.0,0.0
3.4,-0.009400400333106518,-0.015171470120549202,-9.802735328674316,0.014604904207214282,-0.023932982928676124,-0.0004415077283927832,0.0003193729789927602,0.00027916330145671964,-0.000592846714425832,47.64146799988571,-122.14016500004271,122.24545288085938,0.0,0.0,0.0,0.0,0.0,0.0
3.4,-0.0037914030253887177,-0.004004358313977718,-9.77800178527832,0.014604904207214282,-0.023932982928676124,-0.0004415077283927832,0.0005486586014740169,-0.00028179612127132714,-0.0004623809363692999,47.64146799988571,-122.14016500004271,122.24545288085938,0.0,0.0,0.0,0.0,0.0,0.0
3.4,-0.0037914030253887177,-0.004004358313977718,-9.77800178527832,0.014604904207214282,-0.023932982928676124,-0.0004415077283927832,0.0005486586014740169,-0.00028179612127132714,-0.0004623809363692999,47.64146799988571,-122.14016500004271,122.24545288085938,0.0,0.0,0.0,0.0,0.0,0.0
3.4,-0.0037914030253887177,-0.004004358313977718,-9.77800178527832,0.014604904207214282,-0.023932982928676124,-0.0004415077283927832,0.0005486586014740169,-0.00028179612127132714,-0.0004623809363692999,47.64146799988571,-122.14016500004271,122.24545288085938,0.0,0.0,0.0,0.0,0.0,0.0
3.4,-0.0037914030253887177,-0.004004358313977718,-9.77800178527832,0.014604904207214282,-0.023932982928676124,-0.0004415077283927832,0.0005486586014740169,-0.00028179612127132714,-0.0004623809363692999,47.64146799988571,-122.14016500004271,122.24545288085938,0.0,0.0,0.0,0.0,0.0,0.0
3.4,-0.0037914030253887177,-0.004004358313977718,-9.77800178527832,0.014604904207214282,-0.023932982928676124,-0.0004415077283927832,0.0005486586014740169,-0.00028179612127132714,-0.0004623809363692999,47.64146799988571,-122.14016500004271,122.24545288085938,0.0,0.0,0.0,0.0,0.0,0.0
3.5,-0.0037914030253887177,-0.004004358313977718,-9.77800178527832,0.014604904207214282,-0.023932982928676124,-0.0004415077283927832,0.0005486586014740169,-0.00028179612127132714,-0.0004623809363692999,47.64146799988571,-122.14016500004271,122.24545288085938,0.0,0.0,0.0,0.0,0.0,0.0
3.5,-0.0037914030253887177,-0.004004358313977718,-9.77800178527832,0.014604904207214282,-0.023932982928676124,-0.0004415077283927832,0.0005486586014740169,-0.00028179612127132714,-0.0004623809363692999,47.64146799988571,-122.14016500004271,122.24545288085938,0.0,0.0,0.0,0.0,0.0,0.0
3.5,-0.0037914030253887177,-0.004004358313977718,-9.77800178527832,0.014604904207214282,-0.023932982928676124,-0.0004415077283927832,0.0005486586014740169,-0.00028179612127132714,-0.0004623809363692999,47.64146799988571,-122.14016500004271,122.24545288085938,0.0,0.0,0.0,0.0,0.0,0.0
3.5,-0.0037914030253887177,-0.004004358313977718,-9.77800178527832,0.014604904207214282,-0.023932982928676124,-0.0004415077283927832,0.0005486586014740169,-0.00028179612127132714,-0.0004623809363692999,47.64146799988571,-122.14016500004271,122.24545288085938,0.0,0.0,0.0,0.0,0.0,0.0
3.5,-0.0037914030253887177,-0.004004358313977718,-9.77800178527832,0.014604904207214282,-0.023932982928676124,-0.0004415077283927832,0.0005486586014740169,-0.00028179612127132714,-0.0004623809363692999,47.64146799988571,-122.14016500004271,122.24545288085938,0.0,0.0,0.0,0.0,0.0,0.0
3.5,-0.0037914030253887177,-0.004004358313977718,-9.77800178527832,0.014604904207214282,-0.023932982928676124,-0.0004415077283927832,0.0005486586014740169,-0.00028179612127132714,-0.0004623809363692999,47.64146799988571,-122.14016500004271,122.24545288085938,0.0,0.0,0.0,0.0,0.0,0.0
3.5,-0.0037914030253887177,-0.004004358313977718,-9.77800178527832,0.014604904207214282,-0.023932982928676124,-0.0004415077283927832,0.0005486586014740169,-0.00028179612127132714,-0.0004623809363692999,47.64146799988571,-122.14016500004271,122.24545288085938,0.0,0.0,0.0,0.0,0.0,0.0
3.5,-0.003735831705853343,-0.008269114419817924,-9.809006690979004,0.014604904207214282,-0.023932982928676124,-0.0004415077283927832,4.2537340050330386e-05,5.112549843033776e-05,3.3892974897753447e-06,47.64146799988571,-122.14016500004271,122.24545288085938,0.0,0.0,0.0,0.0,0.0,0.0
3.5,-0.003735831705853343,-0.008269114419817924,-9.809006690979004,0.014604904207214282,-0.023932982928676124,-0.0004415077283927832,4.2537340050330386e-05,5.112549843033776e-05,3.3892974897753447e-06,47.64146799988571,-122.14016500004271,122.24545288085938,0.0,0.0,0.0,0.0,0.0,0.0
3.5,-0.003735831705853343,-0.008269114419817924,-9.809006690979004,0.014604904207214282,-0.023932982928676124,-0.0004415077283927832,4.2537340050330386e-05,5.112549843033776e-05,3.3892974897753447e-06,47.64146799988571,-122.14016500004271,122.24545288085938,0.0,0.0,0.0,0.0,0.0,0.0
3.5,-0.003735831705853343,-0.008269114419817924,-9.809006690979004,0.014604904207214282,-0.023932982928676124,-0.0004415077283927832,4.2537340050330386e-05,5.112549843033776e-05,3.3892974897753447e-06,47.64146799988571,-122.14016500004271,122.24545288085938,0.0,0.0,0.0,0.0,0.0,0.0
3.5,-0.003735831705853343,-0.008269114419817924,-9.809006690979004,0.014604904207214282,-0.023932982928676124,-0.0004415077283927832,4.2537340050330386e-05,5.112549843033776e-05,3.3892974897753447e-06,47.64146799988571,-122.14016500004271,122.24545288085938,0.0,0.0,0.0,0.0,0.0,0.0
3.5,-0.003735831705853343,-0.008269114419817924,-9.809006690979004,0.014604904207214282,-0.023932982928676124,-0.0004415077283927832,4.2537340050330386e-05,5.112549843033776e-05,3.3892974897753447e-06,47.64146799988571,-122.14016500004271,122.24545288085938,0.0,0.0,0.0,0.0,0.0,0.0
3.5,-0.003735831705853343,-0.008269114419817924,-9.809006690979004,0.014604904207214282,-0.023932982928676124,-0.0004415077283927832,4.2537340050330386e-05,5.112549843033776e-05,3.3892974897753447e-06,47.64146799988571,-122.14016500004271,122.24545288085938,0.0,0.0,0.0,0.0,0.0,0.0
3.5,-0.003735831705853343,-0.008269114419817924,-9.809006690979004,0.014604904207214282,-0.023932982928676124,-0.0004415077283927832,4.2537340050330386e-05,5.112549843033776e-05,3.3892974897753447e-06,47.64146799988571,-122.14016500004271,122.24545288085938,0.0,0.0,0.0,0.0,0.0,0.0
3.5,-0.003735831705853343,-0.008269114419817924,-9.809006690979004,0.014604904207214282,-0.023932982928676124,-0.0004415077283927832,4.2537340050330386e-05,5.112549843033776e-05,3.3892974897753447e-06,47.64146799988571,-122.14016500004271,122.24545288085938,0.0,0.0,0.0,0.0,0.0,0.0
3.5,-0.003735831705853343,-0.008269114419817924,-9.809006690979004,0.014604904207214282,-0.023932982928676124,-0.0004415077283927832,4.2537340050330386e-05,5.112549843033776e-05,3.3892974897753447e-06,47.64146799988571,-122.14016500004271,122.24545288085938,0.0,0.0,0.0,0.0,0.0,0.0
3.5,0.002383054234087467,0.009643731638789177,-9.816463470458984,0.014604904207214282,-0.023932982928676124,-0.0004415077283927832,0.00048508637701161206,0.00016445353685412556,0.0003590037231333554,47.64146799988571,-122.14016500004271,122.24545288085938,0.0,0.0,0.0,0.0,0.0,0.0
3.6,0.002383054234087467,0.009643731638789177,-9.816463470458984,0.014604904207214282,-0.023932982928676124,-0.0004415077283927832,0.00048508637701161206,0.00016445353685412556,0.0003590037231333554,47.64146799988571,-122.14016500004271,122.24545288085938,0.0,0.0,0.0,0.0,0.0,0.0
3.6,0.002383054234087467,0.009643731638789177,-9.816463470458984,0.014604904207214282,-0.023932982928676124,-0.0004415077283927832,0.00048508637701161206,0.00016445353685412556,0.0003590037231333554,47.64146799988571,-122.14016500004271,122.24545288085938,0.0,0.0,0.0,0.0,0.0,0.0
3.6,0.002383054234087467,0.009643731638789177,-9.816463470458984,0.014604904207214282,-0.023932982928676124,-0.0004415077283927832,0.00048508637701161206,0.00016445353685412556,0.0003590037231333554,47.64146799988571,-122.14016500004271,122.24545288085938,0.0,0.0,0.0,0.0,0.0,0.0
3.6,0.002383054234087467,0.009643731638789177,-9.816463470458984,0.014604904207214282,-0.023932982928676124,-0.0004415077283927832,0.00048508637701161206,0.00016445353685412556,0.0003590037231333554,47.64146799988571,-122.14016500004271,122.24545288085938,0.0,0.0,0.0,0.0,0.0,0.0
3.6,0.002383054234087467,0.009643731638789177,-9.816463470458984,0.014604904207214282,-0.023932982928676124,-0.0004415077283927832,0.00048508637701161206,0.00016445353685412556,0.0003590037231333554,47.64146799988571,-122.14016500004271,122.24545288085938,0.0,0.0,0.0,0.0,0.0,0.0
3.6,0.002383054234087467,0.009643731638789177,-9.816463470458984,0.014604904207214282,-0.023932982928676124,-0.0004415077283927832,0.00048508637701161206,0.00016445353685412556,0.0003590037231333554,47.64146799988571,-122.14016500004271,122.24545288085938,0.0,0.0,0.0,0.0,0.0,0.0
3.6,0.002383054234087467,0.009643731638789177,-9.816463470458984,0.014604904207214282,-0.023932982928676124,-0.0004415077283927832,0.00048508637701161206,0.00016445353685412556,0.0003590037231333554,47.64146799988571,-122.14016500004271,122.24545288085938,0.0,0.0,0.0,0.0,0.0,0.0
3.6,0.002383054234087467,0.009643731638789177,-9.816463470458984,0.014604904207214282,-0.023932982928676124,-0.0004415077283927832,0.00048508637701161206,0.00016445353685412556,0.0003590037231333554,47.64146799988571,-122.14016500004271,122.24545288085938,0.0,0.0,0.0,0.0,0.0,0.0
3.6,0.002383054234087467,0.009643731638789177,-9.816463470458984,0.014604904207214282,-0.023932982928676124,-0.0004415077283927832,0.00048508637701161206,0.00016445353685412556,0.0003590037231333554,47.64146799988571,-122.14016500004271,122.24545288085938,0.0,0.0,0.0,0.0,0.0,0.0
3.6,0.002383054234087467,0.009643731638789177,-9.816463470458984,0.014604904207214282,-0.023932982928676124,-0.0004415077283927832,0.00048508637701161206,0.00016445353685412556,0.0003590037231333554,47.64146799988571,-122.14016500004271,122.24545288085938,0.0,0.0,0.0,0.0,0.0,0.0
3.6,0.002383054234087467,0.009643731638789177,-9.816463470458984,0.014604904207214282,-0.023932982928676124,-0.0004415077283927832,0.00048508637701161206,0.00016445353685412556,0.0003590037231333554,47.64146799988571,-122.14016500004271,122.24545288085938,0.0,0.0,0.0,0.0,0.0,0.0
3.6,-0.005807708483189344,0.0016307863406836987,-9.799222946166992,0.014604904207214282,-0.023932982928676124,-0.0004415077283927832,0.00020605545432772487,0.00031955132726579905,-7.823933265171945e-05,47.64146799988571,-122.14016500004271,122.24545288085938,0.0,0.0,0.0,0.0,0.0,0.0
3.6,-0.005807708483189344,0.0016307863406836987,-9.799222946166992,0.014604904207214282,-0.023932982928676124,-0.0004415077283927832,0.00020605545432772487,0.00031955132726579905,-7.823933265171945e-05,47.64146799988571,-122.14016500004271,122.24545288085938,0.0,0.0,0.0,0.0,0.0,0.0
3.6,-0.005807708483189344,0.0016307863406836987,-9.799222946166992,0.014604904207214282,-0.023932982928676124,-0.0004415077283927832,0.00020605545432772487,0.00031955132726579905,-7.823933265171945e-05,47.64146799988571,-122.14016500004271,122.24545288085938,0.0,0.0,0.0,0.0,0.0,0.0
3.6,-0.005807708483189344,0.0016307863406836987,-9.799222946166992,0.014604904207214282,-0.023932982928676124,-0.0004415077283927832,0.00020605545432772487,0.00031955132726579905,-7.823933265171945e-05,47.64146799988571,-122.14016500004271,122.24545288085938,0.0,0.0,0.0,0.0,0.0,0.0
3.6,-0.005807708483189344,0.0016307863406836987,-9.799222946166992,0.014604904207214282,-0.023932982928676124,-0.0004415077283927832,0.00020605545432772487,0.00031955132726579905,-7.823933265171945e-05,47.64146799988571,-122.14016500004271,122.24545288085938,0.0,0.0,0.0,0.0,0.0,0.0
3.6,-0.005807708483189344,0.0016307863406836987,-9.799222946166992,0.014604904207214282,-0.023932982928676124,-0.0004415077283927832,0.00020605545432772487,0.00031955132726579905,-7.823933265171945e-05,47.64146799988571,-122.14016500004271,122.24545288085938,0.0,0.0,0.0,0.0,0.0,0.0
3.7,-0.005807708483189344,0.0016307863406836987,-9.799222946166992,0.014604904207214282,-0.023932982928676124,-0.0004415077283927832,0.00020605545432772487,0.00031955132726579905,-7.823933265171945e-05,47.64146799988571,-122.14016500004271,122.24545288085938,0.0,0.0,0.0,0.0,0.0,0.0
3.7,-0.005807708483189344,0.0016307863406836987,-9.799222946166992,0.014604904207214282,-0.023932982928676124,-0.0004415077283927832,0.00020605545432772487,0.00031955132726579905,-7.823933265171945e-05,47.64146799988571,-122.14016500004271,122.24545288085938,0.0,0.0,0.0,0.0,0.0,0.0
3.7,-0.02558583952486515,-0.029106508940458298,-9.814936637878418,0.014604904207214282,-0.023932982928676124,-0.0004415077283927832,0.00012933742254972458,1.3844088243786246e-05,-0.00011847669520648196,47.64146799988571,-122.14016500004271,122.24545288085938,0.0,0.0,0.0,0.0,0.0,0.0
3.7,-0.02558583952486515,-0.029106508940458298,-9.814936637878418,0.014604904207214282,-0.023932982928676124,-0.0004415077283927832,0.00012933742254972458,1.3844088243786246e-05,-0.00011847669520648196,47.64146799988571,-122.14016500004271,122.24545288085938,0.0,0.0,0.0,0.0,0.0,0.0
3.7,-0.02558583952486515,-0.029106508940458298,-9.814936637878418,0.014604904207214282,-0.023932982928676124,-0.0004415077283927832,0.00012933742254972458,1.3844088243786246e-05,-0.00011847669520648196,47.64146799988571,-122.14016500004271,122.24545288085938,0.0,0.0,0.0,0.0,0.0,0.0
3.7,-0.02558583952486515,-0.029106508940458298,-9.814936637878418,0.014604904207214282,-0.023932982928676124,-0.0004415077283927832,0.00012933742254972458,1.3844088243786246e-05,-0.00011847669520648196,47.64146799988571,-122.14016500004271,122.24545288085938,0.0,0.0,0.0,0.0,0.0,0.0
3.7,-0.02558583952486515,-0.029106508940458298,-9.814936637878418,0.014604904207214282,-0.023932982928676124,-0.0004415077283927832,0.00012933742254972458,1.3844088243786246e-05,-0.00011847669520648196,47.64146799988571,-122.14016500004271,122.24545288085938,0.0,0.0,0.0,0.0,0.0,0.0
3.7,-0.02558583952486515,-0.029106508940458298,-9.814936637878418,0.014604904207214282,-0.023932982928676124,-0.0004415077283927832,0.00012933742254972458,1.3844088243786246e-05,-0.00011847669520648196,47.64146799988571,-122.14016500004271,122.24545288085938,0.0,0.0,0.0,0.0,0.0,0.0
3.7,-0.02558583952486515,-0.029106508940458298,-9.814936637878418,0.014604904207214282,-0.023932982928676124,-0.0004415077283927832,0.00012933742254972458,1.3844088243786246e-05,-0.00011847669520648196,47.64146799988571,-122.14016500004271,122.24545288085938,0.0,0.0,0.0,0.0,0.0,0.0
3.7,-0.02558583952486515,-0.029106508940458298,-9.814936637878418,0.014604904207214282,-0.023932982928676124,-0.0004415077283927832,0.00012933742254972458,1.3844088243786246e-05,-0.00011847669520648196,47.64146799988571,-122.14016500004271,122.24545288085938,0.0,0.0,0.0,0.0,0.0,0.0
3.7,-0.02558583952486515,-0.029106508940458298,-9.814936637878418,0.014604904207214282,-0.023932982928676124,-0.0004415077283927832,0.00012933742254972458,1.3844088243786246e-05,-0.00011847669520648196,47.64146799988571,-122.14016500004271,122.24545288085938,0.0,0.0,0.0,0.0,0.0,0.0
3.7,-0.02558583952486515,-0.029106508940458298,-9.814936637878418,0.014604904207214282,-0.023932982928676124,-0.0004415077283927832,0.00012933742254972458,1.3844088243786246e-05,-0.00011847669520648196,47.64146799988571,-122.14016500004271,122.24545288085938,0.0,0.0,0.0,0.0,0.0,0.0
3.7,-0.02558583952486515,-0.029106508940458298,-9.814936637878418,0.014604904207214282,-0.023932982928676124,-0.0004415077283927832,0.00012933742254972458,1.3844088243786246e-05,-0.00011847669520648196,47.64146799988571,-122.14016500004271,122.24545288085938,0.0,0.0,0.0,0.0,0.0,0.0
3.7,-0.02558583952486515,-0.029106508940458298,-9.814936637878418,0.014604904207214282,-0.023932982928676124,-0.0004415077283927832,0.00012933742254972458,1.3844088243786246e-05,-0.00011847669520648196,47.64146799988571,-122.14016500004271,122.24545288085938,0.0,0.0,0.0,0.0,0.0,0.0
3.7,-0.014806769788265228,-0.023734472692012787,-9.820597648620605,0.014604904207214282,-0.023932982928676124,-0.0004415077283927832,-0.0005965826567262411,-0.0003273095062468201,-0.0002866545401047915,47.64146799988571,-122.14016500004271,122.24545288085938,0.0,0.0,0.0,0.0,0.0,0.0
3.7,-0.014806769788265228,-0.023734472692012787,-9.820597648620605,0.014604904207214282,-0.023932982928676124,-0.0004415077283927832,-0.0005965826567262411,-0.0003273095062468201,-0.0002866545401047915,47.64146799988571,-122.14016500004271,122.24545288085938,0.0,0.0,0.0,0.0,0.0,0.0
3.7,-0.014806769788265228,-0.023734472692012787,-9.820597648620605,0.014604904207214282,-0.023932982928676124,-0.0004415077283927832,-0.0005965826567262411,-0.0003273095062468201,-0.0002866545401047915,47.64146799988571,-122.14016500004271,122.24545288085938,0.0,0.0,0.0,0.0,0.0,0.0
3.7,-0.014806769788265228,-0.023734472692012787,-9.820597648620605,0.014604904207214282,-0.023932982928676124,-0.0004415077283927832,-0.0005965826567262411,-0.0003273095062468201,-0.0002866545401047915,47.64146799988571,-122.14016500004271,122.24545288085938,0.0,0.0,0.0,0.0,0.0,0.0
3.7,-0.014806769788265228,-0.023734472692012787,-9.820597648620605,0.014604904207214282,-0.023932982928676124,-0.0004415077283927832,-0.0005965826567262411,-0.0003273095062468201,-0.0002866545401047915,47.64146799988571,-122.14016500004271,122.24545288085938,0.0,0.0,0.0,0.0,0.0,0.0
3.8,-0.014806769788265228,-0.023734472692012787,-9.820597648620605,0.014604904207214282,-0.023932982928676124,-0.0004415077283927832,-0.0005965826567262411,-0.0003273095062468201,-0.0002866545401047915,47.64146799988571,-122.14016500004271,122.24545288085938,0.0,0.0,0.0,0.0,0.0,0.0
3.8,-0.014806769788265228,-0.023734472692012787,-9.820597648620605,0.014604904207214282,-0.023932982928676124,-0.0004415077283927832,-0.0005965826567262411,-0.0003273095062468201,-0.0002866545401047915,47.64146799988571,-122.14016500004271,122.24545288085938,0.0,0.0,0.0,0.0,0.0,0.0
3.8,-0.014806769788265228,-0.023734472692012787,-9.820597648620605,0.014604904207214282,-0.023932982928676124,-0.0004415077283927832,-0.0005965826567262411,-0.0003273095062468201,-0.0002866545401047915,47.64146799988571,-122.14016500004271,122.24545288085938,0.0,0.0,0.0,0.0,0.0,0.0
3.8,-0.014806769788265228,-0.023734472692012787,-9.820597648620605,0.014604904207214282,-0.023932982928676124,-0.0004415077283927832,-0.0005965826567262411,-0.0003273095062468201,-0.0002866545401047915,47.64146799988571,-122.14016500004271,122.24545288085938,0.0,0.0,0.0,0.0,0.0,0.0
3.8,-0.014806769788265228,-0.023734472692012787,-9.820597648620605,0.014604904207214282,-0.023932982928676124,-0.0004415077283927832,-0.0005965826567262411,-0.0003273095062468201,-0.0002866545401047915,47.64146799988571,-122.14016500004271,122.24545288085938,0.0,0.0,0.0,0.0,0.0,0.0
3.8,0.0021418649703264236,0.00378196919336915,-9.793340682983398,0.014604904207214282,-0.023932982928676124,-0.0004415077283927832,0.00015642968355678022,-0.00014094324433244765,-1.8672151782084256e-05,47.64146799988571,-122.14016500004271,122.24545288085938,0.0,0.0,0.0,0.0,0.0,0.0
3.8,0.0021418649703264236,0.00378196919336915,-9.793340682983398,0.014604904207214282,-0.023932982928676124,-0.0004415077283927832,0.00015642968355678022,-0.00014094324433244765,-1.8672151782084256e-05,47.64146799988571,-122.14016500004271,122.24545288085938,0.0,0.0,0.0,0.0,0.0,0.0
3.8,0.0021418649703264236,0.00378196919336915,-9.793340682983398,0.014604904207214282,-0.023932982928676124,-0.0004415077283927832,0.00015642968355678022,-0.00014094324433244765,-1.8672151782084256e-05,47.64146799988571,-122.14016500004271,122.24545288085938,0.0,0.0,0.0,0.0,0.0,0.0
3.8,0.0021418649703264236,0.00378196919336915,-9.793340682983398,0.014604904207214282,-0.023932982928676124,-0.0004415077283927832,0.00015642968355678022,-0.00014094324433244765,-1.8672151782084256e-05,47.64146799988571,-122.14016500004271,122.24545288085938,0.0,0.0,0.0,0.0,0.0,0.0
3.8,0.0021418649703264236,0.00378196919336915,-9.793340682983398,0.014604904207214282,-0.023932982928676124,-0.0004415077283927832,0.00015642968355678022,-0.00014094324433244765,-1.8672151782084256e-05,47.64146799988571,-122.14016500004271,122.24545288085938,0.0,0.0,0.0,0.0,0.0,0.0
3.8,0.0021418649703264236,0.00378196919336915,-9.793340682983398,0.014604904207214282,-0.023932982928676124,-0.0004415077283927832,0.00015642968355678022,-0.00014094324433244765,-1.8672151782084256e-05,47.64146799988571,-122.14016500004271,122.24545288085938,0.0,0.0,0.0,0.0,0.0,0.0
3.8,0.0021418649703264236,0.00378196919336915,-9.793340682983398,0.014604904207214282,-0.023932982928676124,-0.0004415077283927832,0.00015642968355678022,-0.00014094324433244765,-1.8672151782084256e-05,47.64146799988571,-122.14016500004271,122.24545288085938,0.0,0.0,0.0,0.0,0.0,0.0
3.8,0.0021418649703264236,0.00378196919336915,-9.793340682983398,0.014604904207214282,-0.023932982928676124,-0.0004415077283927832,0.00015642968355678022,-0.00014094324433244765,-1.8672151782084256e-05,47.64146799988571,-122.14016500004271,122.24545288085938,0.0,0.0,0.0,0.0,0.0,0.0
3.8,0.0021418649703264236,0.00378196919336915,-9.793340682983398,0.014604904207214282,-0.023932982928676124,-0.0004415077283927832,0.00015642968355678022,-0.00014094324433244765,-1.8672151782084256e-05,47.64146799988571,-122.14016500004271,122.24545288085938,0.0,0.0,0.0,0.0,0.0,0.0
3.8,0.0021418649703264236,0.00378196919336915,-9.793340682983398,0.014604904207214282,-0.023932982928676124,-0.0004415077283927832,0.00015642968355678022,-0.00014094324433244765,-1.8672151782084256e-05,47.64146799988571,-122.14016500004271,122.24545288085938,0.0,0.0,0.0,0.0,0.0,0.0
3.8,0.0021418649703264236,0.00378196919336915,-9.793340682983398,0.014604904207214282,-0.023932982928676124,-0.0004415077283927832,0.00015642968355678022,-0.00014094324433244765,-1.8672151782084256e-05,47.64146799988571,-122.14016500004271,122.24545288085938,0.0,0.0,0.0,0.0,0.0,0.0
3.8,0.0021418649703264236,0.00378196919336915,-9.793340682983398,0.014604904207214282,-0.023932982928676124,-0.0004415077283927832,0.00015642968355678022,-0.00014094324433244765,-1.8672151782084256e-05,47.64146799988571,-122.14016500004271,122.24545288085938,0.0,0.0,0.0,0.0,0.0,0.0
3.8,0.0021418649703264236,0.00378196919336915,-9.793340682983398,0.014604904207214282,-0.023932982928676124,-0.0004415077283927832,0.00015642968355678022,-0.00014094324433244765,-1.8672151782084256e-05,47.64146799988571,-122.14016500004271,122.24545288085938,0.0,0.0,0.0,0.0,0.0,0.0
3.9,0.0021418649703264236,0.00378196919336915,-9.793340682983398,0.014604904207214282,-0.023932982928676124,-0.0004415077283927832,0.00015642968355678022,-0.00014094324433244765,-1.8672151782084256e-05,47.64146799988571,-122.14016500004271,122.24545288085938,0.0,0.0,0.0,0.0,0.0,0.0
3.9,-0.001291404478251934,0.008024284616112709,-9.81057071685791,0.014604904207214282,-0.023932982928676124,-0.0004415077283927832,5.263738421490416e-05,0.0001754361146595329,0.00012859191338066012,47.64146799988571,-122.14016500004271,122.24545288085938,0.0,0.0,0.0,0.0,0.0,0.0
3.9,-0.001291404478251934,0.008024284616112709,-9.81057071685791,0.014604904207214282,-0.023932982928676124,-0.0004415077283927832,5.263738421490416e-05,0.0001754361146595329,0.00012859191338066012,47.64146799988571,-122.14016500004271,122.24545288085938,0.0,0.0,0.0,0.0,0.0,0.0
3.9,-0.001291404478251934,0.008024284616112709,-9.81057071685791,0.014604904207214282,-0.023932982928676124,-0.0004415077283927832,5.263738421490416e-05,0.0001754361146595329,0.00012859191338066012,47.64146799988571,-122.14016500004271,122.24545288085938,0.0,0.0,0.0,0.0,0.0,0.0
3.9,-0.001291404478251934,0.008024284616112709,-9.81057071685791,0.014604904207214282,-0.023932982928676124,-0.0004415077283927832,5.263738421490416e-05,0.0001754361146595329,0.00012859191338066012,47.64146799988571,-122.14016500004271,122.24545288085938,0.0,0.0,0.0,0.0,0.0,0.0
3.9,-0.001291404478251934,0.008024284616112709,-9.81057071685791,0.014604904207214282,-0.023932982928676124,-0.0004415077283927832,5.263738421490416e-05,0.0001754361146595329,0.00012859191338066012,47.64146799988571,-122.14016500004271,122.24545288085938,0.0,0.0,0.0,0.0,0.0,0.0
3.9,-0.001291404478251934,0.008024284616112709,-9.81057071685791,0.014604904207214282,-0.023932982928676124,-0.0004415077283927832,5.263738421490416e-05,0.0001754361146595329,0.00012859191338066012,47.64146799988571,-122.14016500004271,122.24545288085938,0.0,0.0,0.0,0.0,0.0,0.0
3.9,-0.001291404478251934,0.008024284616112709,-9.81057071685791,0.014604904207214282,-0.023932982928676124,-0.0004415077283927832,5.263738421490416e-05,0.0001754361146595329,0.00012859191338066012,47.64146799988571,-122.14016500004271,122.24545288085938,0.0,0.0,0.0,0.0,0.0,0.0
3.9,-0.001291404478251934,0.008024284616112709,-9.81057071685791,0.014604904207214282,-0.023932982928676124,-0.0004415077283927832,5.263738421490416e-05,0.0001754361146595329,0.00012859191338066012,47.64146799988571,-122.14016500004271,122.24545288085938,0.0,0.0,0.0,0.0,0.0,0.0
3.9,-0.001291404478251934,0.008024284616112709,-9.81057071685791,0.014604904207214282,-0.023932982928676124,-0.0004415077283927832,5.263738421490416e-05,0.0001754361146595329,0.00012859191338066012,47.64146799988571,-122.14016500004271,122.24545288085938,0.0,0.0,0.0,0.0,0.0,0.0
3.9,-0.001291404478251934,0.008024284616112709,-9.81057071685791,0.014604904207214282,-0.023932982928676124,-0.0004415077283927832,5.263738421490416e-05,0.0001754361146595329,0.00012859191338066012,47.64146799988571,-122.14016500004271,122.24545288085938,0.0,0.0,0.0,0.0,0.0,0.0
3.9,-0.001291404478251934,0.008024284616112709,-9.81057071685791,0.014604904207214282,-0.023932982928676124,-0.0004415077283927832,5.263738421490416e-05,0.0001754361146595329,0.00012859191338066012,47.64146799988571,-122.14016500004271,122.24545288085938,0.0,0.0,0.0,0.0,0.0,0.0
3.9,-0.01309563871473074,-0.004251816309988499,-9.809138298034668,0.014604904207214282,-0.023932982928676124,-0.0004415077283927832,-0.0006182313663884997,0.0005402741371653974,-0.00041757526923902333,47.64146799988571,-122.14016500004271,122.24545288085938,0.0,0.0,0.0,0.0,0.0,0.0
3.9,-0.01309563871473074,-0.004251816309988499,-9.809138298034668,0.014604904207214282,-0.023932982928676124,-0.0004415077283927832,-0.0006182313663884997,0.0005402741371653974,-0.00041757526923902333,47.64146799988571,-122.14016500004271,122.24545288085938,0.0,0.0,0.0,0.0,0.0,0.0
3.9,-0.01309563871473074,-0.004251816309988499,-9.809138298034668,0.014604904207214282,-0.023932982928676124,-0.0004415077283927832,-0.0006182313663884997,0.0005402741371653974,-0.00041757526923902333,47.64146799988571,-122.14016500004271,122.24545288085938,0.0,0.0,0.0,0.0,0.0,0.0
3.9,-0.01309563871473074,-0.004251816309988499,-9.809138298034668,0.014604904207214282,-0.023932982928676124,-0.0004415077283927832,-0.0006182313663884997,0.0005402741371653974,-0.00041757526923902333,47.64146799988571,-122.14016500004271,122.24545288085938,0.0,0.0,0.0,0.0,0.0,0.0
3.9,-0.01309563871473074,-0.004251816309988499,-9.809138298034668,0.014604904207214282,-0.023932982928676124,-0.0004415077283927832,-0.0006182313663884997,0.0005402741371653974,-0.00041757526923902333,47.64146799988571,-122.14016500004271,122.24545288085938,0.0,0.0,0.0,0.0,0.0,0.0
3.9,-0.01309563871473074,-0.004251816309988499,-9.809138298034668,0.014604904207214282,-0.023932982928676124,-0.0004415077283927832,-0.0006182313663884997,0.0005402741371653974,-0.00041757526923902333,47.64146799988571,-122.14016500004271,122.24545288085938,0.0,0.0,0.0,0.0,0.0,0.0
4.0,-0.01309563871473074,-0.004251816309988499,-9.809138298034668,0.014604904207214282,-0.023932982928676124,-0.0004415077283927832,-0.0006182313663884997,0.0005402741371653974,-0.00041757526923902333,47.64146799988571,-122.14016500004271,122.24545288085938,0.0,0.0,0.0,0.0,0.0,0.0
4.0,-0.01309563871473074,-0.004251816309988499,-9.809138298034668,0.014604904207214282,-0.023932982928676124,-0.0004415077283927832,-0.0006182313663884997,0.0005402741371653974,-0.00041757526923902333,47.64146799988571,-122.14016500004271,122.24545288085938,0.0,0.0,0.0,0.0,0.0,0.0
4.0,-0.01309563871473074,-0.004251816309988499,-9.809138298034668,0.014604904207214282,-0.023932982928676124,-0.0004415077283927832,-0.0006182313663884997,0.0005402741371653974,-0.00041757526923902333,47.64146799988571,-122.14016500004271,122.24545288085938,0.0,0.0,0.0,0.0,0.0,0.0
4.0,-0.01309563871473074,-0.004251816309988499,-9.809138298034668,0.014604904207214282,-0.023932982928676124,-0.0004415077283927832,-0.0006182313663884997,0.0005402741371653974,-0.00041757526923902333,47.64146799988571,-122.14016500004271,122.24545288085938,0.0,0.0,0.0,0.0,0.0,0.0
4.0,-0.006619954481720924,-0.0054627675563097,-9.794914245605469,0.014604904207214282,-0.023932982928676124,-0.0004415077283927832,-0.00010784296318888664,-0.00022830982925370336,0.000277054583420977,47.64146799988571,-122.14016500004271,122.24545288085938,0.0,0.0,0.0,0.0,0.0,0.0
4.0,-0.006619954481720924,-0.0054627675563097,-9.794914245605469,0.014604904207214282,-0.023932982928676124,-0.0004415077283927832,-0.00010784296318888664,-0.00022830982925370336,0.000277054583420977,47.64146799988571,-122.14016500004271,122.24545288085938,0.0,0.0,0.0,0.0,0.0,0.0
4.0,-0.006619954481720924,-0.0054627675563097,-9.794914245605469,0.014604904207214282,-0.023932982928676124,-0.0004415077283927832,-0.00010784296318888664,-0.00022830982925370336,0.000277054583420977,47.64146799988571,-122.14016500004271,122.24545288085938,0.0,0.0,0.0,0.0,0.0,0.0
4.0,-0.006619954481720924,-0.0054627675563097,-9.794914245605469,0.014604904207214282,-0.023932982928676124,-0.0004415077283927832,-0.00010784296318888664,-0.00022830982925370336,0.000277054583420977,47.64146799988571,-122.14016500004271,122.24545288085938,0.0,0.0,0.0,0.0,0.0,0.0
4.0,-0.006619954481720924,-0.0054627675563097,-9.794914245605469,0.014604904207214282,-0.023932982928676124,-0.0004415077283927832,-0.00010784296318888664,-0.00022830982925370336,0.000277054583420977,47.64146799988571,-122.14016500004271,122.24545288085938,0.0,0.0,0.0,0.0,0.0,0.0
4.0,-0.006619954481720924,-0.0054627675563097,-9.794914245605469,0.014604904207214282,-0.023932982928676124,-0.0004415077283927832,-0.00010784296318888664,-0.00022830982925370336,0.000277054583420977,47.64146799988571,-122.14016500004271,122.24545288085938,0.0,0.0,0.0,0.0,0.0,0.0
4.0,-0.006619954481720924,-0.0054627675563097,-9.794914245605469,0.014604904207214282,-0.023932982928676124,-0.0004415077283927832,-0.00010784296318888664,-0.00022830982925370336,0.000277054583420977,47.64146799988571,-122.14016500004271,122.24545288085938,0.0,0.0,0.0,0.0,0.0,0.0
4.0,-0.006619954481720924,-0.0054627675563097,-9.794914245605469,0.014604904207214282,-0.023932982928676124,-0.0004415077283927832,-0.00010784296318888664,-0.00022830982925370336,0.000277054583420977,47.64146799988571,-122.14016500004271,122.24545288085938,0.0,0.0,0.0,0.0,0.0,0.0
4.0,0.0025022970512509346,-0.011114907450973988,-9.798115730285645,0.014604904207214282,-0.023932982928676124,-0.0004415077283927832,7.478143379557878e-05,-0.0007857831660658121,-0.00019459820759948343,47.64146799988571,-122.14016500004271,122.24545288085938,0.0,0.0,0.0,0.0,0.0,0.0
4.0,0.0025022970512509346,-0.011114907450973988,-9.798115730285645,0.014604904207214282,-0.023932982928676124,-0.0004415077283927832,7.478143379557878e-05,-0.0007857831660658121,-0.00019459820759948343,47.64146799988571,-122.14016500004271,122.24545288085938,0.0,0.0,0.0,0.0,0.0,0.0
4.0,0.0025022970512509346,-0.011114907450973988,-9.798115730285645,0.014604904207214282,-0.023932982928676124,-0.0004415077283927832,7.478143379557878e-05,-0.0007857831660658121,-0.00019459820759948343,47.64146799988571,-122.14016500004271,122.24545288085938,0.0,0.0,0.0,0.0,0.0,0.0
4.0,0.0025022970512509346,-0.011114907450973988,-9.798115730285645,0.014604904207214282,-0.023932982928676124,-0.0004415077283927832,7.478143379557878e-05,-0.0007857831660658121,-0.00019459820759948343,47.64146799988571,-122.14016500004271,122.24545288085938,0.0,0.0,0.0,0.0,0.0,0.0
4.0,0.0025022970512509346,-0.011114907450973988,-9.798115730285645,0.014604904207214282,-0.023932982928676124,-0.0004415077283927832,7.478143379557878e-05,-0.0007857831660658121,-0.00019459820759948343,47.64146799988571,-122.14016500004271,122.24545288085938,0.0,0.0,0.0,0.0,0.0,0.0
4.0,0.0025022970512509346,-0.011114907450973988,-9.798115730285645,0.014604904207214282,-0.023932982928676124,-0.0004415077283927832,7.478143379557878e-05,-0.0007857831660658121,-0.00019459820759948343,47.64146799988571,-122.14016500004271,122.24545288085938,0.0,0.0,0.0,0.0,0.0,0.0
4.1,0.0025022970512509346,-0.011114907450973988,-9.798115730285645,0.014604904207214282,-0.023932982928676124,-0.0004415077283927832,7.478143379557878e-05,-0.0007857831660658121,-0.00019459820759948343,47.64146799988571,-122.14016500004271,122.24545288085938,0.0,0.0,0.0,0.0,0.0,0.0
4.1,0.0025022970512509346,-0.011114907450973988,-9.798115730285645,0.014604904207214282,-0.023932982928676124,-0.0004415077283927832,7.478143379557878e-05,-0.0007857831660658121,-0.00019459820759948343,47.64146799988571,-122.14016500004271,122.24545288085938,0.0,0.0,0.0,0.0,0.0,0.0
4.1,0.0025022970512509346,-0.011114907450973988,-9.798115730285645,0.014604904207214282,-0.023932982928676124,-0.0004415077283927832,7.478143379557878e-05,-0.0007857831660658121,-0.00019459820759948343,47.64146799988571,-122.14016500004271,122.24545288085938,0.0,0.0,0.0,0.0,0.0,0.0
4.1,0.0025022970512509346,-0.011114907450973988,-9.798115730285645,0.014604904207214282,-0.023932982928676124,-0.0004415077283927832,7.478143379557878e-05,-0.0007857831660658121,-0.00019459820759948343,47.64146799988571,-122.14016500004271,122.24545288085938,0.0,0.0,0.0,0.0,0.0,0.0
4.1,0.0025022970512509346,-0.011114907450973988,-9.798115730285645,0.014604904207214282,-0.023932982928676124,-0.0004415077283927832,7.478143379557878e-05,-0.0007857831660658121,-0.00019459820759948343,47.64146799988571,-122.14016500004271,122.24545288085938,0.0,0.0,0.0,0.0,0.0,0.0
4.1,0.0025022970512509346,-0.011114907450973988,-9.798115730285645,0.014604904207214282,-0.023932982928676124,-0.0004415077283927832,7.478143379557878e-05,-0.0007857831660658121,-0.00019459820759948343,47.64146799988571,-122.14016500004271,122.24545288085938,0.0,0.0,0.0,0.0,0.0,0.0
4.1,-0.019737089052796364,0.00400629872456193,-9.798415184020996,0.014604904207214282,-0.023932982928676124,-0.0004415077283927832,-0.0003613328153733164,0.00024401265545748174,9.125749056693166e-05,47.64146799988571,-122.14016500004271,122.24545288085938,0.0,0.0,0.0,0.0,0.0,0.0
4.1,-0.019737089052796364,0.00400629872456193,-9.798415184020996,0.014604904207214282,-0.023932982928676124,-0.0004415077283927832,-0.0003613328153733164,0.00024401265545748174,9.125749056693166e-05,47.64146799988571,-122.14016500004271,122.24545288085938,0.0,0.0,0.0,0.0,0.0,0.0
4.1,-0.019737089052796364,0.00400629872456193,-9.798415184020996,0.014604904207214282,-0.023932982928676124,-0.0004415077283927832,-0.0003613328153733164,0.00024401265545748174,9.125749056693166e-05,47.64146799988571,-122.14016500004271,122.24545288085938,0.0,0.0,0.0,0.0,0.0,0.0
4.1,-0.019737089052796364,0.00400629872456193,-9.798415184020996,0.014604904207214282,-0.023932982928676124,-0.0004415077283927832,-0.0003613328153733164,0.00024401265545748174,9.125749056693166e-05,47.64146799988571,-122.14016500004271,122.24545288085938,0.0,0.0,0.0,0.0,0.0,0.0
4.1,-0.019737089052796364,0.00400629872456193,-9.798415184020996,0.014604904207214282,-0.023932982928676124,-0.0004415077283927832,-0.0003613328153733164,0.00024401265545748174,9.125749056693166e-05,47.64146799988571,-122.14016500004271,122.24545288085938,0.0,0.0,0.0,0.0,0.0,0.0
4.1,-0.019737089052796364,0.00400629872456193,-9.798415184020996,0.014604904207214282,-0.023932982928676124,-0.0004415077283927832,-0.0003613328153733164,0.00024401265545748174,9.125749056693166e-05,47.64146799988571,-122.14016500004271,122.24545288085938,0.0,0.0,0.0,0.0,0.0,0.0
4.1,-0.019737089052796364,0.00400629872456193,-9.798415184020996,0.014604904207214282,-0.023932982928676124,-0.0004415077283927832,-0.0003613328153733164,0.00024401265545748174,9.125749056693166e-05,47.64146799988571,-122.14016500004271,122.24545288085938,0.0,0.0,0.0,0.0,0.0,0.0
4.1,-0.019737089052796364,0.00400629872456193,-9.798415184020996,0.014604904207214282,-0.023932982928676124,-0.0004415077283927832,-0.0003613328153733164,0.00024401265545748174,9.125749056693166e-05,47.64146799988571,-122.14016500004271,122.24545288085938,0.0,0.0,0.0,0.0,0.0,0.0
4.1,-0.019255518913269043,0.010116779245436192,-9.798896789550781,0.014604904207214282,-0.023932982928676124,-0.0004415077283927832,0.00024682923685759306,0.0012308558216318488,-0.0007171556353569031,47.64146799988571,-122.14016500004271,122.24545288085938,0.0,0.0,0.0,0.0,0.0,0.0
4.1,-0.019255518913269043,0.010116779245436192,-9.798896789550781,0.014604904207214282,-0.023932982928676124,-0.0004415077283927832,0.00024682923685759306,0.0012308558216318488,-0.0007171556353569031,47.64146799988571,-122.14016500004271,122.24545288085938,0.0,0.0,0.0,0.0,0.0,0.0
4.1,-0.019255518913269043,0.010116779245436192,-9.798896789550781,0.014604904207214282,-0.023932982928676124,-0.0004415077283927832,0.00024682923685759306,0.0012308558216318488,-0.0007171556353569031,47.64146799988571,-122.14016500004271,122.24545288085938,0.0,0.0,0.0,0.0,0.0,0.0
4.1,-0.019255518913269043,0.010116779245436192,-9.798896789550781,0.014604904207214282,-0.023932982928676124,-0.0004415077283927832,0.00024682923685759306,0.0012308558216318488,-0.0007171556353569031,47.64146799988571,-122.14016500004271,122.24545288085938,0.0,0.0,0.0,0.0,0.0,0.0
4.2,-0.019255518913269043,0.010116779245436192,-9.798896789550781,0.014604904207214282,-0.023932982928676124,-0.0004415077283927832,0.00024682923685759306,0.0012308558216318488,-0.0007171556353569031,47.64146799988571,-122.14016500004271,122.24545288085938,0.0,0.0,0.0,0.0,0.0,0.0
4.2,-0.019255518913269043,0.010116779245436192,-9.798896789550781,0.014604904207214282,-0.023932982928676124,-0.0004415077283927832,0.00024682923685759306,0.0012308558216318488,-0.0007171556353569031,47.64146799988571,-122.14016500004271,122.24545288085938,0.0,0.0,0.0,0.0,0.0,0.0
4.2,-0.019255518913269043,0.010116779245436192,-9.798896789550781,0.014604904207214282,-0.023932982928676124,-0.0004415077283927832,0.00024682923685759306,0.0012308558216318488,-0.0007171556353569031,47.64146799988571,-122.14016500004271,122.24545288085938,0.0,0.0,0.0,0.0,0.0,0.0
4.2,-0.019255518913269043,0.010116779245436192,-9.798896789550781,0.014604904207214282,-0.023932982928676124,-0.0004415077283927832,0.00024682923685759306,0.0012308558216318488,-0.0007171556353569031,47.64146799988571,-122.14016500004271,122.24545288085938,0.0,0.0,0.0,0.0,0.0,0.0
4.2,0.004194003529846668,-0.0007831116672605276,-9.806884765625,0.014604904207214282,-0.023932982928676124,-0.0004415077283927832,0.0008378970669582486,0.00015021770377643406,0.00017560367996338755,47.64146799988571,-122.14016500004271,122.24545288085938,0.0,0.0,0.0,0.0,0.0,0.0
4.2,0.004194003529846668,-0.0007831116672605276,-9.806884765625,0.014604904207214282,-0.023932982928676124,-0.0004415077283927832,0.0008378970669582486,0.00015021770377643406,0.00017560367996338755,47.64146799988571,-122.14016500004271,122.24545288085938,0.0,0.0,0.0,0.0,0.0,0.0
4.2,0.004194003529846668,-0.0007831116672605276,-9.806884765625,0.014604904207214282,-0.023932982928676124,-0.0004415077283927832,0.0008378970669582486,0.00015021770377643406,0.00017560367996338755,47.64146799988571,-122.14016500004271,122.24545288085938,0.0,0.0,0.0,0.0,0.0,0.0
4.2,0.004194003529846668,-0.0007831116672605276,-9.806884765625,0.014604904207214282,-0.023932982928676124,-0.0004415077283927832,0.0008378970669582486,0.00015021770377643406,0.00017560367996338755,47.64146799988571,-122.14016500004271,122.24545288085938,0.0,0.0,0.0,0.0,0.0,0.0
4.2,0.004194003529846668,-0.0007831116672605276,-9.806884765625,0.014604904207214282,-0.023932982928676124,-0.0004415077283927832,0.0008378970669582486,0.00015021770377643406,0.00017560367996338755,47.64146799988571,-122.14016500004271,122.24545288085938,0.0,0.0,0.0,0.0,0.0,0.0
4.2,0.004194003529846668,-0.0007831116672605276,-9.806884765625,0.014604904207214282,-0.023932982928676124,-0.0004415077283927832,0.0008378970669582486,0.00015021770377643406,0.00017560367996338755,47.64146799988571,-122.14016500004271,122.24545288085938,0.0,0.0,0.0,0.0,0.0,0.0
4.2,0.004194003529846668,-0.0007831116672605276,-9.806884765625,0.014604904207214282,-0.023932982928676124,-0.0004415077283927832,0.0008378970669582486,0.00015021770377643406,0.00017560367996338755,47.64146799988571,-122.14016500004271,122.24545288085938,0.0,0.0,0.0,0.0,0.0,0.0
4.2,0.004194003529846668,-0.0007831116672605276,-9.806884765625,0.014604904207214282,-0.023932982928676124,-0.0004415077283927832,0.0008378970669582486,0.00015021770377643406,0.00017560367996338755,47.64146799988571,-122.14016500004271,122.24545288085938,0.0,0.0,0.0,0.0,0.0,0.0
4.2,0.004194003529846668,-0.0007831116672605276,-9.806884765625,0.014604904207214282,-0.023932982928676124,-0.0004415077283927832,0.0008378970669582486,0.00015021770377643406,0.00017560367996338755,47.64146799988571,-122.14016500004271,122.24545288085938,0.0,0.0,0.0,0.0,0.0,0.0
4.2,0.004194003529846668,-0.0007831116672605276,-9.806884765625,0.014604904207214282,-0.023932982928676124,-0.0004415077283927832,0.0008378970669582486,0.00015021770377643406,0.00017560367996338755,47.64146799988571,-122.14016500004271,122.24545288085938,0.0,0.0,0.0,0.0,0.0,0.0
4.2,0.004194003529846668,-0.0007831116672605276,-9.806884765625,0.014604904207214282,-0.023932982928676124,-0.0004415077283927832,0.0008378970669582486,0.00015021770377643406,0.00017560367996338755,47.64146799988571,-122.14016500004271,122.24545288085938,0.0,0.0,0.0,0.0,0.0,0.0
4.2,0.004194003529846668,-0.0007831116672605276,-9.806884765625,0.014604904207214282,-0.023932982928676124,-0.0004415077283927832,0.0008378970669582486,0.00015021770377643406,0.00017560367996338755,47.64146799988571,-122.14016500004271,122.24545288085938,0.0,0.0,0.0,0.0,0.0,0.0
4.2,0.004194003529846668,-0.0007831116672605276,-9.806884765625,0.014604904207214282,-0.023932982928676124,-0.0004415077283927832,0.0008378970669582486,0.00015021770377643406,0.00017560367996338755,47.64146799988571,-122.14016500004271,122.24545288085938,0.0,0.0,0.0,0.0,0.0,0.0
4.2,0.000829821452498436,-0.003831002861261368,-9.793937683105469,0.014604904207214282,-0.023932982928676124,-0.0004415077283927832,0.000206559372600168,-0.0003744421119336039,4.221625567879528e-05,47.64146799988571,-122.14016500004271,122.24545288085938,0.0,0.0,0.0,0.0,0.0,0.0
4.3,0.000829821452498436,-0.003831002861261368,-9.793937683105469,0.014604904207214282,-0.023932982928676124,-0.0004415077283927832,0.000206559372600168,-0.0003744421119336039,4.221625567879528e-05,47.64146799988571,-122.14016500004271,122.24545288085938,0.0,0.0,0.0,0.0,0.0,0.0
4.3,0.000829821452498436,-0.003831002861261368,-9.793937683105469,0.014604904207214282,-0.023932982928676124,-0.0004415077283927832,0.000206559372600168,-0.0003744421119336039,4.221625567879528e-05,47.64146799988571,-122.14016500004271,122.24545288085938,0.0,0.0,0.0,0.0,0.0,0.0
4.3,0.000829821452498436,-0.003831002861261368,-9.793937683105469,0.014604904207214282,-0.023932982928676124,-0.0004415077283927832,0.000206559372600168,-0.0003744421119336039,4.221625567879528e-05,47.64146799988571,-122.14016500004271,122.24545288085938,0.0,0.0,0.0,0.0,0.0,0.0
4.3,0.000829821452498436,-0.003831002861261368,-9.793937683105469,0.014604904207214282,-0.023932982928676124,-0.0004415077283927832,0.000206559372600168,-0.0003744421119336039,4.221625567879528e-05,47.64146799988571,-122.14016500004271,122.24545288085938,0.0,0.0,0.0,0.0,0.0,0.0
4.3,0.000829821452498436,-0.003831002861261368,-9.793937683105469,0.014604904207214282,-0.023932982928676124,-0.0004415077283927832,0.000206559372600168,-0.0003744421119336039,4.221625567879528e-05,47.64146799988571,-122.14016500004271,122.24545288085938,0.0,0.0,0.0,0.0,0.0,0.0
4.3,0.000829821452498436,-0.003831002861261368,-9.793937683105469,0.014604904207214282,-0.023932982928676124,-0.0004415077283927832,0.000206559372600168,-0.0003744421119336039,4.221625567879528e-05,47.64146799988571,-122.14016500004271,122.24545288085938,0.0,0.0,0.0,0.0,0.0,0.0
4.3,0.000829821452498436,-0.003831002861261368,-9.793937683105469,0.014604904207214282,-0.023932982928676124,-0.0004415077283927832,0.000206559372600168,-0.0003744421119336039,4.221625567879528e-05,47.64146799988571,-122.14016500004271,122.24545288085938,0.0,0.0,0.0,0.0,0.0,0.0
4.3,0.000829821452498436,-0.003831002861261368,-9.793937683105469,0.014604904207214282,-0.023932982928676124,-0.0004415077283927832,0.000206559372600168,-0.0003744421119336039,4.221625567879528e-05,47.64146799988571,-122.14016500004271,122.24545288085938,0.0,0.0,0.0,0.0,0.0,0.0
4.3,0.000829821452498436,-0.003831002861261368,-9.793937683105469,0.014604904207214282,-0.023932982928676124,-0.0004415077283927832,0.000206559372600168,-0.0003744421119336039,4.221625567879528e-05,47.64146799988571,-122.14016500004271,122.24545288085938,0.0,0.0,0.0,0.0,0.0,0.0
4.3,0.000829821452498436,-0.003831002861261368,-9.793937683105469,0.014604904207214282,-0.023932982928676124,-0.0004415077283927832,0.000206559372600168,-0.0003744421119336039,4.221625567879528e-05,47.64146799988571,-122.14016500004271,122.24545288085938,0.0,0.0,0.0,0.0,0.0,0.0
4.3,0.000829821452498436,-0.003831002861261368,-9.793937683105469,0.014604904207214282,-0.023932982928676124,-0.0004415077283927832,0.000206559372600168,-0.0003744421119336039,4.221625567879528e-05,47.64146799988571,-122.14016500004271,122.24545288085938,0.0,0.0,0.0,0.0,0.0,0.0
4.3,-0.0002002166584134102,-0.015123358927667141,-9.814644813537598,0.014604904207214282,-0.023932982928676124,-0.0004415077283927832,0.0004709669738076627,0.0005846958956681192,5.328010956873186e-05,47.64146799988571,-122.14016500004271,122.24545288085938,0.0,0.0,0.0,0.0,0.0,0.0
4.3,-0.0002002166584134102,-0.015123358927667141,-9.814644813537598,0.014604904207214282,-0.023932982928676124,-0.0004415077283927832,0.0004709669738076627,0.0005846958956681192,5.328010956873186e-05,47.64146799988571,-122.14016500004271,122.24545288085938,0.0,0.0,0.0,0.0,0.0,0.0
4.3,-0.0002002166584134102,-0.015123358927667141,-9.814644813537598,0.014604904207214282,-0.023932982928676124,-0.0004415077283927832,0.0004709669738076627,0.0005846958956681192,5.328010956873186e-05,47.64146799988571,-122.14016500004271,122.24545288085938,0.0,0.0,0.0,0.0,0.0,0.0
4.3,-0.0002002166584134102,-0.015123358927667141,-9.814644813537598,0.014604904207214282,-0.023932982928676124,-0.0004415077283927832,0.0004709669738076627,0.0005846958956681192,5.328010956873186e-05,47.64146799988571,-122.14016500004271,122.24545288085938,0.0,0.0,0.0,0.0,0.0,0.0
4.3,-0.0002002166584134102,-0.015123358927667141,-9.814644813537598,0.014604904207214282,-0.023932982928676124,-0.0004415077283927832,0.0004709669738076627,0.0005846958956681192,5.328010956873186e-05,47.64146799988571,-122.14016500004271,122.24545288085938,0.0,0.0,0.0,0.0,0.0,0.0
4.3,-0.0002002166584134102,-0.015123358927667141,-9.814644813537598,0.014604904207214282,-0.023932982928676124,-0.0004415077283927832,0.0004709669738076627,0.0005846958956681192,5.328010956873186e-05,47.64146799988571,-122.14016500004271,122.24545288085938,0.0,0.0,0.0,0.0,0.0,0.0
4.3,-0.0002002166584134102,-0.015123358927667141,-9.814644813537598,0.014604904207214282,-0.023932982928676124,-0.0004415077283927832,0.0004709669738076627,0.0005846958956681192,5.328010956873186e-05,47.64146799988571,-122.14016500004271,122.24545288085938,0.0,0.0,0.0,0.0,0.0,0.0
4.4,-0.0002002166584134102,-0.015123358927667141,-9.814644813537598,0.014604904207214282,-0.023932982928676124,-0.0004415077283927832,0.0004709669738076627,0.0005846958956681192,5.328010956873186e-05,47.64146799988571,-122.14016500004271,122.24545288085938,0.0,0.0,0.0,0.0,0.0,0.0
4.4,-0.0002002166584134102,-0.015123358927667141,-9.814644813537598,0.014604904207214282,-0.023932982928676124,-0.0004415077283927832,0.0004709669738076627,0.0005846958956681192,5.328010956873186e-05,47.64146799988571,-122.14016500004271,122.24545288085938,0.0,0.0,0.0,0.0,0.0,0.0
4.4,-0.0002002166584134102,-0.015123358927667141,-9.814644813537598,0.014604904207214282,-0.023932982928676124,-0.0004415077283927832,0.0004709669738076627,0.0005846958956681192,5.328010956873186e-05,47.64146799988571,-122.14016500004271,122.24545288085938,0.0,0.0,0.0,0.0,0.0,0.0
4.4,-0.0002002166584134102,-0.015123358927667141,-9.814644813537598,0.014604904207214282,-0.023932982928676124,-0.0004415077283927832,0.0004709669738076627,0.0005846958956681192,5.328010956873186e-05,47.64146799988571,-122.14016500004271,122.24545288085938,0.0,0.0,0.0,0.0,0.0,0.0
4.4,-0.0002002166584134102,-0.015123358927667141,-9.814644813537598,0.014604904207214282,-0.023932982928676124,-0.0004415077283927832,0.0004709669738076627,0.0005846958956681192,5.328010956873186e-05,47.64146799988571,-122.14016500004271,122.24545288085938,0.0,0.0,0.0,0.0,0.0,0.0
4.4,-0.0002002166584134102,-0.015123358927667141,-9.814644813537598,0.014604904207214282,-0.023932982928676124,-0.0004415077283927832,0.0004709669738076627,0.0005846958956681192,5.328010956873186e-05,47.64146799988571,-122.14016500004271,122.24545288085938,0.0,0.0,0.0,0.0,0.0,0.0
4.4,-0.0002002166584134102,-0.015123358927667141,-9.814644813537598,0.014604904207214282,-0.023932982928676124,-0.0004415077283927832,0.0004709669738076627,0.0005846958956681192,5.328010956873186e-05,47.64146799988571,-122.14016500004271,122.24545288085938,0.0,0.0,0.0,0.0,0.0,0.0
4.4,0.005394886247813702,-0.0030586118809878826,-9.814009666442871,0.014604904207214282,-0.023932982928676124,-0.0004415077283927832,0.0003369627520442009,5.796833647764288e-05,-0.0004941412480548024,47.64146799988571,-122.14016500004271,122.24545288085938,0.0,0.0,0.0,0.0,0.0,0.0
4.4,0.005394886247813702,-0.0030586118809878826,-9.814009666442871,0.014604904207214282,-0.023932982928676124,-0.0004415077283927832,0.0003369627520442009,5.796833647764288e-05,-0.0004941412480548024,47.64146799988571,-122.14016500004271,122.24545288085938,0.0,0.0,0.0,0.0,0.0,0.0
4.4,0.005394886247813702,-0.0030586118809878826,-9.814009666442871,0.014604904207214282,-0.023932982928676124,-0.0004415077283927832,0.0003369627520442009,5.796833647764288e-05,-0.0004941412480548024,47.64146799988571,-122.14016500004271,122.24545288085938,0.0,0.0,0.0,0.0,0.0,0.0
4.4,0.005394886247813702,-0.0030586118809878826,-9.814009666442871,0.014604904207214282,-0.023932982928676124,-0.0004415077283927832,0.0003369627520442009,5.796833647764288e-05,-0.0004941412480548024,47.64146799988571,-122.14016500004271,122.24545288085938,0.0,0.0,0.0,0.0,0.0,0.0
4.4,0.005394886247813702,-0.0030586118809878826,-9.814009666442871,0.014604904207214282,-0.023932982928676124,-0.0004415077283927832,0.0003369627520442009,5.796833647764288e-05,-0.0004941412480548024,47.64146799988571,-122.14016500004271,122.24545288085938,0.0,0.0,0.0,0.0,0.0,0.0
4.4,0.005394886247813702,-0.0030586118809878826,-9.814009666442871,0.014604904207214282,-0.023932982928676124,-0.0004415077283927832,0.0003369627520442009,5.796833647764288e-05,-0.0004941412480548024,47.64146799988571,-122.14016500004271,122.24545288085938,0.0,0.0,0.0,0.0,0.0,0.0
4.4,0.005394886247813702,-0.0030586118809878826,-9.814009666442871,0.014604904207214282,-0.023932982928676124,-0.0004415077283927832,0.0003369627520442009,5.796833647764288e-05,-0.0004941412480548024,47.64146799988571,-122.14016500004271,122.24545288085938,0.0,0.0,0.0,0.0,0.0,0.0
4.4,0.005394886247813702,-0.0030586118809878826,-9.814009666442871,0.014604904207214282,-0.023932982928676124,-0.0004415077283927832,0.0003369627520442009,5.796833647764288e-05,-0.0004941412480548024,47.64146799988571,-122.14016500004271,122.24545288085938,0.0,0.0,0.0,0.0,0.0,0.0
4.4,0.0016816584393382072,-0.015784580260515213,-9.813037872314453,0.014604904207214282,-0.023932982928676124,-0.0004415077283927832,-0.00052990997210145,1.0344301699660718e-05,-0.0002484614960849285,47.64146799988571,-122.14016500004271,122.24545288085938,0.0,0.0,0.0,0.0,0.0,0.0
4.4,0.0016816584393382072,-0.015784580260515213,-9.813037872314453,0.014604904207214282,-0.023932982928676124,-0.0004415077283927832,-0.00052990997210145,1.0344301699660718e-05,-0.0002484614960849285,47.64146799988571,-122.14016500004271,122.24545288085938,0.0,0.0,0.0,0.0,0.0,0.0
4.5,0.0016816584393382072,-0.015784580260515213,-9.813037872314453,0.014604904207214282,-0.023932982928676124,-0.0004415077283927832,-0.00052990997210145,1.0344301699660718e-05,-0.0002484614960849285,47.64146799988571,-122.14016500004271,122.24545288085938,0.0,0.0,0.0,0.0,0.0,0.0
4.5,0.0016816584393382072,-0.015784580260515213,-9.813037872314453,0.014604904207214282,-0.023932982928676124,-0.0004415077283927832,-0.00052990997210145,1.0344301699660718e-05,-0.0002484614960849285,47.64146799988571,-122.14016500004271,122.24545288085938,0.0,0.0,0.0,0.0,0.0,0.0
4.5,0.0016816584393382072,-0.015784580260515213,-9.813037872314453,0.014604904207214282,-0.023932982928676124,-0.0004415077283927832,-0.00052990997210145,1.0344301699660718e-05,-0.0002484614960849285,47.64146799988571,-122.14016500004271,122.24545288085938,0.0,0.0,0.0,0.0,0.0,0.0
4.5,0.0016816584393382072,-0.015784580260515213,-9.813037872314453,0.014604904207214282,-0.023932982928676124,-0.0004415077283927832,-0.00052990997210145,1.0344301699660718e-05,-0.0002484614960849285,47.64146799988571,-122.14016500004271,122.24545288085938,0.0,0.0,0.0,0.0,0.0,0.0
4.5,0.0016816584393382072,-0.015784580260515213,-9.813037872314453,0.014604904207214282,-0.023932982928676124,-0.0004415077283927832,-0.00052990997210145,1.0344301699660718e-05,-0.0002484614960849285,47.64146799988571,-122.14016500004271,122.24545288085938,0.0,0.0,0.0,0.0,0.0,0.0
4.5,0.0016816584393382072,-0.015784580260515213,-9.813037872314453,0.014604904207214282,-0.023932982928676124,-0.0004415077283927832,-0.00052990997210145,1.0344301699660718e-05,-0.0002484614960849285,47.64146799988571,-122.14016500004271,122.24545288085938,0.0,0.0,0.0,0.0,0.0,0.0
4.5,0.0016816584393382072,-0.015784580260515213,-9.813037872314453,0.014604904207214282,-0.023932982928676124,-0.0004415077283927832,-0.00052990997210145,1.0344301699660718e-05,-0.0002484614960849285,47.64146799988571,-122.14016500004271,122.24545288085938,0.0,0.0,0.0,0.0,0.0,0.0
4.5,0.0016816584393382072,-0.015784580260515213,-9.813037872314453,0.014604904207214282,-0.023932982928676124,-0.0004415077283927832,-0.00052990997210145,1.0344301699660718e-05,-0.0002484614960849285,47.64146799988571,-122.14016500004271,122.24545288085938,0.0,0.0,0.0,0.0,0.0,0.0
4.5,-0.0020910282619297504,-0.010111858136951923,-9.814119338989258,0.014604904207214282,-0.023932982928676124,-0.0004415077283927832,-7.975732296472415e-05,0.00038025391404516995,-0.00018264925165567547,47.64146799988571,-122.14016500004271,122.24545288085938,0.0,0.0,0.0,0.0,0.0,0.0
4.5,-0.0020910282619297504,-0.010111858136951923,-9.814119338989258,0.014604904207214282,-0.023932982928676124,-0.0004415077283927832,-7.975732296472415e-05,0.00038025391404516995,-0.00018264925165567547,47.64146799988571,-122.14016500004271,122.24545288085938,0.0,0.0,0.0,0.0,0.0,0.0
4.5,-0.0020910282619297504,-0.010111858136951923,-9.814119338989258,0.014604904207214282,-0.023932982928676124,-0.0004415077283927832,-7.975732296472415e-05,0.00038025391404516995,-0.00018264925165567547,47.64146799988571,-122.14016500004271,122.24545288085938,0.0,0.0,0.0,0.0,0.0,0.0
4.5,-0.0020910282619297504,-0.010111858136951923,-9.814119338989258,0.014604904207214282,-0.023932982928676124,-0.0004415077283927832,-7.975732296472415e-05,0.00038025391404516995,-0.00018264925165567547,47.64146799988571,-122.14016500004271,122.24545288085938,0.0,0.0,0.0,0.0,0.0,0.0
4.5,-0.0020910282619297504,-0.010111858136951923,-9.814119338989258,0.014604904207214282,-0.023932982928676124,-0.0004415077283927832,-7.975732296472415e-05,0.00038025391404516995,-0.00018264925165567547,47.64146799988571,-122.14016500004271,122.24545288085938,0.0,0.0,0.0,0.0,0.0,0.0
4.5,-0.0020910282619297504,-0.010111858136951923,-9.814119338989258,0.014604904207214282,-0.023932982928676124,-0.0004415077283927832,-7.975732296472415e-05,0.00038025391404516995,-0.00018264925165567547,47.64146799988571,-122.14016500004271,122.24545288085938,0.0,0.0,0.0,0.0,0.0,0.0
4.5,-0.0020910282619297504,-0.010111858136951923,-9.814119338989258,0.014604904207214282,-0.023932982928676124,-0.0004415077283927832,-7.975732296472415e-05,0.00038025391404516995,-0.00018264925165567547,47.64146799988571,-122.14016500004271,122.24545288085938,0.0,0.0,0.0,0.0,0.0,0.0
4.5,0.009826336987316608,-0.01029173657298088,-9.802257537841797,0.014604904207214282,-0.023932982928676124,-0.0004415077283927832,9.039755241246894e-05,-8.369711576960981e-05,-0.00017248591757379472,47.64146799988571,-122.14016500004271,122.24545288085938,0.0,0.0,0.0,0.0,0.0,0.0
4.5,0.009826336987316608,-0.01029173657298088,-9.802257537841797,0.014604904207214282,-0.023932982928676124,-0.0004415077283927832,9.039755241246894e-05,-8.369711576960981e-05,-0.00017248591757379472,47.64146799988571,-122.14016500004271,122.24545288085938,0.0,0.0,0.0,0.0,0.0,0.0
4.5,0.009826336987316608,-0.01029173657298088,-9.802257537841797,0.014604904207214282,-0.023932982928676124,-0.0004415077283927832,9.039755241246894e-05,-8.369711576960981e-05,-0.00017248591757379472,47.64146799988571,-122.14016500004271,122.24545288085938,0.0,0.0,0.0,0.0,0.0,0.0
4.6,0.009826336987316608,-0.01029173657298088,-9.802257537841797,0.014604904207214282,-0.023932982928676124,-0.0004415077283927832,9.039755241246894e-05,-8.369711576960981e-05,-0.00017248591757379472,47.64146799988571,-122.14016500004271,122.24545288085938,0.0,0.0,0.0,0.0,0.0,0.0
4.6,0.009826336987316608,-0.01029173657298088,-9.802257537841797,0.014604904207214282,-0.023932982928676124,-0.0004415077283927832,9.039755241246894e-05,-8.369711576960981e-05,-0.00017248591757379472,47.64146799988571,-122.14016500004271,122.24545288085938,0.0,0.0,0.0,0.0,0.0,0.0
4.6,0.009826336987316608,-0.01029173657298088,-9.802257537841797,0.014604904207214282,-0.023932982928676124,-0.0004415077283927832,9.039755241246894e-05,-8.369711576960981e-05,-0.00017248591757379472,47.64146799988571,-122.14016500004271,122.24545288085938,0.0,0.0,0.0,0.0,0.0,0.0
4.6,0.009826336987316608,-0.01029173657298088,-9.802257537841797,0.014604904207214282,-0.023932982928676124,-0.0004415077283927832,9.039755241246894e-05,-8.369711576960981e-05,-0.00017248591757379472,47.64146799988571,-122.14016500004271,122.24545288085938,0.0,0.0,0.0,0.0,0.0,0.0
4.6,0.009826336987316608,-0.01029173657298088,-9.802257537841797,0.014604904207214282,-0.023932982928676124,-0.0004415077283927832,9.039755241246894e-05,-8.369711576960981e-05,-0.00017248591757379472,47.64146799988571,-122.14016500004271,122.24545288085938,0.0,0.0,0.0,0.0,0.0,0.0
4.6,0.009826336987316608,-0.01029173657298088,-9.802257537841797,0.014604904207214282,-0.023932982928676124,-0.0004415077283927832,9.039755241246894e-05,-8.369711576960981e-05,-0.00017248591757379472,47.64146799988571,-122.14016500004271,122.24545288085938,0.0,0.0,0.0,0.0,0.0,0.0
4.6,0.009826336987316608,-0.01029173657298088,-9.802257537841797,0.014604904207214282,-0.023932982928676124,-0.0004415077283927832,9.039755241246894e-05,-8.369711576960981e-05,-0.00017248591757379472,47.64146799988571,-122.14016500004271,122.24545288085938,0.0,0.0,0.0,0.0,0.0,0.0
4.6,0.009826336987316608,-0.01029173657298088,-9.802257537841797,0.014604904207214282,-0.023932982928676124,-0.0004415077283927832,9.039755241246894e-05,-8.369711576960981e-05,-0.00017248591757379472,47.64146799988571,-122.14016500004271,122.24545288085938,0.0,0.0,0.0,0.0,0.0,0.0
4.6,0.009826336987316608,-0.01029173657298088,-9.802257537841797,0.014604904207214282,-0.023932982928676124,-0.0004415077283927832,9.039755241246894e-05,-8.369711576960981e-05,-0.00017248591757379472,47.64146799988571,-122.14016500004271,122.24545288085938,0.0,0.0,0.0,0.0,0.0,0.0
4.6,0.009826336987316608,-0.01029173657298088,-9.802257537841797,0.014604904207214282,-0.023932982928676124,-0.0004415077283927832,9.039755241246894e-05,-8.369711576960981e-05,-0.00017248591757379472,47.64146799988571,-122.14016500004271,122.24545288085938,0.0,0.0,0.0,0.0,0.0,0.0
4.6,0.0007290397770702839,0.013216312043368816,-9.814017295837402,0.014604904207214282,-0.023932982928676124,-0.0004415077283927832,0.0005715744919143617,0.00018380183610133827,-0.00013357907300814986,47.64146799988571,-122.14016500004271,122.24545288085938,0.0,0.0,0.0,0.0,0.0,0.0
4.6,0.0007290397770702839,0.013216312043368816,-9.814017295837402,0.014604904207214282,-0.023932982928676124,-0.0004415077283927832,0.0005715744919143617,0.00018380183610133827,-0.00013357907300814986,47.64146799988571,-122.14016500004271,122.24545288085938,0.0,0.0,0.0,0.0,0.0,0.0
4.6,0.0007290397770702839,0.013216312043368816,-9.814017295837402,0.014604904207214282,-0.023932982928676124,-0.0004415077283927832,0.0005715744919143617,0.00018380183610133827,-0.00013357907300814986,47.64146799988571,-122.14016500004271,122.24545288085938,0.0,0.0,0.0,0.0,0.0,0.0
4.6,0.0007290397770702839,0.013216312043368816,-9.814017295837402,0.014604904207214282,-0.023932982928676124,-0.0004415077283927832,0.0005715744919143617,0.00018380183610133827,-0.00013357907300814986,47.64146799988571,-122.14016500004271,122.24545288085938,0.0,0.0,0.0,0.0,0.0,0.0
4.6,0.0007290397770702839,0.013216312043368816,-9.814017295837402,0.014604904207214282,-0.023932982928676124,-0.0004415077283927832,0.0005715744919143617,0.00018380183610133827,-0.00013357907300814986,47.64146799988571,-122.14016500004271,122.24545288085938,0.0,0.0,0.0,0.0,0.0,0.0
4.6,0.0007290397770702839,0.013216312043368816,-9.814017295837402,0.014604904207214282,-0.023932982928676124,-0.0004415077283927832,0.0005715744919143617,0.00018380183610133827,-0.00013357907300814986,47.64146799988571,-122.14016500004271,122.24545288085938,0.0,0.0,0.0,0.0,0.0,0.0
4.6,-0.020083844661712646,-0.017886586487293243,-9.809310913085938,0.014604904207214282,-0.023932982928676124,-0.0004415077283927832,-0.0005141929723322392,-0.0009318546508438885,-0.0010805579368025064,47.64146799988571,-122.14016500004271,122.24545288085938,0.0,0.0,0.0,0.0,0.0,0.0
4.6,-0.020083844661712646,-0.017886586487293243,-9.809310913085938,0.014604904207214282,-0.023932982928676124,-0.0004415077283927832,-0.0005141929723322392,-0.0009318546508438885,-0.0010805579368025064,47.64146799988571,-122.14016500004271,122.24545288085938,0.0,0.0,0.0,0.0,0.0,0.0
4.7,-0.020083844661712646,-0.017886586487293243,-9.809310913085938,0.014604904207214282,-0.023932982928676124,-0.0004415077283927832,-0.0005141929723322392,-0.0009318546508438885,-0.0010805579368025064,47.64146799988571,-122.14016500004271,122.24545288085938,0.0,0.0,0.0,0.0,0.0,0.0
4.7,-0.020083844661712646,-0.017886586487293243,-9.809310913085938,0.014604904207214282,-0.023932982928676124,-0.0004415077283927832,-0.0005141929723322392,-0.0009318546508438885,-0.0010805579368025064,47.64146799988571,-122.14016500004271,122.24545288085938,0.0,0.0,0.0,0.0,0.0,0.0
4.7,-0.020083844661712646,-0.017886586487293243,-9.809310913085938,0.014604904207214282,-0.023932982928676124,-0.0004415077283927832,-0.0005141929723322392,-0.0009318546508438885,-0.0010805579368025064,47.64146799988571,-122.14016500004271,122.24545288085938,0.0,0.0,0.0,0.0,0.0,0.0
4.7,-0.020083844661712646,-0.017886586487293243,-9.809310913085938,0.014604904207214282,-0.023932982928676124,-0.0004415077283927832,-0.0005141929723322392,-0.0009318546508438885,-0.0010805579368025064,47.64146799988571,-122.14016500004271,122.24545288085938,0.0,0.0,0.0,0.0,0.0,0.0
4.7,-0.020083844661712646,-0.017886586487293243,-9.809310913085938,0.014604904207214282,-0.023932982928676124,-0.0004415077283927832,-0.0005141929723322392,-0.0009318546508438885,-0.0010805579368025064,47.64146799988571,-122.14016500004271,122.24545288085938,0.0,0.0,0.0,0.0,0.0,0.0
4.7,-0.020083844661712646,-0.017886586487293243,-9.809310913085938,0.014604904207214282,-0.023932982928676124,-0.0004415077283927832,-0.0005141929723322392,-0.0009318546508438885,-0.0010805579368025064,47.64146799988571,-122.14016500004271,122.24545288085938,0.0,0.0,0.0,0.0,0.0,0.0
4.7,-0.020083844661712646,-0.017886586487293243,-9.809310913085938,0.014604904207214282,-0.023932982928676124,-0.0004415077283927832,-0.0005141929723322392,-0.0009318546508438885,-0.0010805579368025064,47.64146799988571,-122.14016500004271,122.24545288085938,0.0,0.0,0.0,0.0,0.0,0.0
4.7,-0.020083844661712646,-0.017886586487293243,-9.809310913085938,0.014604904207214282,-0.023932982928676124,-0.0004415077283927832,-0.0005141929723322392,-0.0009318546508438885,-0.0010805579368025064,47.64146799988571,-122.14016500004271,122.24545288085938,0.0,0.0,0.0,0.0,0.0,0.0
4.7,-0.020083844661712646,-0.017886586487293243,-9.809310913085938,0.014604904207214282,-0.023932982928676124,-0.0004415077283927832,-0.0005141929723322392,-0.0009318546508438885,-0.0010805579368025064,47.64146799988571,-122.14016500004271,122.24545288085938,0.0,0.0,0.0,0.0,0.0,0.0
4.7,-0.020083844661712646,-0.017886586487293243,-9.809310913085938,0.014604904207214282,-0.023932982928676124,-0.0004415077283927832,-0.0005141929723322392,-0.0009318546508438885,-0.0010805579368025064,47.64146799988571,-122.14016500004271,122.24545288085938,0.0,0.0,0.0,0.0,0.0,0.0
4.7,-0.020083844661712646,-0.017886586487293243,-9.809310913085938,0.014604904207214282,-0.023932982928676124,-0.0004415077283927832,-0.0005141929723322392,-0.0009318546508438885,-0.0010805579368025064,47.64146799988571,-122.14016500004271,122.24545288085938,0.0,0.0,0.0,0.0,0.0,0.0
4.7,-0.01090533472597599,-0.013575796969234943,-9.800597190856934,0.014604904207214282,-0.023932982928676124,-0.0004415077283927832,8.719789911992848e-05,-0.0002675433352123946,3.917725734936539e-06,47.64146799988571,-122.14016500004271,122.24545288085938,0.0,0.0,0.0,0.0,0.0,0.0
4.7,-0.01090533472597599,-0.013575796969234943,-9.800597190856934,0.014604904207214282,-0.023932982928676124,-0.0004415077283927832,8.719789911992848e-05,-0.0002675433352123946,3.917725734936539e-06,47.64146799988571,-122.14016500004271,122.24545288085938,0.0,0.0,0.0,0.0,0.0,0.0
4.7,-0.01090533472597599,-0.013575796969234943,-9.800597190856934,0.014604904207214282,-0.023932982928676124,-0.0004415077283927832,8.719789911992848e-05,-0.0002675433352123946,3.917725734936539e-06,47.64146799988571,-122.14016500004271,122.24545288085938,0.0,0.0,0.0,0.0,0.0,0.0
4.7,-0.01090533472597599,-0.013575796969234943,-9.800597190856934,0.014604904207214282,-0.023932982928676124,-0.0004415077283927832,8.719789911992848e-05,-0.0002675433352123946,3.917725734936539e-06,47.64146799988571,-122.14016500004271,122.24545288085938,0.0,0.0,0.0,0.0,0.0,0.0
4.7,-0.01090533472597599,-0.013575796969234943,-9.800597190856934,0.014604904207214282,-0.023932982928676124,-0.0004415077283927832,8.719789911992848e-05,-0.0002675433352123946,3.917725734936539e-06,47.64146799988571,-122.14016500004271,122.24545288085938,0.0,0.0,0.0,0.0,0.0,0.0
4.7,-0.01090533472597599,-0.013575796969234943,-9.800597190856934,0.014604904207214282,-0.023932982928676124,-0.0004415077283927832,8.719789911992848e-05,-0.0002675433352123946,3.917725734936539e-06,47.64146799988571,-122.14016500004271,122.24545288085938,0.0,0.0,0.0,0.0,0.0,0.0
4.7,-0.006296774372458458,-0.003420742228627205,-9.805603981018066,0.014604904207214282,-0.023932982928676124,-0.0004415077283927832,0.00034551884164102376,0.00010262685100315139,0.0003815448726527393,47.64146799988571,-122.14016500004271,122.24545288085938,0.0,0.0,0.0,0.0,0.0,0.0
4.8,-0.006296774372458458,-0.003420742228627205,-9.805603981018066,0.014604904207214282,-0.023932982928676124,-0.0004415077283927832,0.00034551884164102376,0.00010262685100315139,0.0003815448726527393,47.64146799988571,-122.14016500004271,122.24545288085938,0.0,0.0,0.0,0.0,0.0,0.0
4.8,-0.006296774372458458,-0.003420742228627205,-9.805603981018066,0.014604904207214282,-0.023932982928676124,-0.0004415077283927832,0.00034551884164102376,0.00010262685100315139,0.0003815448726527393,47.64146799988571,-122.14016500004271,122.24545288085938,0.0,0.0,0.0,0.0,0.0,0.0
4.8,-0.006296774372458458,-0.003420742228627205,-9.805603981018066,0.014604904207214282,-0.023932982928676124,-0.0004415077283927832,0.00034551884164102376,0.00010262685100315139,0.0003815448726527393,47.64146799988571,-122.14016500004271,122.24545288085938,0.0,0.0,0.0,0.0,0.0,0.0
4.8,-0.006296774372458458,-0.003420742228627205,-9.805603981018066,0.014604904207214282,-0.023932982928676124,-0.0004415077283927832,0.00034551884164102376,0.00010262685100315139,0.0003815448726527393,47.64146799988571,-122.14016500004271,122.24545288085938,0.0,0.0,0.0,0.0,0.0,0.0
4.8,-0.006296774372458458,-0.003420742228627205,-9.805603981018066,0.014604904207214282,-0.023932982928676124,-0.0004415077283927832,0.00034551884164102376,0.00010262685100315139,0.0003815448726527393,47.64146799988571,-122.14016500004271,122.24545288085938,0.0,0.0,0.0,0.0,0.0,0.0
4.8,-0.006296774372458458,-0.003420742228627205,-9.805603981018066,0.014604904207214282,-0.023932982928676124,-0.0004415077283927832,0.00034551884164102376,0.00010262685100315139,0.0003815448726527393,47.64146799988571,-122.14016500004271,122.24545288085938,0.0,0.0,0.0,0.0,0.0,0.0
4.8,-0.006296774372458458,-0.003420742228627205,-9.805603981018066,0.014604904207214282,-0.023932982928676124,-0.0004415077283927832,0.00034551884164102376,0.00010262685100315139,0.0003815448726527393,47.64146799988571,-122.14016500004271,122.24545288085938,0.0,0.0,0.0,0.0,0.0,0.0
4.8,-0.006296774372458458,-0.003420742228627205,-9.805603981018066,0.014604904207214282,-0.023932982928676124,-0.0004415077283927832,0.00034551884164102376,0.00010262685100315139,0.0003815448726527393,47.64146799988571,-122.14016500004271,122.24545288085938,0.0,0.0,0.0,0.0,0.0,0.0
4.8,-0.006296774372458458,-0.003420742228627205,-9.805603981018066,0.014604904207214282,-0.023932982928676124,-0.0004415077283927832,0.00034551884164102376,0.00010262685100315139,0.0003815448726527393,47.64146799988571,-122.14016500004271,122.24545288085938,0.0,0.0,0.0,0.0,0.0,0.0
4.8,-0.006296774372458458,-0.003420742228627205,-9.805603981018066,0.014604904207214282,-0.023932982928676124,-0.0004415077283927832,0.00034551884164102376,0.00010262685100315139,0.0003815448726527393,47.64146799988571,-122.14016500004271,122.24545288085938,0.0,0.0,0.0,0.0,0.0,0.0
4.8,-0.006296774372458458,-0.003420742228627205,-9.805603981018066,0.014604904207214282,-0.023932982928676124,-0.0004415077283927832,0.00034551884164102376,0.00010262685100315139,0.0003815448726527393,47.64146799988571,-122.14016500004271,122.24545288085938,0.0,0.0,0.0,0.0,0.0,0.0
4.8,-0.0067435093224048615,0.007858358323574066,-9.810370445251465,0.014604904207214282,-0.023932982928676124,-0.0004415077283927832,-6.934853445272893e-06,-9.916159615386277e-05,-0.00020590753410942852,47.64146799988571,-122.14016500004271,122.24545288085938,0.0,0.0,0.0,0.0,0.0,0.0
4.8,-0.0067435093224048615,0.007858358323574066,-9.810370445251465,0.014604904207214282,-0.023932982928676124,-0.0004415077283927832,-6.934853445272893e-06,-9.916159615386277e-05,-0.00020590753410942852,47.64146799988571,-122.14016500004271,122.24545288085938,0.0,0.0,0.0,0.0,0.0,0.0
4.8,-0.0067435093224048615,0.007858358323574066,-9.810370445251465,0.014604904207214282,-0.023932982928676124,-0.0004415077283927832,-6.934853445272893e-06,-9.916159615386277e-05,-0.00020590753410942852,47.64146799988571,-122.14016500004271,122.24545288085938,0.0,0.0,0.0,0.0,0.0,0.0
4.8,-0.0067435093224048615,0.007858358323574066,-9.810370445251465,0.014604904207214282,-0.023932982928676124,-0.0004415077283927832,-6.934853445272893e-06,-9.916159615386277e-05,-0.00020590753410942852,47.64146799988571,-122.14016500004271,122.24545288085938,0.0,0.0,0.0,0.0,0.0,0.0
4.8,-0.0067435093224048615,0.007858358323574066,-9.810370445251465,0.014604904207214282,-0.023932982928676124,-0.0004415077283927832,-6.934853445272893e-06,-9.916159615386277e-05,-0.00020590753410942852,47.64146799988571,-122.14016500004271,122.24545288085938,0.0,0.0,0.0,0.0,0.0,0.0
4.8,-0.019015006721019745,0.0006155993323773146,-9.800704956054688,0.014604904207214282,-0.023932982928676124,-0.0004415077283927832,0.0004249915655236691,-0.0004388958332128823,0.00026311486726626754,47.64146799988571,-122.14016500004271,122.24545288085938,0.0,0.0,0.0,0.0,0.0,0.0
4.9,-0.019015006721019745,0.0006155993323773146,-9.800704956054688,0.014604904207214282,-0.023932982928676124,-0.0004415077283927832,0.0004249915655236691,-0.0004388958332128823,0.00026311486726626754,47.64146799988571,-122.14016500004271,122.24545288085938,0.0,0.0,0.0,0.0,0.0,0.0
4.9,-0.019015006721019745,0.0006155993323773146,-9.800704956054688,0.014604904207214282,-0.023932982928676124,-0.0004415077283927832,0.0004249915655236691,-0.0004388958332128823,0.00026311486726626754,47.64146799988571,-122.14016500004271,122.24545288085938,0.0,0.0,0.0,0.0,0.0,0.0
4.9,-0.019015006721019745,0.0006155993323773146,-9.800704956054688,0.014604904207214282,-0.023932982928676124,-0.0004415077283927832,0.0004249915655236691,-0.0004388958332128823,0.00026311486726626754,47.64146799988571,-122.14016500004271,122.24545288085938,0.0,0.0,0.0,0.0,0.0,0.0
4.9,-0.019015006721019745,0.0006155993323773146,-9.800704956054688,0.014604904207214282,-0.023932982928676124,-0.0004415077283927832,0.0004249915655236691,-0.0004388958332128823,0.00026311486726626754,47.64146799988571,-122.14016500004271,122.24545288085938,0.0,0.0,0.0,0.0,0.0,0.0
4.9,-0.019015006721019745,0.0006155993323773146,-9.800704956054688,0.014604904207214282,-0.023932982928676124,-0.0004415077283927832,0.0004249915655236691,-0.0004388958332128823,0.00026311486726626754,47.64146799988571,-122.14016500004271,122.24545288085938,0.0,0.0,0.0,0.0,0.0,0.0
4.9,-0.019015006721019745,0.0006155993323773146,-9.800704956054688,0.014604904207214282,-0.023932982928676124,-0.0004415077283927832,0.0004249915655236691,-0.0004388958332128823,0.00026311486726626754,47.64146799988571,-122.14016500004271,122.24545288085938,0.0,0.0,0.0,0.0,0.0,0.0
4.9,-0.019015006721019745,0.0006155993323773146,-9.800704956054688,0.014604904207214282,-0.023932982928676124,-0.0004415077283927832,0.0004249915655236691,-0.0004388958332128823,0.00026311486726626754,47.64146799988571,-122.14016500004271,122.24545288085938,0.0,0.0,0.0,0.0,0.0,0.0
4.9,-0.019015006721019745,0.0006155993323773146,-9.800704956054688,0.014604904207214282,-0.023932982928676124,-0.0004415077283927832,0.0004249915655236691,-0.0004388958332128823,0.00026311486726626754,47.64146799988571,-122.14016500004271,122.24545288085938,0.0,0.0,0.0,0.0,0.0,0.0
4.9,-0.019015006721019745,0.0006155993323773146,-9.800704956054688,0.014604904207214282,-0.023932982928676124,-0.0004415077283927832,0.0004249915655236691,-0.0004388958332128823,0.00026311486726626754,47.64146799988571,-122.14016500004271,122.24545288085938,0.0,0.0,0.0,0.0,0.0,0.0
4.9,-0.019015006721019745,0.0006155993323773146,-9.800704956054688,0.014604904207214282,-0.023932982928676124,-0.0004415077283927832,0.0004249915655236691,-0.0004388958332128823,0.00026311486726626754,47.64146799988571,-122.14016500004271,122.24545288085938,0.0,0.0,0.0,0.0,0.0,0.0
4.9,-0.00849443394690752,-0.0049810647033154964,-9.802202224731445,0.014604904207214282,-0.023932982928676124,-0.0004415077283927832,0.0001750621886458248,0.0005138564156368375,0.0002929850888904184,47.64146799988571,-122.14016500004271,122.24545288085938,0.0,0.0,0.0,0.0,0.0,0.0
4.9,-0.00849443394690752,-0.0049810647033154964,-9.802202224731445,0.014604904207214282,-0.023932982928676124,-0.0004415077283927832,0.0001750621886458248,0.0005138564156368375,0.0002929850888904184,47.64146799988571,-122.14016500004271,122.24545288085938,0.0,0.0,0.0,0.0,0.0,0.0
4.9,-0.00849443394690752,-0.0049810647033154964,-9.802202224731445,0.014604904207214282,-0.023932982928676124,-0.0004415077283927832,0.0001750621886458248,0.0005138564156368375,0.0002929850888904184,47.64146799988571,-122.14016500004271,122.24545288085938,0.0,0.0,0.0,0.0,0.0,0.0
4.9,-0.00849443394690752,-0.0049810647033154964,-9.802202224731445,0.014604904207214282,-0.023932982928676124,-0.0004415077283927832,0.0001750621886458248,0.0005138564156368375,0.0002929850888904184,47.64146799988571,-122.14016500004271,122.24545288085938,0.0,0.0,0.0,0.0,0.0,0.0
4.9,-0.00849443394690752,-0.0049810647033154964,-9.802202224731445,0.014604904207214282,-0.023932982928676124,-0.0004415077283927832,0.0001750621886458248,0.0005138564156368375,0.0002929850888904184,47.64146799988571,-122.14016500004271,122.24545288085938,0.0,0.0,0.0,0.0,0.0,0.0
4.9,-0.00849443394690752,-0.0049810647033154964,-9.802202224731445,0.014604904207214282,-0.023932982928676124,-0.0004415077283927832,0.0001750621886458248,0.0005138564156368375,0.0002929850888904184,47.64146799988571,-122.14016500004271,122.24545288085938,0.0,0.0,0.0,0.0,0.0,0.0
4.9,-0.00849443394690752,-0.0049810647033154964,-9.802202224731445,0.014604904207214282,-0.023932982928676124,-0.0004415077283927832,0.0001750621886458248,0.0005138564156368375,0.0002929850888904184,47.64146799988571,-122.14016500004271,122.24545288085938,0.0,0.0,0.0,0.0,0.0,0.0
4.9,-0.00849443394690752,-0.0049810647033154964,-9.802202224731445,0.014604904207214282,-0.023932982928676124,-0.0004415077283927832,0.0001750621886458248,0.0005138564156368375,0.0002929850888904184,47.64146799988571,-122.14016500004271,122.24545288085938,0.0,0.0,0.0,0.0,0.0,0.0
5.0,-0.00849443394690752,-0.0049810647033154964,-9.802202224731445,0.014604904207214282,-0.023932982928676124,-0.0004415077283927832,0.0001750621886458248,0.0005138564156368375,0.0002929850888904184,47.64146799988571,-122.14016500004271,122.24545288085938,0.0,0.0,0.0,0.0,0.0,0.0
5.0,-0.00849443394690752,-0.0049810647033154964,-9.802202224731445,0.014604904207214282,-0.023932982928676124,-0.0004415077283927832,0.0001750621886458248,0.0005138564156368375,0.0002929850888904184,47.64146799988571,-122.14016500004271,122.24545288085938,0.0,0.0,0.0,0.0,0.0,0.0
5.0,-0.005269747227430344,-0.00449780561029911,-9.819144248962402,0.014604904207214282,-0.023932982928676124,-0.0004415077283927832,-7.581355021102354e-05,0.0008042237022891641,0.00010844788630492985,47.64146799988571,-122.14016500004271,122.24545288085938,0.0,0.0,0.0,0.0,0.0,0.0
5.0,-0.005269747227430344,-0.00449780561029911,-9.819144248962402,0.014604904207214282,-0.023932982928676124,-0.0004415077283927832,-7.581355021102354e-05,0.0008042237022891641,0.00010844788630492985,47.64146799988571,-122.14016500004271,122.24545288085938,0.0,0.0,0.0,0.0,0.0,0.0
5.0,-0.005269747227430344,-0.00449780561029911,-9.819144248962402,0.014604904207214282,-0.023932982928676124,-0.0004415077283927832,-7.581355021102354e-05,0.0008042237022891641,0.00010844788630492985,47.64146799988571,-122.14016500004271,122.24545288085938,0.0,0.0,0.0,0.0,0.0,0.0
5.0,-0.005269747227430344,-0.00449780561029911,-9.819144248962402,0.014604904207214282,-0.023932982928676124,-0.0004415077283927832,-7.581355021102354e-05,0.0008042237022891641,0.00010844788630492985,47.64146799988571,-122.14016500004271,122.24545288085938,0.0,0.0,0.0,0.0,0.0,0.0
5.0,-0.005269747227430344,-0.00449780561029911,-9.819144248962402,0.014604904207214282,-0.023932982928676124,-0.0004415077283927832,-7.581355021102354e-05,0.0008042237022891641,0.00010844788630492985,47.64146799988571,-122.14016500004271,122.24545288085938,0.0,0.0,0.0,0.0,0.0,0.0
5.0,-0.005269747227430344,-0.00449780561029911,-9.819144248962402,0.014604904207214282,-0.023932982928676124,-0.0004415077283927832,-7.581355021102354e-05,0.0008042237022891641,0.00010844788630492985,47.64146799988571,-122.14016500004271,122.24545288085938,0.0,0.0,0.0,0.0,0.0,0.0
5.0,-0.005269747227430344,-0.00449780561029911,-9.819144248962402,0.014604904207214282,-0.023932982928676124,-0.0004415077283927832,-7.581355021102354e-05,0.0008042237022891641,0.00010844788630492985,47.64146799988571,-122.14016500004271,122.24545288085938,0.0,0.0,0.0,0.0,0.0,0.0
5.0,-0.005269747227430344,-0.00449780561029911,-9.819144248962402,0.014604904207214282,-0.023932982928676124,-0.0004415077283927832,-7.581355021102354e-05,0.0008042237022891641,0.00010844788630492985,47.64146799988571,-122.14016500004271,122.24545288085938,0.0,0.0,0.0,0.0,0.0,0.0
5.0,-0.005269747227430344,-0.00449780561029911,-9.819144248962402,0.014604904207214282,-0.023932982928676124,-0.0004415077283927832,-7.581355021102354e-05,0.0008042237022891641,0.00010844788630492985,47.64146799988571,-122.14016500004271,122.24545288085938,0.0,0.0,0.0,0.0,0.0,0.0
5.0,0.007628363557159901,-0.011226178146898746,-9.816520690917969,0.014604904207214282,-0.023932982928676124,-0.0004415077283927832,0.00016438373131677508,7.539227226516232e-05,0.0006330570322461426,47.64146799988571,-122.14016500004271,122.24545288085938,0.0,0.0,0.0,0.0,0.0,0.0
5.0,0.007628363557159901,-0.011226178146898746,-9.816520690917969,0.014604904207214282,-0.023932982928676124,-0.0004415077283927832,0.00016438373131677508,7.539227226516232e-05,0.0006330570322461426,47.64146799988571,-122.14016500004271,122.24545288085938,0.0,0.0,0.0,0.0,0.0,0.0
5.0,0.007628363557159901,-0.011226178146898746,-9.816520690917969,0.014604904207214282,-0.023932982928676124,-0.0004415077283927832,0.00016438373131677508,7.539227226516232e-05,0.0006330570322461426,47.64146799988571,-122.14016500004271,122.24545288085938,0.0,0.0,0.0,0.0,0.0,0.0
5.0,0.007628363557159901,-0.011226178146898746,-9.816520690917969,0.014604904207214282,-0.023932982928676124,-0.0004415077283927832,0.00016438373131677508,7.539227226516232e-05,0.0006330570322461426,47.64146799988571,-122.14016500004271,122.24545288085938,0.0,0.0,0.0,0.0,0.0,0.0
5.0,0.007628363557159901,-0.011226178146898746,-9.816520690917969,0.014604904207214282,-0.023932982928676124,-0.0004415077283927832,0.00016438373131677508,7.539227226516232e-05,0.0006330570322461426,47.64146799988571,-122.14016500004271,122.24545288085938,0.0,0.0,0.0,0.0,0.0,0.0
5.0,0.007628363557159901,-0.011226178146898746,-9.816520690917969,0.014604904207214282,-0.023932982928676124,-0.0004415077283927832,0.00016438373131677508,7.539227226516232e-05,0.0006330570322461426,47.64146799988571,-122.14016500004271,122.24545288085938,0.0,0.0,0.0,0.0,0.0,0.0
5.0,0.007628363557159901,-0.011226178146898746,-9.816520690917969,0.014604904207214282,-0.023932982928676124,-0.0004415077283927832,0.00016438373131677508,7.539227226516232e-05,0.0006330570322461426,47.64146799988571,-122.14016500004271,122.24545288085938,0.0,0.0,0.0,0.0,0.0,0.0
5.0,0.007628363557159901,-0.011226178146898746,-9.816520690917969,0.014604904207214282,-0.023932982928676124,-0.0004415077283927832,0.00016438373131677508,7.539227226516232e-05,0.0006330570322461426,47.64146799988571,-122.14016500004271,122.24545288085938,0.0,0.0,0.0,0.0,0.0,0.0
5.1,0.007628363557159901,-0.011226178146898746,-9.816520690917969,0.014604904207214282,-0.023932982928676124,-0.0004415077283927832,0.00016438373131677508,7.539227226516232e-05,0.0006330570322461426,47.64146799988571,-122.14016500004271,122.24545288085938,0.0,0.0,0.0,0.0,0.0,0.0
5.1,0.007628363557159901,-0.011226178146898746,-9.816520690917969,0.014604904207214282,-0.023932982928676124,-0.0004415077283927832,0.00016438373131677508,7.539227226516232e-05,0.0006330570322461426,47.64146799988571,-122.14016500004271,122.24545288085938,0.0,0.0,0.0,0.0,0.0,0.0
5.1,0.007628363557159901,-0.011226178146898746,-9.816520690917969,0.014604904207214282,-0.023932982928676124,-0.0004415077283927832,0.00016438373131677508,7.539227226516232e-05,0.0006330570322461426,47.64146799988571,-122.14016500004271,122.24545288085938,0.0,0.0,0.0,0.0,0.0,0.0
5.1,0.007628363557159901,-0.011226178146898746,-9.816520690917969,0.014604904207214282,-0.023932982928676124,-0.0004415077283927832,0.00016438373131677508,7.539227226516232e-05,0.0006330570322461426,47.64146799988571,-122.14016500004271,122.24545288085938,0.0,0.0,0.0,0.0,0.0,0.0
5.1,0.007628363557159901,-0.011226178146898746,-9.816520690917969,0.014604904207214282,-0.023932982928676124,-0.0004415077283927832,0.00016438373131677508,7.539227226516232e-05,0.0006330570322461426,47.64146799988571,-122.14016500004271,122.24545288085938,0.0,0.0,0.0,0.0,0.0,0.0
5.1,-0.003377891844138503,-0.009408698417246342,-9.810331344604492,0.014604904207214282,-0.023932982928676124,-0.0004415077283927832,-7.858142635086551e-05,0.00037779638660140336,-0.0002962411963380873,47.64146799988571,-122.14016500004271,122.24545288085938,0.0,0.0,0.0,0.0,0.0,0.0
5.1,-0.003377891844138503,-0.009408698417246342,-9.810331344604492,0.014604904207214282,-0.023932982928676124,-0.0004415077283927832,-7.858142635086551e-05,0.00037779638660140336,-0.0002962411963380873,47.64146799988571,-122.14016500004271,122.24545288085938,0.0,0.0,0.0,0.0,0.0,0.0
5.1,-0.003377891844138503,-0.009408698417246342,-9.810331344604492,0.014604904207214282,-0.023932982928676124,-0.0004415077283927832,-7.858142635086551e-05,0.00037779638660140336,-0.0002962411963380873,47.64146799988571,-122.14016500004271,122.24545288085938,0.0,0.0,0.0,0.0,0.0,0.0
5.1,-0.003377891844138503,-0.009408698417246342,-9.810331344604492,0.014604904207214282,-0.023932982928676124,-0.0004415077283927832,-7.858142635086551e-05,0.00037779638660140336,-0.0002962411963380873,47.64146799988571,-122.14016500004271,122.24545288085938,0.0,0.0,0.0,0.0,0.0,0.0
5.1,-0.003377891844138503,-0.009408698417246342,-9.810331344604492,0.014604904207214282,-0.023932982928676124,-0.0004415077283927832,-7.858142635086551e-05,0.00037779638660140336,-0.0002962411963380873,47.64146799988571,-122.14016500004271,122.24545288085938,0.0,0.0,0.0,0.0,0.0,0.0
5.1,-0.003377891844138503,-0.009408698417246342,-9.810331344604492,0.014604904207214282,-0.023932982928676124,-0.0004415077283927832,-7.858142635086551e-05,0.00037779638660140336,-0.0002962411963380873,47.64146799988571,-122.14016500004271,122.24545288085938,0.0,0.0,0.0,0.0,0.0,0.0
5.1,0.015342231839895248,-0.02765582501888275,-9.819066047668457,0.014604904207214282,-0.023932982928676124,-0.0004415077283927832,7.150309102144092e-06,0.0014761937782168388,0.0003183236694894731,47.64146799988571,-122.14016500004271,122.24545288085938,0.0,0.0,0.0,0.0,0.0,0.0
5.1,0.015342231839895248,-0.02765582501888275,-9.819066047668457,0.014604904207214282,-0.023932982928676124,-0.0004415077283927832,7.150309102144092e-06,0.0014761937782168388,0.0003183236694894731,47.64146799988571,-122.14016500004271,122.24545288085938,0.0,0.0,0.0,0.0,0.0,0.0
5.1,0.015342231839895248,-0.02765582501888275,-9.819066047668457,0.014604904207214282,-0.023932982928676124,-0.0004415077283927832,7.150309102144092e-06,0.0014761937782168388,0.0003183236694894731,47.64146799988571,-122.14016500004271,122.24545288085938,0.0,0.0,0.0,0.0,0.0,0.0
5.1,0.015342231839895248,-0.02765582501888275,-9.819066047668457,0.014604904207214282,-0.023932982928676124,-0.0004415077283927832,7.150309102144092e-06,0.0014761937782168388,0.0003183236694894731,47.64146799988571,-122.14016500004271,122.24545288085938,0.0,0.0,0.0,0.0,0.0,0.0
5.1,0.015342231839895248,-0.02765582501888275,-9.819066047668457,0.014604904207214282,-0.023932982928676124,-0.0004415077283927832,7.150309102144092e-06,0.0014761937782168388,0.0003183236694894731,47.64146799988571,-122.14016500004271,122.24545288085938,0.0,0.0,0.0,0.0,0.0,0.0
5.1,0.015342231839895248,-0.02765582501888275,-9.819066047668457,0.014604904207214282,-0.023932982928676124,-0.0004415077283927832,7.150309102144092e-06,0.0014761937782168388,0.0003183236694894731,47.64146799988571,-122.14016500004271,122.24545288085938,0.0,0.0,0.0,0.0,0.0,0.0
5.2,0.015342231839895248,-0.02765582501888275,-9.819066047668457,0.014604904207214282,-0.023932982928676124,-0.0004415077283927832,7.150309102144092e-06,0.0014761937782168388,0.0003183236694894731,47.64146799988571,-122.14016500004271,122.24545288085938,0.0,0.0,0.0,0.0,0.0,0.0
5.2,0.015342231839895248,-0.02765582501888275,-9.819066047668457,0.014604904207214282,-0.023932982928676124,-0.0004415077283927832,7.150309102144092e-06,0.0014761937782168388,0.0003183236694894731,47.64146799988571,-122.14016500004271,122.24545288085938,0.0,0.0,0.0,0.0,0.0,0.0
5.2,0.015342231839895248,-0.02765582501888275,-9.819066047668457,0.014604904207214282,-0.023932982928676124,-0.0004415077283927832,7.150309102144092e-06,0.0014761937782168388,0.0003183236694894731,47.64146799988571,-122.14016500004271,122.24545288085938,0.0,0.0,0.0,0.0,0.0,0.0
5.2,0.015342231839895248,-0.02765582501888275,-9.819066047668457,0.014604904207214282,-0.023932982928676124,-0.0004415077283927832,7.150309102144092e-06,0.0014761937782168388,0.0003183236694894731,47.64146799988571,-122.14016500004271,122.24545288085938,0.0,0.0,0.0,0.0,0.0,0.0
5.2,0.015342231839895248,-0.02765582501888275,-9.819066047668457,0.014604904207214282,-0.023932982928676124,-0.0004415077283927832,7.150309102144092e-06,0.0014761937782168388,0.0003183236694894731,47.64146799988571,-122.14016500004271,122.24545288085938,0.0,0.0,0.0,0.0,0.0,0.0
5.2,0.015342231839895248,-0.02765582501888275,-9.819066047668457,0.014604904207214282,-0.023932982928676124,-0.0004415077283927832,7.150309102144092e-06,0.0014761937782168388,0.0003183236694894731,47.64146799988571,-122.14016500004271,122.24545288085938,0.0,0.0,0.0,0.0,0.0,0.0
5.2,0.015342231839895248,-0.02765582501888275,-9.819066047668457,0.014604904207214282,-0.023932982928676124,-0.0004415077283927832,7.150309102144092e-06,0.0014761937782168388,0.0003183236694894731,47.64146799988571,-122.14016500004271,122.24545288085938,0.0,0.0,0.0,0.0,0.0,0.0
5.2,0.015342231839895248,-0.02765582501888275,-9.819066047668457,0.014604904207214282,-0.023932982928676124,-0.0004415077283927832,7.150309102144092e-06,0.0014761937782168388,0.0003183236694894731,47.64146799988571,-122.14016500004271,122.24545288085938,0.0,0.0,0.0,0.0,0.0,0.0
5.2,-0.007518503349274397,-0.00932629406452179,-9.826967239379883,0.014604904207214282,-0.023932982928676124,-0.0004415077283927832,0.0005653825355693698,-2.552688238210976e-05,-0.0001712472439976409,47.64146799988571,-122.14016500004271,122.24545288085938,0.0,0.0,0.0,0.0,0.0,0.0
5.2,-0.007518503349274397,-0.00932629406452179,-9.826967239379883,0.014604904207214282,-0.023932982928676124,-0.0004415077283927832,0.0005653825355693698,-2.552688238210976e-05,-0.0001712472439976409,47.64146799988571,-122.14016500004271,122.24545288085938,0.0,0.0,0.0,0.0,0.0,0.0
5.2,-0.007518503349274397,-0.00932629406452179,-9.826967239379883,0.014604904207214282,-0.023932982928676124,-0.0004415077283927832,0.0005653825355693698,-2.552688238210976e-05,-0.0001712472439976409,47.64146799988571,-122.14016500004271,122.24545288085938,0.0,0.0,0.0,0.0,0.0,0.0
5.2,-0.007518503349274397,-0.00932629406452179,-9.826967239379883,0.014604904207214282,-0.023932982928676124,-0.0004415077283927832,0.0005653825355693698,-2.552688238210976e-05,-0.0001712472439976409,47.64146799988571,-122.14016500004271,122.24545288085938,0.0,0.0,0.0,0.0,0.0,0.0
5.2,-0.007518503349274397,-0.00932629406452179,-9.826967239379883,0.014604904207214282,-0.023932982928676124,-0.0004415077283927832,0.0005653825355693698,-2.552688238210976e-05,-0.0001712472439976409,47.64146799988571,-122.14016500004271,122.24545288085938,0.0,0.0,0.0,0.0,0.0,0.0
5.2,-0.007518503349274397,-0.00932629406452179,-9.826967239379883,0.014604904207214282,-0.023932982928676124,-0.0004415077283927832,0.0005653825355693698,-2.552688238210976e-05,-0.0001712472439976409,47.64146799988571,-122.14016500004271,122.24545288085938,0.0,0.0,0.0,0.0,0.0,0.0
5.2,-0.007518503349274397,-0.00932629406452179,-9.826967239379883,0.014604904207214282,-0.023932982928676124,-0.0004415077283927832,0.0005653825355693698,-2.552688238210976e-05,-0.0001712472439976409,47.64146799988571,-122.14016500004271,122.24545288085938,0.0,0.0,0.0,0.0,0.0,0.0
5.2,-0.007518503349274397,-0.00932629406452179,-9.826967239379883,0.014604904207214282,-0.023932982928676124,-0.0004415077283927832,0.0005653825355693698,-2.552688238210976e-05,-0.0001712472439976409,47.64146799988571,-122.14016500004271,122.24545288085938,0.0,0.0,0.0,0.0,0.0,0.0
5.2,-0.013023549690842628,0.0022232206538319588,-9.8047513961792,0.014604904207214282,-0.023932982928676124,-0.0004415077283927832,-0.0006304090493358672,0.0009723078110255301,-0.00043686103890649974,47.64146799988571,-122.14016500004271,122.24545288085938,0.0,0.0,0.0,0.0,0.0,0.0
5.2,-0.013023549690842628,0.0022232206538319588,-9.8047513961792,0.014604904207214282,-0.023932982928676124,-0.0004415077283927832,-0.0006304090493358672,0.0009723078110255301,-0.00043686103890649974,47.64146799988571,-122.14016500004271,122.24545288085938,0.0,0.0,0.0,0.0,0.0,0.0
5.2,-0.013023549690842628,0.0022232206538319588,-9.8047513961792,0.014604904207214282,-0.023932982928676124,-0.0004415077283927832,-0.0006304090493358672,0.0009723078110255301,-0.00043686103890649974,47.64146799988571,-122.14016500004271,122.24545288085938,0.0,0.0,0.0,0.0,0.0,0.0
5.3,-0.013023549690842628,0.0022232206538319588,-9.8047513961792,0.014604904207214282,-0.023932982928676124,-0.0004415077283927832,-0.0006304090493358672,0.0009723078110255301,-0.00043686103890649974,47.64146799988571,-122.14016500004271,122.24545288085938,0.0,0.0,0.0,0.0,0.0,0.0
5.3,-0.013023549690842628,0.0022232206538319588,-9.8047513961792,0.014604904207214282,-0.023932982928676124,-0.0004415077283927832,-0.0006304090493358672,0.0009723078110255301,-0.00043686103890649974,47.64146799988571,-122.14016500004271,122.24545288085938,0.0,0.0,0.0,0.0,0.0,0.0
5.3,-0.013023549690842628,0.0022232206538319588,-9.8047513961792,0.014604904207214282,-0.023932982928676124,-0.0004415077283927832,-0.0006304090493358672,0.0009723078110255301,-0.00043686103890649974,47.64146799988571,-122.14016500004271,122.24545288085938,0.0,0.0,0.0,0.0,0.0,0.0
5.3,-0.013023549690842628,0.0022232206538319588,-9.8047513961792,0.014604904207214282,-0.023932982928676124,-0.0004415077283927832,-0.0006304090493358672,0.0009723078110255301,-0.00043686103890649974,47.64146799988571,-122.14016500004271,122.24545288085938,0.0,0.0,0.0,0.0,0.0,0.0
5.3,-0.013023549690842628,0.0022232206538319588,-9.8047513961792,0.014604904207214282,-0.023932982928676124,-0.0004415077283927832,-0.0006304090493358672,0.0009723078110255301,-0.00043686103890649974,47.64146799988571,-122.14016500004271,122.24545288085938,0.0,0.0,0.0,0.0,0.0,0.0
5.3,-0.013023549690842628,0.0022232206538319588,-9.8047513961792,0.014604904207214282,-0.023932982928676124,-0.0004415077283927832,-0.0006304090493358672,0.0009723078110255301,-0.00043686103890649974,47.64146799988571,-122.14016500004271,122.24545288085938,0.0,0.0,0.0,0.0,0.0,0.0
5.3,-0.013023549690842628,0.0022232206538319588,-9.8047513961792,0.014604904207214282,-0.023932982928676124,-0.0004415077283927832,-0.0006304090493358672,0.0009723078110255301,-0.00043686103890649974,47.64146799988571,-122.14016500004271,122.24545288085938,0.0,0.0,0.0,0.0,0.0,0.0
5.3,-0.013023549690842628,0.0022232206538319588,-9.8047513961792,0.014604904207214282,-0.023932982928676124,-0.0004415077283927832,-0.0006304090493358672,0.0009723078110255301,-0.00043686103890649974,47.64146799988571,-122.14016500004271,122.24545288085938,0.0,0.0,0.0,0.0,0.0,0.0
5.3,-0.013023549690842628,0.0022232206538319588,-9.8047513961792,0.014604904207214282,-0.023932982928676124,-0.0004415077283927832,-0.0006304090493358672,0.0009723078110255301,-0.00043686103890649974,47.64146799988571,-122.14016500004271,122.24545288085938,0.0,0.0,0.0,0.0,0.0,0.0
5.3,-0.013023549690842628,0.0022232206538319588,-9.8047513961792,0.014604904207214282,-0.023932982928676124,-0.0004415077283927832,-0.0006304090493358672,0.0009723078110255301,-0.00043686103890649974,47.64146799988571,-122.14016500004271,122.24545288085938,0.0,0.0,0.0,0.0,0.0,0.0
5.3,-0.0026944060809910297,-0.010270933620631695,-9.801215171813965,0.014604904207214282,-0.023932982928676124,-0.0004415077283927832,-3.177073085680604e-05,0.00021491754159796983,-0.00017526109877508134,47.64146799988571,-122.14016500004271,122.24545288085938,0.0,0.0,0.0,0.0,0.0,0.0
5.3,-0.0026944060809910297,-0.010270933620631695,-9.801215171813965,0.014604904207214282,-0.023932982928676124,-0.0004415077283927832,-3.177073085680604e-05,0.00021491754159796983,-0.00017526109877508134,47.64146799988571,-122.14016500004271,122.24545288085938,0.0,0.0,0.0,0.0,0.0,0.0
5.3,-0.0026944060809910297,-0.010270933620631695,-9.801215171813965,0.014604904207214282,-0.023932982928676124,-0.0004415077283927832,-3.177073085680604e-05,0.00021491754159796983,-0.00017526109877508134,47.64146799988571,-122.14016500004271,122.24545288085938,0.0,0.0,0.0,0.0,0.0,0.0
5.3,-0.0026944060809910297,-0.010270933620631695,-9.801215171813965,0.014604904207214282,-0.023932982928676124,-0.0004415077283927832,-3.177073085680604e-05,0.00021491754159796983,-0.00017526109877508134,47.64146799988571,-122.14016500004271,122.24545288085938,0.0,0.0,0.0,0.0,0.0,0.0
5.3,-0.0026944060809910297,-0.010270933620631695,-9.801215171813965,0.014604904207214282,-0.023932982928676124,-0.0004415077283927832,-3.177073085680604e-05,0.00021491754159796983,-0.00017526109877508134,47.64146799988571,-122.14016500004271,122.24545288085938,0.0,0.0,0.0,0.0,0.0,0.0
5.3,-0.0026944060809910297,-0.010270933620631695,-9.801215171813965,0.014604904207214282,-0.023932982928676124,-0.0004415077283927832,-3.177073085680604e-05,0.00021491754159796983,-0.00017526109877508134,47.64146799988571,-122.14016500004271,122.24545288085938,0.0,0.0,0.0,0.0,0.0,0.0
5.4,-0.0026944060809910297,-0.010270933620631695,-9.801215171813965,0.014604904207214282,-0.023932982928676124,-0.0004415077283927832,-3.177073085680604e-05,0.00021491754159796983,-0.00017526109877508134,47.64146799988571,-122.14016500004271,122.24545288085938,0.0,0.0,0.0,0.0,0.0,0.0
5.4,-0.0026944060809910297,-0.010270933620631695,-9.801215171813965,0.014604904207214282,-0.023932982928676124,-0.0004415077283927832,-3.177073085680604e-05,0.00021491754159796983,-0.00017526109877508134,47.64146799988571,-122.14016500004271,122.24545288085938,0.0,0.0,0.0,0.0,0.0,0.0
5.4,-0.0026944060809910297,-0.010270933620631695,-9.801215171813965,0.014604904207214282,-0.023932982928676124,-0.0004415077283927832,-3.177073085680604e-05,0.00021491754159796983,-0.00017526109877508134,47.64146799988571,-122.14016500004271,122.24545288085938,0.0,0.0,0.0,0.0,0.0,0.0
5.4,-0.0026944060809910297,-0.010270933620631695,-9.801215171813965,0.014604904207214282,-0.023932982928676124,-0.0004415077283927832,-3.177073085680604e-05,0.00021491754159796983,-0.00017526109877508134,47.64146799988571,-122.14016500004271,122.24545288085938,0.0,0.0,0.0,0.0,0.0,0.0
5.4,-0.004453484434634447,0.01971081644296646,-9.811549186706543,0.014604904207214282,-0.023932982928676124,-0.0004415077283927832,0.0001320232986472547,-0.00019960704958066344,-8.084122964646667e-05,47.64146799988571,-122.14016500004271,122.24545288085938,0.0,0.0,0.0,0.0,0.0,0.0
5.4,-0.004453484434634447,0.01971081644296646,-9.811549186706543,0.014604904207214282,-0.023932982928676124,-0.0004415077283927832,0.0001320232986472547,-0.00019960704958066344,-8.084122964646667e-05,47.64146799988571,-122.14016500004271,122.24545288085938,0.0,0.0,0.0,0.0,0.0,0.0
5.4,-0.004453484434634447,0.01971081644296646,-9.811549186706543,0.014604904207214282,-0.023932982928676124,-0.0004415077283927832,0.0001320232986472547,-0.00019960704958066344,-8.084122964646667e-05,47.64146799988571,-122.14016500004271,122.24545288085938,0.0,0.0,0.0,0.0,0.0,0.0
5.4,-0.004453484434634447,0.01971081644296646,-9.811549186706543,0.014604904207214282,-0.023932982928676124,-0.0004415077283927832,0.0001320232986472547,-0.00019960704958066344,-8.084122964646667e-05,47.64146799988571,-122.14016500004271,122.24545288085938,0.0,0.0,0.0,0.0,0.0,0.0
5.4,-0.004453484434634447,0.01971081644296646,-9.811549186706543,0.014604904207214282,-0.023932982928676124,-0.0004415077283927832,0.0001320232986472547,-0.00019960704958066344,-8.084122964646667e-05,47.64146799988571,-122.14016500004271,122.24545288085938,0.0,0.0,0.0,0.0,0.0,0.0
5.4,-0.004453484434634447,0.01971081644296646,-9.811549186706543,0.014604904207214282,-0.023932982928676124,-0.0004415077283927832,0.0001320232986472547,-0.00019960704958066344,-8.084122964646667e-05,47.64146799988571,-122.14016500004271,122.24545288085938,0.0,0.0,0.0,0.0,0.0,0.0
5.4,-0.004453484434634447,0.01971081644296646,-9.811549186706543,0.014604904207214282,-0.023932982928676124,-0.0004415077283927832,0.0001320232986472547,-0.00019960704958066344,-8.084122964646667e-05,47.64146799988571,-122.14016500004271,122.24545288085938,0.0,0.0,0.0,0.0,0.0,0.0
5.4,-0.004453484434634447,0.01971081644296646,-9.811549186706543,0.014604904207214282,-0.023932982928676124,-0.0004415077283927832,0.0001320232986472547,-0.00019960704958066344,-8.084122964646667e-05,47.64146799988571,-122.14016500004271,122.24545288085938,0.0,0.0,0.0,0.0,0.0,0.0
5.4,-0.004453484434634447,0.01971081644296646,-9.811549186706543,0.014604904207214282,-0.023932982928676124,-0.0004415077283927832,0.0001320232986472547,-0.00019960704958066344,-8.084122964646667e-05,47.64146799988571,-122.14016500004271,122.24545288085938,0.0,0.0,0.0,0.0,0.0,0.0
5.4,-0.004453484434634447,0.01971081644296646,-9.811549186706543,0.014604904207214282,-0.023932982928676124,-0.0004415077283927832,0.0001320232986472547,-0.00019960704958066344,-8.084122964646667e-05,47.64146799988571,-122.14016500004271,122.24545288085938,0.0,0.0,0.0,0.0,0.0,0.0
5.4,-0.004453484434634447,0.01971081644296646,-9.811549186706543,0.014604904207214282,-0.023932982928676124,-0.0004415077283927832,0.0001320232986472547,-0.00019960704958066344,-8.084122964646667e-05,47.64146799988571,-122.14016500004271,122.24545288085938,0.0,0.0,0.0,0.0,0.0,0.0
5.4,-0.004453484434634447,0.01971081644296646,-9.811549186706543,0.014604904207214282,-0.023932982928676124,-0.0004415077283927832,0.0001320232986472547,-0.00019960704958066344,-8.084122964646667e-05,47.64146799988571,-122.14016500004271,122.24545288085938,0.0,0.0,0.0,0.0,0.0,0.0
5.4,-0.004453484434634447,0.01971081644296646,-9.811549186706543,0.014604904207214282,-0.023932982928676124,-0.0004415077283927832,0.0001320232986472547,-0.00019960704958066344,-8.084122964646667e-05,47.64146799988571,-122.14016500004271,122.24545288085938,0.0,0.0,0.0,0.0,0.0,0.0
5.4,-0.004453484434634447,0.01971081644296646,-9.811549186706543,0.014604904207214282,-0.023932982928676124,-0.0004415077283927832,0.0001320232986472547,-0.00019960704958066344,-8.084122964646667e-05,47.64146799988571,-122.14016500004271,122.24545288085938,0.0,0.0,0.0,0.0,0.0,0.0
5.5,-0.004453484434634447,0.01971081644296646,-9.811549186706543,0.014604904207214282,-0.023932982928676124,-0.0004415077283927832,0.0001320232986472547,-0.00019960704958066344,-8.084122964646667e-05,47.64146799988571,-122.14016500004271,122.24545288085938,0.0,0.0,0.0,0.0,0.0,0.0
5.5,-0.004453484434634447,0.01971081644296646,-9.811549186706543,0.014604904207214282,-0.023932982928676124,-0.0004415077283927832,0.0001320232986472547,-0.00019960704958066344,-8.084122964646667e-05,47.64146799988571,-122.14016500004271,122.24545288085938,0.0,0.0,0.0,0.0,0.0,0.0
5.5,0.0015590665861964226,-0.0011354141170158982,-9.79636001586914,0.014604904207214282,-0.023932982928676124,-0.0004415077283927832,0.00014104887668509036,0.0006484643672592938,0.00015991444524843246,47.64146799988571,-122.14016500004271,122.24545288085938,0.0,0.0,0.0,0.0,0.0,0.0
5.5,0.0015590665861964226,-0.0011354141170158982,-9.79636001586914,0.014604904207214282,-0.023932982928676124,-0.0004415077283927832,0.00014104887668509036,0.0006484643672592938,0.00015991444524843246,47.64146799988571,-122.14016500004271,122.24545288085938,0.0,0.0,0.0,0.0,0.0,0.0
5.5,0.0015590665861964226,-0.0011354141170158982,-9.79636001586914,0.014604904207214282,-0.023932982928676124,-0.0004415077283927832,0.00014104887668509036,0.0006484643672592938,0.00015991444524843246,47.64146799988571,-122.14016500004271,122.24545288085938,0.0,0.0,0.0,0.0,0.0,0.0
5.5,0.0015590665861964226,-0.0011354141170158982,-9.79636001586914,0.014604904207214282,-0.023932982928676124,-0.0004415077283927832,0.00014104887668509036,0.0006484643672592938,0.00015991444524843246,47.64146799988571,-122.14016500004271,122.24545288085938,0.0,0.0,0.0,0.0,0.0,0.0
5.5,0.0015590665861964226,-0.0011354141170158982,-9.79636001586914,0.014604904207214282,-0.023932982928676124,-0.0004415077283927832,0.00014104887668509036,0.0006484643672592938,0.00015991444524843246,47.64146799988571,-122.14016500004271,122.24545288085938,0.0,0.0,0.0,0.0,0.0,0.0
5.5,0.0015590665861964226,-0.0011354141170158982,-9.79636001586914,0.014604904207214282,-0.023932982928676124,-0.0004415077283927832,0.00014104887668509036,0.0006484643672592938,0.00015991444524843246,47.64146799988571,-122.14016500004271,122.24545288085938,0.0,0.0,0.0,0.0,0.0,0.0
5.5,0.0015590665861964226,-0.0011354141170158982,-9.79636001586914,0.014604904207214282,-0.023932982928676124,-0.0004415077283927832,0.00014104887668509036,0.0006484643672592938,0.00015991444524843246,47.64146799988571,-122.14016500004271,122.24545288085938,0.0,0.0,0.0,0.0,0.0,0.0
5.5,0.0015590665861964226,-0.0011354141170158982,-9.79636001586914,0.014604904207214282,-0.023932982928676124,-0.0004415077283927832,0.00014104887668509036,0.0006484643672592938,0.00015991444524843246,47.64146799988571,-122.14016500004271,122.24545288085938,0.0,0.0,0.0,0.0,0.0,0.0
5.5,0.006692949682474136,0.017799347639083862,-9.785452842712402,0.014604904207214282,-0.023932982928676124,-0.0004415077283927832,-3.997346357209608e-05,0.00010234548972221091,0.00042738724732771516,47.64146799988571,-122.14016500004271,122.24545288085938,0.0,0.0,0.0,0.0,0.0,0.0
5.5,0.006692949682474136,0.017799347639083862,-9.785452842712402,0.014604904207214282,-0.023932982928676124,-0.0004415077283927832,-3.997346357209608e-05,0.00010234548972221091,0.00042738724732771516,47.64146799988571,-122.14016500004271,122.24545288085938,0.0,0.0,0.0,0.0,0.0,0.0
5.5,0.006692949682474136,0.017799347639083862,-9.785452842712402,0.014604904207214282,-0.023932982928676124,-0.0004415077283927832,-3.997346357209608e-05,0.00010234548972221091,0.00042738724732771516,47.64146799988571,-122.14016500004271,122.24545288085938,0.0,0.0,0.0,0.0,0.0,0.0
5.5,0.006692949682474136,0.017799347639083862,-9.785452842712402,0.014604904207214282,-0.023932982928676124,-0.0004415077283927832,-3.997346357209608e-05,0.00010234548972221091,0.00042738724732771516,47.64146799988571,-122.14016500004271,122.24545288085938,0.0,0.0,0.0,0.0,0.0,0.0
5.5,0.006692949682474136,0.017799347639083862,-9.785452842712402,0.014604904207214282,-0.023932982928676124,-0.0004415077283927832,-3.997346357209608e-05,0.00010234548972221091,0.00042738724732771516,47.64146799988571,-122.14016500004271,122.24545288085938,0.0,0.0,0.0,0.0,0.0,0.0
5.5,0.006692949682474136,0.017799347639083862,-9.785452842712402,0.014604904207214282,-0.023932982928676124,-0.0004415077283927832,-3.997346357209608e-05,0.00010234548972221091,0.00042738724732771516,47.64146799988571,-122.14016500004271,122.24545288085938,0.0,0.0,0.0,0.0,0.0,0.0
5.5,0.006692949682474136,0.017799347639083862,-9.785452842712402,0.014604904207214282,-0.023932982928676124,-0.0004415077283927832,-3.997346357209608e-05,0.00010234548972221091,0.00042738724732771516,47.64146799988571,-122.14016500004271,122.24545288085938,0.0,0.0,0.0,0.0,0.0,0.0
5.5,0.006692949682474136,0.017799347639083862,-9.785452842712402,0.014604904207214282,-0.023932982928676124,-0.0004415077283927832,-3.997346357209608e-05,0.00010234548972221091,0.00042738724732771516,47.64146799988571,-122.14016500004271,122.24545288085938,0.0,0.0,0.0,0.0,0.0,0.0
5.6,0.006692949682474136,0.017799347639083862,-9.785452842712402,0.014604904207214282,-0.023932982928676124,-0.0004415077283927832,-3.997346357209608e-05,0.00010234548972221091,0.00042738724732771516,47.64146799988571,-122.14016500004271,122.24545288085938,0.0,0.0,0.0,0.0,0.0,0.0
5.6,0.006692949682474136,0.017799347639083862,-9.785452842712402,0.014604904207214282,-0.023932982928676124,-0.0004415077283927832,-3.997346357209608e-05,0.00010234548972221091,0.00042738724732771516,47.64146799988571,-122.14016500004271,122.24545288085938,0.0,0.0,0.0,0.0,0.0,0.0
5.6,0.006692949682474136,0.017799347639083862,-9.785452842712402,0.014604904207214282,-0.023932982928676124,-0.0004415077283927832,-3.997346357209608e-05,0.00010234548972221091,0.00042738724732771516,47.64146799988571,-122.14016500004271,122.24545288085938,0.0,0.0,0.0,0.0,0.0,0.0
5.6,0.006692949682474136,0.017799347639083862,-9.785452842712402,0.014604904207214282,-0.023932982928676124,-0.0004415077283927832,-3.997346357209608e-05,0.00010234548972221091,0.00042738724732771516,47.64146799988571,-122.14016500004271,122.24545288085938,0.0,0.0,0.0,0.0,0.0,0.0
5.6,0.006692949682474136,0.017799347639083862,-9.785452842712402,0.014604904207214282,-0.023932982928676124,-0.0004415077283927832,-3.997346357209608e-05,0.00010234548972221091,0.00042738724732771516,47.64146799988571,-122.14016500004271,122.24545288085938,0.0,0.0,0.0,0.0,0.0,0.0
5.6,-0.006213078740984201,0.006716412492096424,-9.805611610412598,0.014604904207214282,-0.023932982928676124,-0.0004415077283927832,-0.0003026133053936064,0.0001524277904536575,0.0003846762119792402,47.64146799988571,-122.14016500004271,122.24545288085938,0.0,0.0,0.0,0.0,0.0,0.0
5.6,-0.006213078740984201,0.006716412492096424,-9.805611610412598,0.014604904207214282,-0.023932982928676124,-0.0004415077283927832,-0.0003026133053936064,0.0001524277904536575,0.0003846762119792402,47.64146799988571,-122.14016500004271,122.24545288085938,0.0,0.0,0.0,0.0,0.0,0.0
5.6,-0.006213078740984201,0.006716412492096424,-9.805611610412598,0.014604904207214282,-0.023932982928676124,-0.0004415077283927832,-0.0003026133053936064,0.0001524277904536575,0.0003846762119792402,47.64146799988571,-122.14016500004271,122.24545288085938,0.0,0.0,0.0,0.0,0.0,0.0
5.6,-0.006213078740984201,0.006716412492096424,-9.805611610412598,0.014604904207214282,-0.023932982928676124,-0.0004415077283927832,-0.0003026133053936064,0.0001524277904536575,0.0003846762119792402,47.64146799988571,-122.14016500004271,122.24545288085938,0.0,0.0,0.0,0.0,0.0,0.0
5.6,0.0034923935309052467,-0.008164236322045326,-9.81571102142334,0.014604904207214282,-0.023932982928676124,-0.0004415077283927832,0.0006294058985076845,-0.0006391239585354924,0.001491241273470223,47.64146799988571,-122.14016500004271,122.24545288085938,0.0,0.0,0.0,0.0,0.0,0.0
5.6,0.0034923935309052467,-0.008164236322045326,-9.81571102142334,0.014604904207214282,-0.023932982928676124,-0.0004415077283927832,0.0006294058985076845,-0.0006391239585354924,0.001491241273470223,47.64146799988571,-122.14016500004271,122.24545288085938,0.0,0.0,0.0,0.0,0.0,0.0
5.6,0.0034923935309052467,-0.008164236322045326,-9.81571102142334,0.014604904207214282,-0.023932982928676124,-0.0004415077283927832,0.0006294058985076845,-0.0006391239585354924,0.001491241273470223,47.64146799988571,-122.14016500004271,122.24545288085938,0.0,0.0,0.0,0.0,0.0,0.0
5.6,0.0034923935309052467,-0.008164236322045326,-9.81571102142334,0.014604904207214282,-0.023932982928676124,-0.0004415077283927832,0.0006294058985076845,-0.0006391239585354924,0.001491241273470223,47.64146799988571,-122.14016500004271,122.24545288085938,0.0,0.0,0.0,0.0,0.0,0.0
5.6,0.0034923935309052467,-0.008164236322045326,-9.81571102142334,0.014604904207214282,-0.023932982928676124,-0.0004415077283927832,0.0006294058985076845,-0.0006391239585354924,0.001491241273470223,47.64146799988571,-122.14016500004271,122.24545288085938,0.0,0.0,0.0,0.0,0.0,0.0
5.6,0.0034923935309052467,-0.008164236322045326,-9.81571102142334,0.014604904207214282,-0.023932982928676124,-0.0004415077283927832,0.0006294058985076845,-0.0006391239585354924,0.001491241273470223,47.64146799988571,-122.14016500004271,122.24545288085938,0.0,0.0,0.0,0.0,0.0,0.0
5.6,0.0034923935309052467,-0.008164236322045326,-9.81571102142334,0.014604904207214282,-0.023932982928676124,-0.0004415077283927832,0.0006294058985076845,-0.0006391239585354924,0.001491241273470223,47.64146799988571,-122.14016500004271,122.24545288085938,0.0,0.0,0.0,0.0,0.0,0.0
5.6,0.0034923935309052467,-0.008164236322045326,-9.81571102142334,0.014604904207214282,-0.023932982928676124,-0.0004415077283927832,0.0006294058985076845,-0.0006391239585354924,0.001491241273470223,47.64146799988571,-122.14016500004271,122.24545288085938,0.0,0.0,0.0,0.0,0.0,0.0
5.6,0.0034923935309052467,-0.008164236322045326,-9.81571102142334,0.014604904207214282,-0.023932982928676124,-0.0004415077283927832,0.0006294058985076845,-0.0006391239585354924,0.001491241273470223,47.64146799988571,-122.14016500004271,122.24545288085938,0.0,0.0,0.0,0.0,0.0,0.0
5.6,0.0034923935309052467,-0.008164236322045326,-9.81571102142334,0.014604904207214282,-0.023932982928676124,-0.0004415077283927832,0.0006294058985076845,-0.0006391239585354924,0.001491241273470223,47.64146799988571,-122.14016500004271,122.24545288085938,0.0,0.0,0.0,0.0,0.0,0.0
5.7,0.0034923935309052467,-0.008164236322045326,-9.81571102142334,0.014604904207214282,-0.023932982928676124,-0.0004415077283927832,0.0006294058985076845,-0.0006391239585354924,0.001491241273470223,47.64146799988571,-122.14016500004271,122.24545288085938,0.0,0.0,0.0,0.0,0.0,0.0
5.7,0.0034923935309052467,-0.008164236322045326,-9.81571102142334,0.014604904207214282,-0.023932982928676124,-0.0004415077283927832,0.0006294058985076845,-0.0006391239585354924,0.001491241273470223,47.64146799988571,-122.14016500004271,122.24545288085938,0.0,0.0,0.0,0.0,0.0,0.0
5.7,0.0034923935309052467,-0.008164236322045326,-9.81571102142334,0.014604904207214282,-0.023932982928676124,-0.0004415077283927832,0.0006294058985076845,-0.0006391239585354924,0.001491241273470223,47.64146799988571,-122.14016500004271,122.24545288085938,0.0,0.0,0.0,0.0,0.0,0.0
5.7,0.0034923935309052467,-0.008164236322045326,-9.81571102142334,0.014604904207214282,-0.023932982928676124,-0.0004415077283927832,0.0006294058985076845,-0.0006391239585354924,0.001491241273470223,47.64146799988571,-122.14016500004271,122.24545288085938,0.0,0.0,0.0,0.0,0.0,0.0
5.7,0.0034923935309052467,-0.008164236322045326,-9.81571102142334,0.014604904207214282,-0.023932982928676124,-0.0004415077283927832,0.0006294058985076845,-0.0006391239585354924,0.001491241273470223,47.64146799988571,-122.14016500004271,122.24545288085938,0.0,0.0,0.0,0.0,0.0,0.0
5.7,-0.0051122079603374004,-0.014943932183086872,-9.795268058776855,0.014604904207214282,-0.023932982928676124,-0.0004415077283927832,-0.00019861003966070712,2.216078428318724e-05,-7.083949458319694e-05,47.64146799988571,-122.14016500004271,122.24545288085938,0.0,0.0,0.0,0.0,0.0,0.0
5.7,-0.0051122079603374004,-0.014943932183086872,-9.795268058776855,0.014604904207214282,-0.023932982928676124,-0.0004415077283927832,-0.00019861003966070712,2.216078428318724e-05,-7.083949458319694e-05,47.64146799988571,-122.14016500004271,122.24545288085938,0.0,0.0,0.0,0.0,0.0,0.0
5.7,-0.0051122079603374004,-0.014943932183086872,-9.795268058776855,0.014604904207214282,-0.023932982928676124,-0.0004415077283927832,-0.00019861003966070712,2.216078428318724e-05,-7.083949458319694e-05,47.64146799988571,-122.14016500004271,122.24545288085938,0.0,0.0,0.0,0.0,0.0,0.0
5.7,-0.0051122079603374004,-0.014943932183086872,-9.795268058776855,0.014604904207214282,-0.023932982928676124,-0.0004415077283927832,-0.00019861003966070712,2.216078428318724e-05,-7.083949458319694e-05,47.64146799988571,-122.14016500004271,122.24545288085938,0.0,0.0,0.0,0.0,0.0,0.0
5.7,-0.0051122079603374004,-0.014943932183086872,-9.795268058776855,0.014604904207214282,-0.023932982928676124,-0.0004415077283927832,-0.00019861003966070712,2.216078428318724e-05,-7.083949458319694e-05,47.64146799988571,-122.14016500004271,122.24545288085938,0.0,0.0,0.0,0.0,0.0,0.0
5.7,-0.0051122079603374004,-0.014943932183086872,-9.795268058776855,0.014604904207214282,-0.023932982928676124,-0.0004415077283927832,-0.00019861003966070712,2.216078428318724e-05,-7.083949458319694e-05,47.64146799988571,-122.14016500004271,122.24545288085938,0.0,0.0,0.0,0.0,0.0,0.0
5.7,-0.04106040671467781,-0.008202574215829372,-9.83613395690918,0.014604904207214282,-0.023932982928676124,-0.0004415077283927832,0.0006142686470411718,-0.0007399558671750128,-0.00015371505287475884,47.64146799988571,-122.14016500004271,122.24545288085938,0.0,0.0,0.0,0.0,0.0,0.0
5.7,-0.04106040671467781,-0.008202574215829372,-9.83613395690918,0.014604904207214282,-0.023932982928676124,-0.0004415077283927832,0.0006142686470411718,-0.0007399558671750128,-0.00015371505287475884,47.64146799988571,-122.14016500004271,122.24545288085938,0.0,0.0,0.0,0.0,0.0,0.0
5.7,-0.04106040671467781,-0.008202574215829372,-9.83613395690918,0.014604904207214282,-0.023932982928676124,-0.0004415077283927832,0.0006142686470411718,-0.0007399558671750128,-0.00015371505287475884,47.64146799988571,-122.14016500004271,122.24545288085938,0.0,0.0,0.0,0.0,0.0,0.0
5.7,-0.04106040671467781,-0.008202574215829372,-9.83613395690918,0.014604904207214282,-0.023932982928676124,-0.0004415077283927832,0.0006142686470411718,-0.0007399558671750128,-0.00015371505287475884,47.64146799988571,-122.14016500004271,122.24545288085938,0.0,0.0,0.0,0.0,0.0,0.0
5.7,-0.04106040671467781,-0.008202574215829372,-9.83613395690918,0.014604904207214282,-0.023932982928676124,-0.0004415077283927832,0.0006142686470411718,-0.0007399558671750128,-0.00015371505287475884,47.64146799988571,-122.14016500004271,122.24545288085938,0.0,0.0,0.0,0.0,0.0,0.0
5.7,-0.04106040671467781,-0.008202574215829372,-9.83613395690918,0.014604904207214282,-0.023932982928676124,-0.0004415077283927832,0.0006142686470411718,-0.0007399558671750128,-0.00015371505287475884,47.64146799988571,-122.14016500004271,122.24545288085938,0.0,0.0,0.0,0.0,0.0,0.0
5.7,-0.04106040671467781,-0.008202574215829372,-9.83613395690918,0.014604904207214282,-0.023932982928676124,-0.0004415077283927832,0.0006142686470411718,-0.0007399558671750128,-0.00015371505287475884,47.64146799988571,-122.14016500004271,122.24545288085938,0.0,0.0,0.0,0.0,0.0,0.0
5.8,-0.04106040671467781,-0.008202574215829372,-9.83613395690918,0.014604904207214282,-0.023932982928676124,-0.0004415077283927832,0.0006142686470411718,-0.0007399558671750128,-0.00015371505287475884,47.64146799988571,-122.14016500004271,122.24545288085938,0.0,0.0,0.0,0.0,0.0,0.0
5.8,-0.04106040671467781,-0.008202574215829372,-9.83613395690918,0.014604904207214282,-0.023932982928676124,-0.0004415077283927832,0.0006142686470411718,-0.0007399558671750128,-0.00015371505287475884,47.64146799988571,-122.14016500004271,122.24545288085938,0.0,0.0,0.0,0.0,0.0,0.0
5.8,-0.04106040671467781,-0.008202574215829372,-9.83613395690918,0.014604904207214282,-0.023932982928676124,-0.0004415077283927832,0.0006142686470411718,-0.0007399558671750128,-0.00015371505287475884,47.64146799988571,-122.14016500004271,122.24545288085938,0.0,0.0,0.0,0.0,0.0,0.0
5.8,-0.04106040671467781,-0.008202574215829372,-9.83613395690918,0.014604904207214282,-0.023932982928676124,-0.0004415077283927832,0.0006142686470411718,-0.0007399558671750128,-0.00015371505287475884,47.64146799988571,-122.14016500004271,122.24545288085938,0.0,0.0,0.0,0.0,0.0,0.0
5.8,-0.04106040671467781,-0.008202574215829372,-9.83613395690918,0.014604904207214282,-0.023932982928676124,-0.0004415077283927832,0.0006142686470411718,-0.0007399558671750128,-0.00015371505287475884,47.64146799988571,-122.14016500004271,122.24545288085938,0.0,0.0,0.0,0.0,0.0,0.0
5.8,-0.04106040671467781,-0.008202574215829372,-9.83613395690918,0.014604904207214282,-0.023932982928676124,-0.0004415077283927832,0.0006142686470411718,-0.0007399558671750128,-0.00015371505287475884,47.64146799988571,-122.14016500004271,122.24545288085938,0.0,0.0,0.0,0.0,0.0,0.0
5.8,-0.04106040671467781,-0.008202574215829372,-9.83613395690918,0.014604904207214282,-0.023932982928676124,-0.0004415077283927832,0.0006142686470411718,-0.0007399558671750128,-0.00015371505287475884,47.64146799988571,-122.14016500004271,122.24545288085938,0.0,0.0,0.0,0.0,0.0,0.0
5.8,0.0024399245157837868,0.0008690394461154938,-9.804078102111816,0.014604904207214282,-0.023932982928676124,-0.0004415077283927832,0.000805443327408284,-0.0003300891548860818,-0.00035583690623752773,47.64146799988571,-122.14016500004271,122.24545288085938,0.0,0.0,0.0,0.0,0.0,0.0
5.8,0.0024399245157837868,0.0008690394461154938,-9.804078102111816,0.014604904207214282,-0.023932982928676124,-0.0004415077283927832,0.000805443327408284,-0.0003300891548860818,-0.00035583690623752773,47.64146799988571,-122.14016500004271,122.24545288085938,0.0,0.0,0.0,0.0,0.0,0.0
5.8,0.0024399245157837868,0.0008690394461154938,-9.804078102111816,0.014604904207214282,-0.023932982928676124,-0.0004415077283927832,0.000805443327408284,-0.0003300891548860818,-0.00035583690623752773,47.64146799988571,-122.14016500004271,122.24545288085938,0.0,0.0,0.0,0.0,0.0,0.0
5.8,0.0024399245157837868,0.0008690394461154938,-9.804078102111816,0.014604904207214282,-0.023932982928676124,-0.0004415077283927832,0.000805443327408284,-0.0003300891548860818,-0.00035583690623752773,47.64146799988571,-122.14016500004271,122.24545288085938,0.0,0.0,0.0,0.0,0.0,0.0
5.8,0.0024399245157837868,0.0008690394461154938,-9.804078102111816,0.014604904207214282,-0.023932982928676124,-0.0004415077283927832,0.000805443327408284,-0.0003300891548860818,-0.00035583690623752773,47.64146799988571,-122.14016500004271,122.24545288085938,0.0,0.0,0.0,0.0,0.0,0.0
5.8,0.0024399245157837868,0.0008690394461154938,-9.804078102111816,0.014604904207214282,-0.023932982928676124,-0.0004415077283927832,0.000805443327408284,-0.0003300891548860818,-0.00035583690623752773,47.64146799988571,-122.14016500004271,122.24545288085938,0.0,0.0,0.0,0.0,0.0,0.0
5.8,0.0024399245157837868,0.0008690394461154938,-9.804078102111816,0.014604904207214282,-0.023932982928676124,-0.0004415077283927832,0.000805443327408284,-0.0003300891548860818,-0.00035583690623752773,47.64146799988571,-122.14016500004271,122.24545288085938,0.0,0.0,0.0,0.0,0.0,0.0
5.8,0.0024399245157837868,0.0008690394461154938,-9.804078102111816,0.014604904207214282,-0.023932982928676124,-0.0004415077283927832,0.000805443327408284,-0.0003300891548860818,-0.00035583690623752773,47.64146799988571,-122.14016500004271,122.24545288085938,0.0,0.0,0.0,0.0,0.0,0.0
5.8,0.0024399245157837868,0.0008690394461154938,-9.804078102111816,0.014604904207214282,-0.023932982928676124,-0.0004415077283927832,0.000805443327408284,-0.0003300891548860818,-0.00035583690623752773,47.64146799988571,-122.14016500004271,122.24545288085938,0.0,0.0,0.0,0.0,0.0,0.0
5.8,0.0024399245157837868,0.0008690394461154938,-9.804078102111816,0.014604904207214282,-0.023932982928676124,-0.0004415077283927832,0.000805443327408284,-0.0003300891548860818,-0.00035583690623752773,47.64146799988571,-122.14016500004271,122.24545288085938,0.0,0.0,0.0,0.0,0.0,0.0
5.8,0.0024399245157837868,0.0008690394461154938,-9.804078102111816,0.014604904207214282,-0.023932982928676124,-0.0004415077283927832,0.000805443327408284,-0.0003300891548860818,-0.00035583690623752773,47.64146799988571,-122.14016500004271,122.24545288085938,0.0,0.0,0.0,0.0,0.0,0.0
5.9,0.0024399245157837868,0.0008690394461154938,-9.804078102111816,0.014604904207214282,-0.023932982928676124,-0.0004415077283927832,0.000805443327408284,-0.0003300891548860818,-0.00035583690623752773,47.64146799988571,-122.14016500004271,122.24545288085938,0.0,0.0,0.0,0.0,0.0,0.0
5.9,0.007141994312405586,0.0052324701100587845,-9.79272747039795,0.014604904207214282,-0.023932982928676124,-0.0004415077283927832,0.00012494441762100905,-0.00025730347260832787,3.5760299397225026e-06,47.64146799988571,-122.14016500004271,122.24545288085938,0.0,0.0,0.0,0.0,0.0,0.0
5.9,0.007141994312405586,0.0052324701100587845,-9.79272747039795,0.014604904207214282,-0.023932982928676124,-0.0004415077283927832,0.00012494441762100905,-0.00025730347260832787,3.5760299397225026e-06,47.64146799988571,-122.14016500004271,122.24545288085938,0.0,0.0,0.0,0.0,0.0,0.0
5.9,0.007141994312405586,0.0052324701100587845,-9.79272747039795,0.014604904207214282,-0.023932982928676124,-0.0004415077283927832,0.00012494441762100905,-0.00025730347260832787,3.5760299397225026e-06,47.64146799988571,-122.14016500004271,122.24545288085938,0.0,0.0,0.0,0.0,0.0,0.0
5.9,0.007141994312405586,0.0052324701100587845,-9.79272747039795,0.014604904207214282,-0.023932982928676124,-0.0004415077283927832,0.00012494441762100905,-0.00025730347260832787,3.5760299397225026e-06,47.64146799988571,-122.14016500004271,122.24545288085938,0.0,0.0,0.0,0.0,0.0,0.0
5.9,0.007141994312405586,0.0052324701100587845,-9.79272747039795,0.014604904207214282,-0.023932982928676124,-0.0004415077283927832,0.00012494441762100905,-0.00025730347260832787,3.5760299397225026e-06,47.64146799988571,-122.14016500004271,122.24545288085938,0.0,0.0,0.0,0.0,0.0,0.0
5.9,0.007141994312405586,0.0052324701100587845,-9.79272747039795,0.014604904207214282,-0.023932982928676124,-0.0004415077283927832,0.00012494441762100905,-0.00025730347260832787,3.5760299397225026e-06,47.64146799988571,-122.14016500004271,122.24545288085938,0.0,0.0,0.0,0.0,0.0,0.0
5.9,0.007141994312405586,0.0052324701100587845,-9.79272747039795,0.014604904207214282,-0.023932982928676124,-0.0004415077283927832,0.00012494441762100905,-0.00025730347260832787,3.5760299397225026e-06,47.64146799988571,-122.14016500004271,122.24545288085938,0.0,0.0,0.0,0.0,0.0,0.0
5.9,0.007141994312405586,0.0052324701100587845,-9.79272747039795,0.014604904207214282,-0.023932982928676124,-0.0004415077283927832,0.00012494441762100905,-0.00025730347260832787,3.5760299397225026e-06,47.64146799988571,-122.14016500004271,122.24545288085938,0.0,0.0,0.0,0.0,0.0,0.0
5.9,0.007141994312405586,0.0052324701100587845,-9.79272747039795,0.014604904207214282,-0.023932982928676124,-0.0004415077283927832,0.00012494441762100905,-0.00025730347260832787,3.5760299397225026e-06,47.64146799988571,-122.14016500004271,122.24545288085938,0.0,0.0,0.0,0.0,0.0,0.0
5.9,0.007141994312405586,0.0052324701100587845,-9.79272747039795,0.014604904207214282,-0.023932982928676124,-0.0004415077283927832,0.00012494441762100905,-0.00025730347260832787,3.5760299397225026e-06,47.64146799988571,-122.14016500004271,122.24545288085938,0.0,0.0,0.0,0.0,0.0,0.0
5.9,0.007141994312405586,0.0052324701100587845,-9.79272747039795,0.014604904207214282,-0.023932982928676124,-0.0004415077283927832,0.00012494441762100905,-0.00025730347260832787,3.5760299397225026e-06,47.64146799988571,-122.14016500004271,122.24545288085938,0.0,0.0,0.0,0.0,0.0,0.0
5.9,0.007141994312405586,0.0052324701100587845,-9.79272747039795,0.014604904207214282,-0.023932982928676124,-0.0004415077283927832,0.00012494441762100905,-0.00025730347260832787,3.5760299397225026e-06,47.64146799988571,-122.14016500004271,122.24545288085938,0.0,0.0,0.0,0.0,0.0,0.0
5.9,0.007141994312405586,0.0052324701100587845,-9.79272747039795,0.014604904207214282,-0.023932982928676124,-0.0004415077283927832,0.00012494441762100905,-0.00025730347260832787,3.5760299397225026e-06,47.64146799988571,-122.14016500004271,122.24545288085938,0.0,0.0,0.0,0.0,0.0,0.0
5.9,0.007141994312405586,0.0052324701100587845,-9.79272747039795,0.014604904207214282,-0.023932982928676124,-0.0004415077283927832,0.00012494441762100905,-0.00025730347260832787,3.5760299397225026e-06,47.64146799988571,-122.14016500004271,122.24545288085938,0.0,0.0,0.0,0.0,0.0,0.0
5.9,0.007141994312405586,0.0052324701100587845,-9.79272747039795,0.014604904207214282,-0.023932982928676124,-0.0004415077283927832,0.00012494441762100905,-0.00025730347260832787,3.5760299397225026e-06,47.64146799988571,-122.14016500004271,122.24545288085938,0.0,0.0,0.0,0.0,0.0,0.0
5.9,-0.00846814177930355,0.0010787355713546276,-9.799468994140625,0.014604904207214282,-0.023932982928676124,-0.0004415077283927832,0.00022488557442557067,0.00022515904856845737,0.00011371973232598975,47.64146799988571,-122.14016500004271,122.24545288085938,0.0,0.0,0.0,0.0,0.0,0.0
5.9,-0.00846814177930355,0.0010787355713546276,-9.799468994140625,0.014604904207214282,-0.023932982928676124,-0.0004415077283927832,0.00022488557442557067,0.00022515904856845737,0.00011371973232598975,47.64146799988571,-122.14016500004271,122.24545288085938,0.0,0.0,0.0,0.0,0.0,0.0
6.0,-0.00846814177930355,0.0010787355713546276,-9.799468994140625,0.014604904207214282,-0.023932982928676124,-0.0004415077283927832,0.00022488557442557067,0.00022515904856845737,0.00011371973232598975,47.64146799988571,-122.14016500004271,122.24545288085938,0.0,0.0,0.0,0.0,0.0,0.0
6.0,-0.00846814177930355,0.0010787355713546276,-9.799468994140625,0.014604904207214282,-0.023932982928676124,-0.0004415077283927832,0.00022488557442557067,0.00022515904856845737,0.00011371973232598975,47.64146799988571,-122.14016500004271,122.24545288085938,0.0,0.0,0.0,0.0,0.0,0.0
6.0,-0.00846814177930355,0.0010787355713546276,-9.799468994140625,0.014604904207214282,-0.023932982928676124,-0.0004415077283927832,0.00022488557442557067,0.00022515904856845737,0.00011371973232598975,47.64146799988571,-122.14016500004271,122.24545288085938,0.0,0.0,0.0,0.0,0.0,0.0
6.0,-0.00846814177930355,0.0010787355713546276,-9.799468994140625,0.014604904207214282,-0.023932982928676124,-0.0004415077283927832,0.00022488557442557067,0.00022515904856845737,0.00011371973232598975,47.64146799988571,-122.14016500004271,122.24545288085938,0.0,0.0,0.0,0.0,0.0,0.0
6.0,-0.00846814177930355,0.0010787355713546276,-9.799468994140625,0.014604904207214282,-0.023932982928676124,-0.0004415077283927832,0.00022488557442557067,0.00022515904856845737,0.00011371973232598975,47.64146799988571,-122.14016500004271,122.24545288085938,0.0,0.0,0.0,0.0,0.0,0.0
6.0,-0.00846814177930355,0.0010787355713546276,-9.799468994140625,0.014604904207214282,-0.023932982928676124,-0.0004415077283927832,0.00022488557442557067,0.00022515904856845737,0.00011371973232598975,47.64146799988571,-122.14016500004271,122.24545288085938,0.0,0.0,0.0,0.0,0.0,0.0
6.0,-0.00846814177930355,0.0010787355713546276,-9.799468994140625,0.014604904207214282,-0.023932982928676124,-0.0004415077283927832,0.00022488557442557067,0.00022515904856845737,0.00011371973232598975,47.64146799988571,-122.14016500004271,122.24545288085938,0.0,0.0,0.0,0.0,0.0,0.0
6.0,-0.00846814177930355,0.0010787355713546276,-9.799468994140625,0.014604904207214282,-0.023932982928676124,-0.0004415077283927832,0.00022488557442557067,0.00022515904856845737,0.00011371973232598975,47.64146799988571,-122.14016500004271,122.24545288085938,0.0,0.0,0.0,0.0,0.0,0.0
6.0,-0.00846814177930355,0.0010787355713546276,-9.799468994140625,0.014604904207214282,-0.023932982928676124,-0.0004415077283927832,0.00022488557442557067,0.00022515904856845737,0.00011371973232598975,47.64146799988571,-122.14016500004271,122.24545288085938,0.0,0.0,0.0,0.0,0.0,0.0
6.0,-0.00846814177930355,0.0010787355713546276,-9.799468994140625,0.014604904207214282,-0.023932982928676124,-0.0004415077283927832,0.00022488557442557067,0.00022515904856845737,0.00011371973232598975,47.64146799988571,-122.14016500004271,122.24545288085938,0.0,0.0,0.0,0.0,0.0,0.0
6.0,-0.014656432904303074,-0.01554197259247303,-9.816638946533203,0.014604904207214282,-0.023932982928676124,-0.0004415077283927832,-0.00021721902885474265,0.00041369590326212347,1.1102893040515482e-05,47.64146799988571,-122.14016500004271,122.24545288085938,0.0,0.0,0.0,0.0,0.0,0.0
6.0,-0.014656432904303074,-0.01554197259247303,-9.816638946533203,0.014604904207214282,-0.023932982928676124,-0.0004415077283927832,-0.00021721902885474265,0.00041369590326212347,1.1102893040515482e-05,47.64146799988571,-122.14016500004271,122.24545288085938,0.0,0.0,0.0,0.0,0.0,0.0
6.0,-0.014656432904303074,-0.01554197259247303,-9.816638946533203,0.014604904207214282,-0.023932982928676124,-0.0004415077283927832,-0.00021721902885474265,0.00041369590326212347,1.1102893040515482e-05,47.64146799988571,-122.14016500004271,122.24545288085938,0.0,0.0,0.0,0.0,0.0,0.0
6.0,-0.014656432904303074,-0.01554197259247303,-9.816638946533203,0.014604904207214282,-0.023932982928676124,-0.0004415077283927832,-0.00021721902885474265,0.00041369590326212347,1.1102893040515482e-05,47.64146799988571,-122.14016500004271,122.24545288085938,0.0,0.0,0.0,0.0,0.0,0.0
6.0,-0.014656432904303074,-0.01554197259247303,-9.816638946533203,0.014604904207214282,-0.023932982928676124,-0.0004415077283927832,-0.00021721902885474265,0.00041369590326212347,1.1102893040515482e-05,47.64146799988571,-122.14016500004271,122.24545288085938,0.0,0.0,0.0,0.0,0.0,0.0
6.0,-0.014656432904303074,-0.01554197259247303,-9.816638946533203,0.014604904207214282,-0.023932982928676124,-0.0004415077283927832,-0.00021721902885474265,0.00041369590326212347,1.1102893040515482e-05,47.64146799988571,-122.14016500004271,122.24545288085938,0.0,0.0,0.0,0.0,0.0,0.0
6.0,-0.014656432904303074,-0.01554197259247303,-9.816638946533203,0.014604904207214282,-0.023932982928676124,-0.0004415077283927832,-0.00021721902885474265,0.00041369590326212347,1.1102893040515482e-05,47.64146799988571,-122.14016500004271,122.24545288085938,0.0,0.0,0.0,0.0,0.0,0.0
6.0,-0.014656432904303074,-0.01554197259247303,-9.816638946533203,0.014604904207214282,-0.023932982928676124,-0.0004415077283927832,-0.00021721902885474265,0.00041369590326212347,1.1102893040515482e-05,47.64146799988571,-122.14016500004271,122.24545288085938,0.0,0.0,0.0,0.0,0.0,0.0
6.1,-0.014656432904303074,-0.01554197259247303,-9.816638946533203,0.014604904207214282,-0.023932982928676124,-0.0004415077283927832,-0.00021721902885474265,0.00041369590326212347,1.1102893040515482e-05,47.64146799988571,-122.14016500004271,122.24545288085938,0.0,0.0,0.0,0.0,0.0,0.0
6.1,-0.014656432904303074,-0.01554197259247303,-9.816638946533203,0.014604904207214282,-0.023932982928676124,-0.0004415077283927832,-0.00021721902885474265,0.00041369590326212347,1.1102893040515482e-05,47.64146799988571,-122.14016500004271,122.24545288085938,0.0,0.0,0.0,0.0,0.0,0.0
6.1,-0.014656432904303074,-0.01554197259247303,-9.816638946533203,0.014604904207214282,-0.023932982928676124,-0.0004415077283927832,-0.00021721902885474265,0.00041369590326212347,1.1102893040515482e-05,47.64146799988571,-122.14016500004271,122.24545288085938,0.0,0.0,0.0,0.0,0.0,0.0
6.1,0.005097733810544014,0.012188030406832695,-9.825092315673828,0.014604904207214282,-0.023932982928676124,-0.0004415077283927832,-0.00029693293618038297,-0.00014589415513910353,-0.0004141172394156456,47.64146799988571,-122.14016500004271,122.24545288085938,0.0,0.0,0.0,0.0,0.0,0.0
6.1,0.005097733810544014,0.012188030406832695,-9.825092315673828,0.014604904207214282,-0.023932982928676124,-0.0004415077283927832,-0.00029693293618038297,-0.00014589415513910353,-0.0004141172394156456,47.64146799988571,-122.14016500004271,122.24545288085938,0.0,0.0,0.0,0.0,0.0,0.0
6.1,0.005097733810544014,0.012188030406832695,-9.825092315673828,0.014604904207214282,-0.023932982928676124,-0.0004415077283927832,-0.00029693293618038297,-0.00014589415513910353,-0.0004141172394156456,47.64146799988571,-122.14016500004271,122.24545288085938,0.0,0.0,0.0,0.0,0.0,0.0
6.1,0.005097733810544014,0.012188030406832695,-9.825092315673828,0.014604904207214282,-0.023932982928676124,-0.0004415077283927832,-0.00029693293618038297,-0.00014589415513910353,-0.0004141172394156456,47.64146799988571,-122.14016500004271,122.24545288085938,0.0,0.0,0.0,0.0,0.0,0.0
6.1,0.005097733810544014,0.012188030406832695,-9.825092315673828,0.014604904207214282,-0.023932982928676124,-0.0004415077283927832,-0.00029693293618038297,-0.00014589415513910353,-0.0004141172394156456,47.64146799988571,-122.14016500004271,122.24545288085938,0.0,0.0,0.0,0.0,0.0,0.0
6.1,0.005097733810544014,0.012188030406832695,-9.825092315673828,0.014604904207214282,-0.023932982928676124,-0.0004415077283927832,-0.00029693293618038297,-0.00014589415513910353,-0.0004141172394156456,47.64146799988571,-122.14016500004271,122.24545288085938,0.0,0.0,0.0,0.0,0.0,0.0
6.1,0.005097733810544014,0.012188030406832695,-9.825092315673828,0.014604904207214282,-0.023932982928676124,-0.0004415077283927832,-0.00029693293618038297,-0.00014589415513910353,-0.0004141172394156456,47.64146799988571,-122.14016500004271,122.24545288085938,0.0,0.0,0.0,0.0,0.0,0.0
6.1,0.005097733810544014,0.012188030406832695,-9.825092315673828,0.014604904207214282,-0.023932982928676124,-0.0004415077283927832,-0.00029693293618038297,-0.00014589415513910353,-0.0004141172394156456,47.64146799988571,-122.14016500004271,122.24545288085938,0.0,0.0,0.0,0.0,0.0,0.0
6.1,0.005097733810544014,0.012188030406832695,-9.825092315673828,0.014604904207214282,-0.023932982928676124,-0.0004415077283927832,-0.00029693293618038297,-0.00014589415513910353,-0.0004141172394156456,47.64146799988571,-122.14016500004271,122.24545288085938,0.0,0.0,0.0,0.0,0.0,0.0
6.1,0.005097733810544014,0.012188030406832695,-9.825092315673828,0.014604904207214282,-0.023932982928676124,-0.0004415077283927832,-0.00029693293618038297,-0.00014589415513910353,-0.0004141172394156456,47.64146799988571,-122.14016500004271,122.24545288085938,0.0,0.0,0.0,0.0,0.0,0.0
6.1,0.005097733810544014,0.012188030406832695,-9.825092315673828,0.014604904207214282,-0.023932982928676124,-0.0004415077283927832,-0.00029693293618038297,-0.00014589415513910353,-0.0004141172394156456,47.64146799988571,-122.14016500004271,122.24545288085938,0.0,0.0,0.0,0.0,0.0,0.0
6.1,0.005097733810544014,0.012188030406832695,-9.825092315673828,0.014604904207214282,-0.023932982928676124,-0.0004415077283927832,-0.00029693293618038297,-0.00014589415513910353,-0.0004141172394156456,47.64146799988571,-122.14016500004271,122.24545288085938,0.0,0.0,0.0,0.0,0.0,0.0
6.1,-0.002581534441560507,-0.01057654432952404,-9.793068885803223,0.014604904207214282,-0.023932982928676124,-0.0004415077283927832,8.322508074343204e-05,-0.00011327034735586494,0.0004739098949357867,47.64146799988571,-122.14016500004271,122.24545288085938,0.0,0.0,0.0,0.0,0.0,0.0
6.1,-0.002581534441560507,-0.01057654432952404,-9.793068885803223,0.014604904207214282,-0.023932982928676124,-0.0004415077283927832,8.322508074343204e-05,-0.00011327034735586494,0.0004739098949357867,47.64146799988571,-122.14016500004271,122.24545288085938,0.0,0.0,0.0,0.0,0.0,0.0
6.2,-0.002581534441560507,-0.01057654432952404,-9.793068885803223,0.014604904207214282,-0.023932982928676124,-0.0004415077283927832,8.322508074343204e-05,-0.00011327034735586494,0.0004739098949357867,47.64146799988571,-122.14016500004271,122.24545288085938,0.0,0.0,0.0,0.0,0.0,0.0
6.2,-0.002581534441560507,-0.01057654432952404,-9.793068885803223,0.014604904207214282,-0.023932982928676124,-0.0004415077283927832,8.322508074343204e-05,-0.00011327034735586494,0.0004739098949357867,47.64146799988571,-122.14016500004271,122.24545288085938,0.0,0.0,0.0,0.0,0.0,0.0
6.2,-0.002581534441560507,-0.01057654432952404,-9.793068885803223,0.014604904207214282,-0.023932982928676124,-0.0004415077283927832,8.322508074343204e-05,-0.00011327034735586494,0.0004739098949357867,47.64146799988571,-122.14016500004271,122.24545288085938,0.0,0.0,0.0,0.0,0.0,0.0
6.2,-0.002581534441560507,-0.01057654432952404,-9.793068885803223,0.014604904207214282,-0.023932982928676124,-0.0004415077283927832,8.322508074343204e-05,-0.00011327034735586494,0.0004739098949357867,47.64146799988571,-122.14016500004271,122.24545288085938,0.0,0.0,0.0,0.0,0.0,0.0
6.2,-0.002581534441560507,-0.01057654432952404,-9.793068885803223,0.014604904207214282,-0.023932982928676124,-0.0004415077283927832,8.322508074343204e-05,-0.00011327034735586494,0.0004739098949357867,47.64146799988571,-122.14016500004271,122.24545288085938,0.0,0.0,0.0,0.0,0.0,0.0
6.2,-0.002581534441560507,-0.01057654432952404,-9.793068885803223,0.014604904207214282,-0.023932982928676124,-0.0004415077283927832,8.322508074343204e-05,-0.00011327034735586494,0.0004739098949357867,47.64146799988571,-122.14016500004271,122.24545288085938,0.0,0.0,0.0,0.0,0.0,0.0
6.2,-0.002581534441560507,-0.01057654432952404,-9.793068885803223,0.014604904207214282,-0.023932982928676124,-0.0004415077283927832,8.322508074343204e-05,-0.00011327034735586494,0.0004739098949357867,47.64146799988571,-122.14016500004271,122.24545288085938,0.0,0.0,0.0,0.0,0.0,0.0
6.2,-0.002581534441560507,-0.01057654432952404,-9.793068885803223,0.014604904207214282,-0.023932982928676124,-0.0004415077283927832,8.322508074343204e-05,-0.00011327034735586494,0.0004739098949357867,47.64146799988571,-122.14016500004271,122.24545288085938,0.0,0.0,0.0,0.0,0.0,0.0
6.2,-0.002581534441560507,-0.01057654432952404,-9.793068885803223,0.014604904207214282,-0.023932982928676124,-0.0004415077283927832,8.322508074343204e-05,-0.00011327034735586494,0.0004739098949357867,47.64146799988571,-122.14016500004271,122.24545288085938,0.0,0.0,0.0,0.0,0.0,0.0
6.2,-0.002581534441560507,-0.01057654432952404,-9.793068885803223,0.014604904207214282,-0.023932982928676124,-0.0004415077283927832,8.322508074343204e-05,-0.00011327034735586494,0.0004739098949357867,47.64146799988571,-122.14016500004271,122.24545288085938,0.0,0.0,0.0,0.0,0.0,0.0
6.2,-0.002581534441560507,-0.01057654432952404,-9.793068885803223,0.014604904207214282,-0.023932982928676124,-0.0004415077283927832,8.322508074343204e-05,-0.00011327034735586494,0.0004739098949357867,47.64146799988571,-122.14016500004271,122.24545288085938,0.0,0.0,0.0,0.0,0.0,0.0
6.2,-0.014466246590018272,0.019412804394960403,-9.801735877990723,0.014604904207214282,-0.023932982928676124,-0.0004415077283927832,5.484839857672341e-05,0.00015592110867146403,0.0008292596321552992,47.64146799988571,-122.14016500004271,122.24545288085938,0.0,0.0,0.0,0.0,0.0,0.0
6.2,-0.014466246590018272,0.019412804394960403,-9.801735877990723,0.014604904207214282,-0.023932982928676124,-0.0004415077283927832,5.484839857672341e-05,0.00015592110867146403,0.0008292596321552992,47.64146799988571,-122.14016500004271,122.24545288085938,0.0,0.0,0.0,0.0,0.0,0.0
6.2,-0.014466246590018272,0.019412804394960403,-9.801735877990723,0.014604904207214282,-0.023932982928676124,-0.0004415077283927832,5.484839857672341e-05,0.00015592110867146403,0.0008292596321552992,47.64146799988571,-122.14016500004271,122.24545288085938,0.0,0.0,0.0,0.0,0.0,0.0
6.2,-0.014466246590018272,0.019412804394960403,-9.801735877990723,0.014604904207214282,-0.023932982928676124,-0.0004415077283927832,5.484839857672341e-05,0.00015592110867146403,0.0008292596321552992,47.64146799988571,-122.14016500004271,122.24545288085938,0.0,0.0,0.0,0.0,0.0,0.0
6.2,-0.014466246590018272,0.019412804394960403,-9.801735877990723,0.014604904207214282,-0.023932982928676124,-0.0004415077283927832,5.484839857672341e-05,0.00015592110867146403,0.0008292596321552992,47.64146799988571,-122.14016500004271,122.24545288085938,0.0,0.0,0.0,0.0,0.0,0.0
6.2,-0.014466246590018272,0.019412804394960403,-9.801735877990723,0.014604904207214282,-0.023932982928676124,-0.0004415077283927832,5.484839857672341e-05,0.00015592110867146403,0.0008292596321552992,47.64146799988571,-122.14016500004271,122.24545288085938,0.0,0.0,0.0,0.0,0.0,0.0
6.2,-0.014466246590018272,0.019412804394960403,-9.801735877990723,0.014604904207214282,-0.023932982928676124,-0.0004415077283927832,5.484839857672341e-05,0.00015592110867146403,0.0008292596321552992,47.64146799988571,-122.14016500004271,122.24545288085938,0.0,0.0,0.0,0.0,0.0,0.0
6.2,-0.012701335363090038,-0.011079677380621433,-9.778361320495605,0.014604904207214282,-0.023932982928676124,-0.0004415077283927832,0.00021330358867999166,-3.359184483997524e-05,-0.0008709426037967205,47.64146799988571,-122.14016500004271,122.24545288085938,0.0,0.0,0.0,0.0,0.0,0.0
6.3,-0.012701335363090038,-0.011079677380621433,-9.778361320495605,0.014604904207214282,-0.023932982928676124,-0.0004415077283927832,0.00021330358867999166,-3.359184483997524e-05,-0.0008709426037967205,47.64146799988571,-122.14016500004271,122.24545288085938,0.0,0.0,0.0,0.0,0.0,0.0
6.3,-0.012701335363090038,-0.011079677380621433,-9.778361320495605,0.014604904207214282,-0.023932982928676124,-0.0004415077283927832,0.00021330358867999166,-3.359184483997524e-05,-0.0008709426037967205,47.64146799988571,-122.14016500004271,122.24545288085938,0.0,0.0,0.0,0.0,0.0,0.0
6.3,-0.012701335363090038,-0.011079677380621433,-9.778361320495605,0.014604904207214282,-0.023932982928676124,-0.0004415077283927832,0.00021330358867999166,-3.359184483997524e-05,-0.0008709426037967205,47.64146799988571,-122.14016500004271,122.24545288085938,0.0,0.0,0.0,0.0,0.0,0.0
6.3,-0.012701335363090038,-0.011079677380621433,-9.778361320495605,0.014604904207214282,-0.023932982928676124,-0.0004415077283927832,0.00021330358867999166,-3.359184483997524e-05,-0.0008709426037967205,47.64146799988571,-122.14016500004271,122.24545288085938,0.0,0.0,0.0,0.0,0.0,0.0
6.3,-0.012701335363090038,-0.011079677380621433,-9.778361320495605,0.014604904207214282,-0.023932982928676124,-0.0004415077283927832,0.00021330358867999166,-3.359184483997524e-05,-0.0008709426037967205,47.64146799988571,-122.14016500004271,122.24545288085938,0.0,0.0,0.0,0.0,0.0,0.0
6.3,-0.012701335363090038,-0.011079677380621433,-9.778361320495605,0.014604904207214282,-0.023932982928676124,-0.0004415077283927832,0.00021330358867999166,-3.359184483997524e-05,-0.0008709426037967205,47.64146799988571,-122.14016500004271,122.24545288085938,0.0,0.0,0.0,0.0,0.0,0.0
6.3,-0.012701335363090038,-0.011079677380621433,-9.778361320495605,0.014604904207214282,-0.023932982928676124,-0.0004415077283927832,0.00021330358867999166,-3.359184483997524e-05,-0.0008709426037967205,47.64146799988571,-122.14016500004271,122.24545288085938,0.0,0.0,0.0,0.0,0.0,0.0
6.3,-0.018720056861639023,-0.0024051484651863575,-9.804756164550781,0.014604904207214282,-0.023932982928676124,-0.0004415077283927832,-0.00048163687461055815,0.00028055673465132713,0.00031717686215415597,47.64146799988571,-122.14016500004271,122.24545288085938,0.0,0.0,0.0,0.0,0.0,0.0
6.3,-0.018720056861639023,-0.0024051484651863575,-9.804756164550781,0.014604904207214282,-0.023932982928676124,-0.0004415077283927832,-0.00048163687461055815,0.00028055673465132713,0.00031717686215415597,47.64146799988571,-122.14016500004271,122.24545288085938,0.0,0.0,0.0,0.0,0.0,0.0
6.3,-0.018720056861639023,-0.0024051484651863575,-9.804756164550781,0.014604904207214282,-0.023932982928676124,-0.0004415077283927832,-0.00048163687461055815,0.00028055673465132713,0.00031717686215415597,47.64146799988571,-122.14016500004271,122.24545288085938,0.0,0.0,0.0,0.0,0.0,0.0
6.3,-0.018720056861639023,-0.0024051484651863575,-9.804756164550781,0.014604904207214282,-0.023932982928676124,-0.0004415077283927832,-0.00048163687461055815,0.00028055673465132713,0.00031717686215415597,47.64146799988571,-122.14016500004271,122.24545288085938,0.0,0.0,0.0,0.0,0.0,0.0
6.3,-0.018720056861639023,-0.0024051484651863575,-9.804756164550781,0.014604904207214282,-0.023932982928676124,-0.0004415077283927832,-0.00048163687461055815,0.00028055673465132713,0.00031717686215415597,47.64146799988571,-122.14016500004271,122.24545288085938,0.0,0.0,0.0,0.0,0.0,0.0
6.3,-0.018720056861639023,-0.0024051484651863575,-9.804756164550781,0.014604904207214282,-0.023932982928676124,-0.0004415077283927832,-0.00048163687461055815,0.00028055673465132713,0.00031717686215415597,47.64146799988571,-122.14016500004271,122.24545288085938,0.0,0.0,0.0,0.0,0.0,0.0
6.3,-0.018720056861639023,-0.0024051484651863575,-9.804756164550781,0.014604904207214282,-0.023932982928676124,-0.0004415077283927832,-0.00048163687461055815,0.00028055673465132713,0.00031717686215415597,47.64146799988571,-122.14016500004271,122.24545288085938,0.0,0.0,0.0,0.0,0.0,0.0
6.3,-0.018720056861639023,-0.0024051484651863575,-9.804756164550781,0.014604904207214282,-0.023932982928676124,-0.0004415077283927832,-0.00048163687461055815,0.00028055673465132713,0.00031717686215415597,47.64146799988571,-122.14016500004271,122.24545288085938,0.0,0.0,0.0,0.0,0.0,0.0
6.3,-0.018720056861639023,-0.0024051484651863575,-9.804756164550781,0.014604904207214282,-0.023932982928676124,-0.0004415077283927832,-0.00048163687461055815,0.00028055673465132713,0.00031717686215415597,47.64146799988571,-122.14016500004271,122.24545288085938,0.0,0.0,0.0,0.0,0.0,0.0
6.3,-0.018720056861639023,-0.0024051484651863575,-9.804756164550781,0.014604904207214282,-0.023932982928676124,-0.0004415077283927832,-0.00048163687461055815,0.00028055673465132713,0.00031717686215415597,47.64146799988571,-122.14016500004271,122.24545288085938,0.0,0.0,0.0,0.0,0.0,0.0
6.3,-0.018720056861639023,-0.0024051484651863575,-9.804756164550781,0.014604904207214282,-0.023932982928676124,-0.0004415077283927832,-0.00048163687461055815,0.00028055673465132713,0.00031717686215415597,47.64146799988571,-122.14016500004271,122.24545288085938,0.0,0.0,0.0,0.0,0.0,0.0
6.3,0.003434472717344761,-0.01580514758825302,-9.815155029296875,0.014604904207214282,-0.023932982928676124,-0.0004415077283927832,0.0008343882509507239,6.891792872920632e-05,0.00015749265730846673,47.64146799988571,-122.14016500004271,122.24545288085938,0.0,0.0,0.0,0.0,0.0,0.0
6.4,0.003434472717344761,-0.01580514758825302,-9.815155029296875,0.014604904207214282,-0.023932982928676124,-0.0004415077283927832,0.0008343882509507239,6.891792872920632e-05,0.00015749265730846673,47.64146799988571,-122.14016500004271,122.24545288085938,0.0,0.0,0.0,0.0,0.0,0.0
6.4,0.003434472717344761,-0.01580514758825302,-9.815155029296875,0.014604904207214282,-0.023932982928676124,-0.0004415077283927832,0.0008343882509507239,6.891792872920632e-05,0.00015749265730846673,47.64146799988571,-122.14016500004271,122.24545288085938,0.0,0.0,0.0,0.0,0.0,0.0
6.4,0.003434472717344761,-0.01580514758825302,-9.815155029296875,0.014604904207214282,-0.023932982928676124,-0.0004415077283927832,0.0008343882509507239,6.891792872920632e-05,0.00015749265730846673,47.64146799988571,-122.14016500004271,122.24545288085938,0.0,0.0,0.0,0.0,0.0,0.0
6.4,0.003434472717344761,-0.01580514758825302,-9.815155029296875,0.014604904207214282,-0.023932982928676124,-0.0004415077283927832,0.0008343882509507239,6.891792872920632e-05,0.00015749265730846673,47.64146799988571,-122.14016500004271,122.24545288085938,0.0,0.0,0.0,0.0,0.0,0.0
6.4,0.003434472717344761,-0.01580514758825302,-9.815155029296875,0.014604904207214282,-0.023932982928676124,-0.0004415077283927832,0.0008343882509507239,6.891792872920632e-05,0.00015749265730846673,47.64146799988571,-122.14016500004271,122.24545288085938,0.0,0.0,0.0,0.0,0.0,0.0
6.4,0.003434472717344761,-0.01580514758825302,-9.815155029296875,0.014604904207214282,-0.023932982928676124,-0.0004415077283927832,0.0008343882509507239,6.891792872920632e-05,0.00015749265730846673,47.64146799988571,-122.14016500004271,122.24545288085938,0.0,0.0,0.0,0.0,0.0,0.0
6.4,0.003434472717344761,-0.01580514758825302,-9.815155029296875,0.014604904207214282,-0.023932982928676124,-0.0004415077283927832,0.0008343882509507239,6.891792872920632e-05,0.00015749265730846673,47.64146799988571,-122.14016500004271,122.24545288085938,0.0,0.0,0.0,0.0,0.0,0.0
6.4,0.003434472717344761,-0.01580514758825302,-9.815155029296875,0.014604904207214282,-0.023932982928676124,-0.0004415077283927832,0.0008343882509507239,6.891792872920632e-05,0.00015749265730846673,47.64146799988571,-122.14016500004271,122.24545288085938,0.0,0.0,0.0,0.0,0.0,0.0
6.4,0.003434472717344761,-0.01580514758825302,-9.815155029296875,0.014604904207214282,-0.023932982928676124,-0.0004415077283927832,0.0008343882509507239,6.891792872920632e-05,0.00015749265730846673,47.64146799988571,-122.14016500004271,122.24545288085938,0.0,0.0,0.0,0.0,0.0,0.0
6.4,0.003434472717344761,-0.01580514758825302,-9.815155029296875,0.014604904207214282,-0.023932982928676124,-0.0004415077283927832,0.0008343882509507239,6.891792872920632e-05,0.00015749265730846673,47.64146799988571,-122.14016500004271,122.24545288085938,0.0,0.0,0.0,0.0,0.0,0.0
6.4,0.0049408553168177605,0.015913259238004684,-9.812554359436035,0.014604904207214282,-0.023932982928676124,-0.0004415077283927832,-8.481802069582045e-06,0.0002695665170904249,9.454484825255349e-05,47.64146799988571,-122.14016500004271,122.24545288085938,0.0,0.0,0.0,0.0,0.0,0.0
6.4,0.0049408553168177605,0.015913259238004684,-9.812554359436035,0.014604904207214282,-0.023932982928676124,-0.0004415077283927832,-8.481802069582045e-06,0.0002695665170904249,9.454484825255349e-05,47.64146799988571,-122.14016500004271,122.24545288085938,0.0,0.0,0.0,0.0,0.0,0.0
6.4,0.0049408553168177605,0.015913259238004684,-9.812554359436035,0.014604904207214282,-0.023932982928676124,-0.0004415077283927832,-8.481802069582045e-06,0.0002695665170904249,9.454484825255349e-05,47.64146799988571,-122.14016500004271,122.24545288085938,0.0,0.0,0.0,0.0,0.0,0.0
6.4,0.0049408553168177605,0.015913259238004684,-9.812554359436035,0.014604904207214282,-0.023932982928676124,-0.0004415077283927832,-8.481802069582045e-06,0.0002695665170904249,9.454484825255349e-05,47.64146799988571,-122.14016500004271,122.24545288085938,0.0,0.0,0.0,0.0,0.0,0.0
6.4,0.0049408553168177605,0.015913259238004684,-9.812554359436035,0.014604904207214282,-0.023932982928676124,-0.0004415077283927832,-8.481802069582045e-06,0.0002695665170904249,9.454484825255349e-05,47.64146799988571,-122.14016500004271,122.24545288085938,0.0,0.0,0.0,0.0,0.0,0.0
6.4,0.0049408553168177605,0.015913259238004684,-9.812554359436035,0.014604904207214282,-0.023932982928676124,-0.0004415077283927832,-8.481802069582045e-06,0.0002695665170904249,9.454484825255349e-05,47.64146799988571,-122.14016500004271,122.24545288085938,0.0,0.0,0.0,0.0,0.0,0.0
6.4,0.0049408553168177605,0.015913259238004684,-9.812554359436035,0.014604904207214282,-0.023932982928676124,-0.0004415077283927832,-8.481802069582045e-06,0.0002695665170904249,9.454484825255349e-05,47.64146799988571,-122.14016500004271,122.24545288085938,0.0,0.0,0.0,0.0,0.0,0.0
6.4,0.0049408553168177605,0.015913259238004684,-9.812554359436035,0.014604904207214282,-0.023932982928676124,-0.0004415077283927832,-8.481802069582045e-06,0.0002695665170904249,9.454484825255349e-05,47.64146799988571,-122.14016500004271,122.24545288085938,0.0,0.0,0.0,0.0,0.0,0.0
6.5,0.0049408553168177605,0.015913259238004684,-9.812554359436035,0.014604904207214282,-0.023932982928676124,-0.0004415077283927832,-8.481802069582045e-06,0.0002695665170904249,9.454484825255349e-05,47.64146799988571,-122.14016500004271,122.24545288085938,0.0,0.0,0.0,0.0,0.0,0.0
6.5,0.0049408553168177605,0.015913259238004684,-9.812554359436035,0.014604904207214282,-0.023932982928676124,-0.0004415077283927832,-8.481802069582045e-06,0.0002695665170904249,9.454484825255349e-05,47.64146799988571,-122.14016500004271,122.24545288085938,0.0,0.0,0.0,0.0,0.0,0.0
6.5,-0.00229399255476892,0.004753233399242163,-9.80229377746582,0.014604904207214282,-0.023932982928676124,-0.0004415077283927832,-5.042367411078885e-05,-0.0001378179877065122,0.0003748506715055555,47.64146799988571,-122.14016500004271,122.24545288085938,0.0,0.0,0.0,0.0,0.0,0.0
6.5,-0.00229399255476892,0.004753233399242163,-9.80229377746582,0.014604904207214282,-0.023932982928676124,-0.0004415077283927832,-5.042367411078885e-05,-0.0001378179877065122,0.0003748506715055555,47.64146799988571,-122.14016500004271,122.24545288085938,0.0,0.0,0.0,0.0,0.0,0.0
6.5,-0.00229399255476892,0.004753233399242163,-9.80229377746582,0.014604904207214282,-0.023932982928676124,-0.0004415077283927832,-5.042367411078885e-05,-0.0001378179877065122,0.0003748506715055555,47.64146799988571,-122.14016500004271,122.24545288085938,0.0,0.0,0.0,0.0,0.0,0.0
6.5,-0.00229399255476892,0.004753233399242163,-9.80229377746582,0.014604904207214282,-0.023932982928676124,-0.0004415077283927832,-5.042367411078885e-05,-0.0001378179877065122,0.0003748506715055555,47.64146799988571,-122.14016500004271,122.24545288085938,0.0,0.0,0.0,0.0,0.0,0.0
6.5,-0.00229399255476892,0.004753233399242163,-9.80229377746582,0.014604904207214282,-0.023932982928676124,-0.0004415077283927832,-5.042367411078885e-05,-0.0001378179877065122,0.0003748506715055555,47.64146799988571,-122.14016500004271,122.24545288085938,0.0,0.0,0.0,0.0,0.0,0.0
6.5,-0.00229399255476892,0.004753233399242163,-9.80229377746582,0.014604904207214282,-0.023932982928676124,-0.0004415077283927832,-5.042367411078885e-05,-0.0001378179877065122,0.0003748506715055555,47.64146799988571,-122.14016500004271,122.24545288085938,0.0,0.0,0.0,0.0,0.0,0.0
6.5,-0.00229399255476892,0.004753233399242163,-9.80229377746582,0.014604904207214282,-0.023932982928676124,-0.0004415077283927832,-5.042367411078885e-05,-0.0001378179877065122,0.0003748506715055555,47.64146799988571,-122.14016500004271,122.24545288085938,0.0,0.0,0.0,0.0,0.0,0.0
6.5,-0.00229399255476892,0.004753233399242163,-9.80229377746582,0.014604904207214282,-0.023932982928676124,-0.0004415077283927832,-5.042367411078885e-05,-0.0001378179877065122,0.0003748506715055555,47.64146799988571,-122.14016500004271,122.24545288085938,0.0,0.0,0.0,0.0,0.0,0.0
6.5,-0.00229399255476892,0.004753233399242163,-9.80229377746582,0.014604904207214282,-0.023932982928676124,-0.0004415077283927832,-5.042367411078885e-05,-0.0001378179877065122,0.0003748506715055555,47.64146799988571,-122.14016500004271,122.24545288085938,0.0,0.0,0.0,0.0,0.0,0.0
6.5,-0.00229399255476892,0.004753233399242163,-9.80229377746582,0.014604904207214282,-0.023932982928676124,-0.0004415077283927832,-5.042367411078885e-05,-0.0001378179877065122,0.0003748506715055555,47.64146799988571,-122.14016500004271,122.24545288085938,0.0,0.0,0.0,0.0,0.0,0.0
6.5,-0.00229399255476892,0.004753233399242163,-9.80229377746582,0.014604904207214282,-0.023932982928676124,-0.0004415077283927832,-5.042367411078885e-05,-0.0001378179877065122,0.0003748506715055555,47.64146799988571,-122.14016500004271,122.24545288085938,0.0,0.0,0.0,0.0,0.0,0.0
6.5,-0.00229399255476892,0.004753233399242163,-9.80229377746582,0.014604904207214282,-0.023932982928676124,-0.0004415077283927832,-5.042367411078885e-05,-0.0001378179877065122,0.0003748506715055555,47.64146799988571,-122.14016500004271,122.24545288085938,0.0,0.0,0.0,0.0,0.0,0.0
6.5,-0.009615804068744183,-0.012505320832133293,-9.802374839782715,0.014604904207214282,-0.023932982928676124,-0.0004415077283927832,0.0005887160659767687,-4.893555887974799e-05,-0.00011219440784770995,47.64146799988571,-122.14016500004271,122.24545288085938,0.0,0.0,0.0,0.0,0.0,0.0
6.5,-0.009615804068744183,-0.012505320832133293,-9.802374839782715,0.014604904207214282,-0.023932982928676124,-0.0004415077283927832,0.0005887160659767687,-4.893555887974799e-05,-0.00011219440784770995,47.64146799988571,-122.14016500004271,122.24545288085938,0.0,0.0,0.0,0.0,0.0,0.0
6.5,-0.009615804068744183,-0.012505320832133293,-9.802374839782715,0.014604904207214282,-0.023932982928676124,-0.0004415077283927832,0.0005887160659767687,-4.893555887974799e-05,-0.00011219440784770995,47.64146799988571,-122.14016500004271,122.24545288085938,0.0,0.0,0.0,0.0,0.0,0.0
6.5,-0.009615804068744183,-0.012505320832133293,-9.802374839782715,0.014604904207214282,-0.023932982928676124,-0.0004415077283927832,0.0005887160659767687,-4.893555887974799e-05,-0.00011219440784770995,47.64146799988571,-122.14016500004271,122.24545288085938,0.0,0.0,0.0,0.0,0.0,0.0
6.5,-0.009615804068744183,-0.012505320832133293,-9.802374839782715,0.014604904207214282,-0.023932982928676124,-0.0004415077283927832,0.0005887160659767687,-4.893555887974799e-05,-0.00011219440784770995,47.64146799988571,-122.14016500004271,122.24545288085938,0.0,0.0,0.0,0.0,0.0,0.0
6.6,-0.009615804068744183,-0.012505320832133293,-9.802374839782715,0.014604904207214282,-0.023932982928676124,-0.0004415077283927832,0.0005887160659767687,-4.893555887974799e-05,-0.00011219440784770995,47.64146799988571,-122.14016500004271,122.24545288085938,0.0,0.0,0.0,0.0,0.0,0.0
6.6,-0.009615804068744183,-0.012505320832133293,-9.802374839782715,0.014604904207214282,-0.023932982928676124,-0.0004415077283927832,0.0005887160659767687,-4.893555887974799e-05,-0.00011219440784770995,47.64146799988571,-122.14016500004271,122.24545288085938,0.0,0.0,0.0,0.0,0.0,0.0
6.6,-0.009615804068744183,-0.012505320832133293,-9.802374839782715,0.014604904207214282,-0.023932982928676124,-0.0004415077283927832,0.0005887160659767687,-4.893555887974799e-05,-0.00011219440784770995,47.64146799988571,-122.14016500004271,122.24545288085938,0.0,0.0,0.0,0.0,0.0,0.0
6.6,-0.009615804068744183,-0.012505320832133293,-9.802374839782715,0.014604904207214282,-0.023932982928676124,-0.0004415077283927832,0.0005887160659767687,-4.893555887974799e-05,-0.00011219440784770995,47.64146799988571,-122.14016500004271,122.24545288085938,0.0,0.0,0.0,0.0,0.0,0.0
6.6,-0.009615804068744183,-0.012505320832133293,-9.802374839782715,0.014604904207214282,-0.023932982928676124,-0.0004415077283927832,0.0005887160659767687,-4.893555887974799e-05,-0.00011219440784770995,47.64146799988571,-122.14016500004271,122.24545288085938,0.0,0.0,0.0,0.0,0.0,0.0
6.6,-0.009615804068744183,-0.012505320832133293,-9.802374839782715,0.014604904207214282,-0.023932982928676124,-0.0004415077283927832,0.0005887160659767687,-4.893555887974799e-05,-0.00011219440784770995,47.64146799988571,-122.14016500004271,122.24545288085938,0.0,0.0,0.0,0.0,0.0,0.0
6.6,-0.009615804068744183,-0.012505320832133293,-9.802374839782715,0.014604904207214282,-0.023932982928676124,-0.0004415077283927832,0.0005887160659767687,-4.893555887974799e-05,-0.00011219440784770995,47.64146799988571,-122.14016500004271,122.24545288085938,0.0,0.0,0.0,0.0,0.0,0.0
6.6,0.0011555501259863377,-0.013379690237343311,-9.808867454528809,0.014604904207214282,-0.023932982928676124,-0.0004415077283927832,-0.0002021699328906834,-0.00028914306312799454,-0.0002999539428856224,47.64146799988571,-122.14016500004271,122.24545288085938,0.0,0.0,0.0,0.0,0.0,0.0
6.6,0.0011555501259863377,-0.013379690237343311,-9.808867454528809,0.014604904207214282,-0.023932982928676124,-0.0004415077283927832,-0.0002021699328906834,-0.00028914306312799454,-0.0002999539428856224,47.64146799988571,-122.14016500004271,122.24545288085938,0.0,0.0,0.0,0.0,0.0,0.0
6.6,0.0011555501259863377,-0.013379690237343311,-9.808867454528809,0.014604904207214282,-0.023932982928676124,-0.0004415077283927832,-0.0002021699328906834,-0.00028914306312799454,-0.0002999539428856224,47.64146799988571,-122.14016500004271,122.24545288085938,0.0,0.0,0.0,0.0,0.0,0.0
6.6,0.0011555501259863377,-0.013379690237343311,-9.808867454528809,0.014604904207214282,-0.023932982928676124,-0.0004415077283927832,-0.0002021699328906834,-0.00028914306312799454,-0.0002999539428856224,47.64146799988571,-122.14016500004271,122.24545288085938,0.0,0.0,0.0,0.0,0.0,0.0
6.6,0.0011555501259863377,-0.013379690237343311,-9.808867454528809,0.014604904207214282,-0.023932982928676124,-0.0004415077283927832,-0.0002021699328906834,-0.00028914306312799454,-0.0002999539428856224,47.64146799988571,-122.14016500004271,122.24545288085938,0.0,0.0,0.0,0.0,0.0,0.0
6.6,0.0011555501259863377,-0.013379690237343311,-9.808867454528809,0.014604904207214282,-0.023932982928676124,-0.0004415077283927832,-0.0002021699328906834,-0.00028914306312799454,-0.0002999539428856224,47.64146799988571,-122.14016500004271,122.24545288085938,0.0,0.0,0.0,0.0,0.0,0.0
6.6,0.0011555501259863377,-0.013379690237343311,-9.808867454528809,0.014604904207214282,-0.023932982928676124,-0.0004415077283927832,-0.0002021699328906834,-0.00028914306312799454,-0.0002999539428856224,47.64146799988571,-122.14016500004271,122.24545288085938,0.0,0.0,0.0,0.0,0.0,0.0
6.6,0.009874925017356873,-0.01890702173113823,-9.808736801147461,0.014604904207214282,-0.023932982928676124,-0.0004415077283927832,0.00045450773905031383,-9.964353375835344e-05,-0.0002514768566470593,47.64146799988571,-122.14016500004271,122.24545288085938,0.0,0.0,0.0,0.0,0.0,0.0
6.6,0.009874925017356873,-0.01890702173113823,-9.808736801147461,0.014604904207214282,-0.023932982928676124,-0.0004415077283927832,0.00045450773905031383,-9.964353375835344e-05,-0.0002514768566470593,47.64146799988571,-122.14016500004271,122.24545288085938,0.0,0.0,0.0,0.0,0.0,0.0
6.6,0.009874925017356873,-0.01890702173113823,-9.808736801147461,0.014604904207214282,-0.023932982928676124,-0.0004415077283927832,0.00045450773905031383,-9.964353375835344e-05,-0.0002514768566470593,47.64146799988571,-122.14016500004271,122.24545288085938,0.0,0.0,0.0,0.0,0.0,0.0
6.7,0.009874925017356873,-0.01890702173113823,-9.808736801147461,0.014604904207214282,-0.023932982928676124,-0.0004415077283927832,0.00045450773905031383,-9.964353375835344e-05,-0.0002514768566470593,47.64146799988571,-122.14016500004271,122.24545288085938,0.0,0.0,0.0,0.0,0.0,0.0
6.7,0.009874925017356873,-0.01890702173113823,-9.808736801147461,0.014604904207214282,-0.023932982928676124,-0.0004415077283927832,0.00045450773905031383,-9.964353375835344e-05,-0.0002514768566470593,47.64146799988571,-122.14016500004271,122.24545288085938,0.0,0.0,0.0,0.0,0.0,0.0
6.7,0.009874925017356873,-0.01890702173113823,-9.808736801147461,0.014604904207214282,-0.023932982928676124,-0.0004415077283927832,0.00045450773905031383,-9.964353375835344e-05,-0.0002514768566470593,47.64146799988571,-122.14016500004271,122.24545288085938,0.0,0.0,0.0,0.0,0.0,0.0
6.7,0.009874925017356873,-0.01890702173113823,-9.808736801147461,0.014604904207214282,-0.023932982928676124,-0.0004415077283927832,0.00045450773905031383,-9.964353375835344e-05,-0.0002514768566470593,47.64146799988571,-122.14016500004271,122.24545288085938,0.0,0.0,0.0,0.0,0.0,0.0
6.7,0.009874925017356873,-0.01890702173113823,-9.808736801147461,0.014604904207214282,-0.023932982928676124,-0.0004415077283927832,0.00045450773905031383,-9.964353375835344e-05,-0.0002514768566470593,47.64146799988571,-122.14016500004271,122.24545288085938,0.0,0.0,0.0,0.0,0.0,0.0
6.7,0.009874925017356873,-0.01890702173113823,-9.808736801147461,0.014604904207214282,-0.023932982928676124,-0.0004415077283927832,0.00045450773905031383,-9.964353375835344e-05,-0.0002514768566470593,47.64146799988571,-122.14016500004271,122.24545288085938,0.0,0.0,0.0,0.0,0.0,0.0
6.7,0.009874925017356873,-0.01890702173113823,-9.808736801147461,0.014604904207214282,-0.023932982928676124,-0.0004415077283927832,0.00045450773905031383,-9.964353375835344e-05,-0.0002514768566470593,47.64146799988571,-122.14016500004271,122.24545288085938,0.0,0.0,0.0,0.0,0.0,0.0
6.7,0.009874925017356873,-0.01890702173113823,-9.808736801147461,0.014604904207214282,-0.023932982928676124,-0.0004415077283927832,0.00045450773905031383,-9.964353375835344e-05,-0.0002514768566470593,47.64146799988571,-122.14016500004271,122.24545288085938,0.0,0.0,0.0,0.0,0.0,0.0
6.7,0.009874925017356873,-0.01890702173113823,-9.808736801147461,0.014604904207214282,-0.023932982928676124,-0.0004415077283927832,0.00045450773905031383,-9.964353375835344e-05,-0.0002514768566470593,47.64146799988571,-122.14016500004271,122.24545288085938,0.0,0.0,0.0,0.0,0.0,0.0
6.7,0.009874925017356873,-0.01890702173113823,-9.808736801147461,0.014604904207214282,-0.023932982928676124,-0.0004415077283927832,0.00045450773905031383,-9.964353375835344e-05,-0.0002514768566470593,47.64146799988571,-122.14016500004271,122.24545288085938,0.0,0.0,0.0,0.0,0.0,0.0
6.7,-0.002331832656636834,0.001579814124852419,-9.797052383422852,0.014604904207214282,-0.023932982928676124,-0.0004415077283927832,0.00048340740613639355,0.0005766047979705036,-9.754274651641026e-05,47.64146799988571,-122.14016500004271,122.24545288085938,0.0,0.0,0.0,0.0,0.0,0.0
6.7,-0.002331832656636834,0.001579814124852419,-9.797052383422852,0.014604904207214282,-0.023932982928676124,-0.0004415077283927832,0.00048340740613639355,0.0005766047979705036,-9.754274651641026e-05,47.64146799988571,-122.14016500004271,122.24545288085938,0.0,0.0,0.0,0.0,0.0,0.0
6.7,-0.002331832656636834,0.001579814124852419,-9.797052383422852,0.014604904207214282,-0.023932982928676124,-0.0004415077283927832,0.00048340740613639355,0.0005766047979705036,-9.754274651641026e-05,47.64146799988571,-122.14016500004271,122.24545288085938,0.0,0.0,0.0,0.0,0.0,0.0
6.7,-0.002331832656636834,0.001579814124852419,-9.797052383422852,0.014604904207214282,-0.023932982928676124,-0.0004415077283927832,0.00048340740613639355,0.0005766047979705036,-9.754274651641026e-05,47.64146799988571,-122.14016500004271,122.24545288085938,0.0,0.0,0.0,0.0,0.0,0.0
6.7,-0.002331832656636834,0.001579814124852419,-9.797052383422852,0.014604904207214282,-0.023932982928676124,-0.0004415077283927832,0.00048340740613639355,0.0005766047979705036,-9.754274651641026e-05,47.64146799988571,-122.14016500004271,122.24545288085938,0.0,0.0,0.0,0.0,0.0,0.0
6.7,-0.005639234092086554,-0.027234099805355072,-9.806902885437012,0.014604904207214282,-0.023932982928676124,-0.0004415077283927832,0.0005785920075140893,0.0013053643051534891,0.00011106420424766839,47.64146799988571,-122.14016500004271,122.24545288085938,0.0,0.0,0.0,0.0,0.0,0.0
6.7,-0.005639234092086554,-0.027234099805355072,-9.806902885437012,0.014604904207214282,-0.023932982928676124,-0.0004415077283927832,0.0005785920075140893,0.0013053643051534891,0.00011106420424766839,47.64146799988571,-122.14016500004271,122.24545288085938,0.0,0.0,0.0,0.0,0.0,0.0
6.7,-0.005639234092086554,-0.027234099805355072,-9.806902885437012,0.014604904207214282,-0.023932982928676124,-0.0004415077283927832,0.0005785920075140893,0.0013053643051534891,0.00011106420424766839,47.64146799988571,-122.14016500004271,122.24545288085938,0.0,0.0,0.0,0.0,0.0,0.0
6.8,-0.005639234092086554,-0.027234099805355072,-9.806902885437012,0.014604904207214282,-0.023932982928676124,-0.0004415077283927832,0.0005785920075140893,0.0013053643051534891,0.00011106420424766839,47.64146799988571,-122.14016500004271,122.24545288085938,0.0,0.0,0.0,0.0,0.0,0.0
6.8,-0.005639234092086554,-0.027234099805355072,-9.806902885437012,0.014604904207214282,-0.023932982928676124,-0.0004415077283927832,0.0005785920075140893,0.0013053643051534891,0.00011106420424766839,47.64146799988571,-122.14016500004271,122.24545288085938,0.0,0.0,0.0,0.0,0.0,0.0
6.8,-0.005639234092086554,-0.027234099805355072,-9.806902885437012,0.014604904207214282,-0.023932982928676124,-0.0004415077283927832,0.0005785920075140893,0.0013053643051534891,0.00011106420424766839,47.64146799988571,-122.14016500004271,122.24545288085938,0.0,0.0,0.0,0.0,0.0,0.0
6.8,-0.005639234092086554,-0.027234099805355072,-9.806902885437012,0.014604904207214282,-0.023932982928676124,-0.0004415077283927832,0.0005785920075140893,0.0013053643051534891,0.00011106420424766839,47.64146799988571,-122.14016500004271,122.24545288085938,0.0,0.0,0.0,0.0,0.0,0.0
6.8,-0.005639234092086554,-0.027234099805355072,-9.806902885437012,0.014604904207214282,-0.023932982928676124,-0.0004415077283927832,0.0005785920075140893,0.0013053643051534891,0.00011106420424766839,47.64146799988571,-122.14016500004271,122.24545288085938,0.0,0.0,0.0,0.0,0.0,0.0
6.8,-0.005639234092086554,-0.027234099805355072,-9.806902885437012,0.014604904207214282,-0.023932982928676124,-0.0004415077283927832,0.0005785920075140893,0.0013053643051534891,0.00011106420424766839,47.64146799988571,-122.14016500004271,122.24545288085938,0.0,0.0,0.0,0.0,0.0,0.0
6.8,0.006029566749930382,0.009564748033881187,-9.827347755432129,0.014604904207214282,-0.023932982928676124,-0.0004415077283927832,-8.597323176218197e-05,0.0007481786888092756,5.2885530749335885e-05,47.64146799988571,-122.14016500004271,122.24545288085938,0.0,0.0,0.0,0.0,0.0,0.0
6.8,0.006029566749930382,0.009564748033881187,-9.827347755432129,0.014604904207214282,-0.023932982928676124,-0.0004415077283927832,-8.597323176218197e-05,0.0007481786888092756,5.2885530749335885e-05,47.64146799988571,-122.14016500004271,122.24545288085938,0.0,0.0,0.0,0.0,0.0,0.0
6.8,0.006029566749930382,0.009564748033881187,-9.827347755432129,0.014604904207214282,-0.023932982928676124,-0.0004415077283927832,-8.597323176218197e-05,0.0007481786888092756,5.2885530749335885e-05,47.64146799988571,-122.14016500004271,122.24545288085938,0.0,0.0,0.0,0.0,0.0,0.0
6.8,0.006029566749930382,0.009564748033881187,-9.827347755432129,0.014604904207214282,-0.023932982928676124,-0.0004415077283927832,-8.597323176218197e-05,0.0007481786888092756,5.2885530749335885e-05,47.64146799988571,-122.14016500004271,122.24545288085938,0.0,0.0,0.0,0.0,0.0,0.0
6.8,0.006029566749930382,0.009564748033881187,-9.827347755432129,0.014604904207214282,-0.023932982928676124,-0.0004415077283927832,-8.597323176218197e-05,0.0007481786888092756,5.2885530749335885e-05,47.64146799988571,-122.14016500004271,122.24545288085938,0.0,0.0,0.0,0.0,0.0,0.0
6.8,0.006029566749930382,0.009564748033881187,-9.827347755432129,0.014604904207214282,-0.023932982928676124,-0.0004415077283927832,-8.597323176218197e-05,0.0007481786888092756,5.2885530749335885e-05,47.64146799988571,-122.14016500004271,122.24545288085938,0.0,0.0,0.0,0.0,0.0,0.0
6.8,0.006029566749930382,0.009564748033881187,-9.827347755432129,0.014604904207214282,-0.023932982928676124,-0.0004415077283927832,-8.597323176218197e-05,0.0007481786888092756,5.2885530749335885e-05,47.64146799988571,-122.14016500004271,122.24545288085938,0.0,0.0,0.0,0.0,0.0,0.0
6.8,0.006029566749930382,0.009564748033881187,-9.827347755432129,0.014604904207214282,-0.023932982928676124,-0.0004415077283927832,-8.597323176218197e-05,0.0007481786888092756,5.2885530749335885e-05,47.64146799988571,-122.14016500004271,122.24545288085938,0.0,0.0,0.0,0.0,0.0,0.0
6.8,-0.011718815192580223,-0.004006529692560434,-9.797019958496094,0.014604904207214282,-0.023932982928676124,-0.0004415077283927832,0.0001815006835386157,0.0003614854358602315,-0.00017733318964019418,47.64146799988571,-122.14016500004271,122.24545288085938,0.0,0.0,0.0,0.0,0.0,0.0
6.8,-0.011718815192580223,-0.004006529692560434,-9.797019958496094,0.014604904207214282,-0.023932982928676124,-0.0004415077283927832,0.0001815006835386157,0.0003614854358602315,-0.00017733318964019418,47.64146799988571,-122.14016500004271,122.24545288085938,0.0,0.0,0.0,0.0,0.0,0.0
6.8,-0.011718815192580223,-0.004006529692560434,-9.797019958496094,0.014604904207214282,-0.023932982928676124,-0.0004415077283927832,0.0001815006835386157,0.0003614854358602315,-0.00017733318964019418,47.64146799988571,-122.14016500004271,122.24545288085938,0.0,0.0,0.0,0.0,0.0,0.0
6.8,-0.011718815192580223,-0.004006529692560434,-9.797019958496094,0.014604904207214282,-0.023932982928676124,-0.0004415077283927832,0.0001815006835386157,0.0003614854358602315,-0.00017733318964019418,47.64146799988571,-122.14016500004271,122.24545288085938,0.0,0.0,0.0,0.0,0.0,0.0
6.9,-0.011718815192580223,-0.004006529692560434,-9.797019958496094,0.014604904207214282,-0.023932982928676124,-0.0004415077283927832,0.0001815006835386157,0.0003614854358602315,-0.00017733318964019418,47.64146799988571,-122.14016500004271,122.24545288085938,0.0,0.0,0.0,0.0,0.0,0.0
6.9,-0.011718815192580223,-0.004006529692560434,-9.797019958496094,0.014604904207214282,-0.023932982928676124,-0.0004415077283927832,0.0001815006835386157,0.0003614854358602315,-0.00017733318964019418,47.64146799988571,-122.14016500004271,122.24545288085938,0.0,0.0,0.0,0.0,0.0,0.0
6.9,-0.011718815192580223,-0.004006529692560434,-9.797019958496094,0.014604904207214282,-0.023932982928676124,-0.0004415077283927832,0.0001815006835386157,0.0003614854358602315,-0.00017733318964019418,47.64146799988571,-122.14016500004271,122.24545288085938,0.0,0.0,0.0,0.0,0.0,0.0
6.9,-0.011718815192580223,-0.004006529692560434,-9.797019958496094,0.014604904207214282,-0.023932982928676124,-0.0004415077283927832,0.0001815006835386157,0.0003614854358602315,-0.00017733318964019418,47.64146799988571,-122.14016500004271,122.24545288085938,0.0,0.0,0.0,0.0,0.0,0.0
6.9,-0.011718815192580223,-0.004006529692560434,-9.797019958496094,0.014604904207214282,-0.023932982928676124,-0.0004415077283927832,0.0001815006835386157,0.0003614854358602315,-0.00017733318964019418,47.64146799988571,-122.14016500004271,122.24545288085938,0.0,0.0,0.0,0.0,0.0,0.0
6.9,-0.011718815192580223,-0.004006529692560434,-9.797019958496094,0.014604904207214282,-0.023932982928676124,-0.0004415077283927832,0.0001815006835386157,0.0003614854358602315,-0.00017733318964019418,47.64146799988571,-122.14016500004271,122.24545288085938,0.0,0.0,0.0,0.0,0.0,0.0
6.9,-0.025935817509889603,0.00126607995480299,-9.796058654785156,0.014604904207214282,-0.023932982928676124,-0.0004415077283927832,0.0007028272375464439,0.000164859025971964,6.512934487545863e-05,47.64146799988571,-122.14016500004271,122.24545288085938,0.0,0.0,0.0,0.0,0.0,0.0
6.9,-0.025935817509889603,0.00126607995480299,-9.796058654785156,0.014604904207214282,-0.023932982928676124,-0.0004415077283927832,0.0007028272375464439,0.000164859025971964,6.512934487545863e-05,47.64146799988571,-122.14016500004271,122.24545288085938,0.0,0.0,0.0,0.0,0.0,0.0
6.9,-0.025935817509889603,0.00126607995480299,-9.796058654785156,0.014604904207214282,-0.023932982928676124,-0.0004415077283927832,0.0007028272375464439,0.000164859025971964,6.512934487545863e-05,47.64146799988571,-122.14016500004271,122.24545288085938,0.0,0.0,0.0,0.0,0.0,0.0
6.9,-0.025935817509889603,0.00126607995480299,-9.796058654785156,0.014604904207214282,-0.023932982928676124,-0.0004415077283927832,0.0007028272375464439,0.000164859025971964,6.512934487545863e-05,47.64146799988571,-122.14016500004271,122.24545288085938,0.0,0.0,0.0,0.0,0.0,0.0
6.9,-0.025935817509889603,0.00126607995480299,-9.796058654785156,0.014604904207214282,-0.023932982928676124,-0.0004415077283927832,0.0007028272375464439,0.000164859025971964,6.512934487545863e-05,47.64146799988571,-122.14016500004271,122.24545288085938,0.0,0.0,0.0,0.0,0.0,0.0
6.9,-0.025935817509889603,0.00126607995480299,-9.796058654785156,0.014604904207214282,-0.023932982928676124,-0.0004415077283927832,0.0007028272375464439,0.000164859025971964,6.512934487545863e-05,47.64146799988571,-122.14016500004271,122.24545288085938,0.0,0.0,0.0,0.0,0.0,0.0
6.9,-0.025935817509889603,0.00126607995480299,-9.796058654785156,0.014604904207214282,-0.023932982928676124,-0.0004415077283927832,0.0007028272375464439,0.000164859025971964,6.512934487545863e-05,47.64146799988571,-122.14016500004271,122.24545288085938,0.0,0.0,0.0,0.0,0.0,0.0
6.9,-0.025935817509889603,0.00126607995480299,-9.796058654785156,0.014604904207214282,-0.023932982928676124,-0.0004415077283927832,0.0007028272375464439,0.000164859025971964,6.512934487545863e-05,47.64146799988571,-122.14016500004271,122.24545288085938,0.0,0.0,0.0,0.0,0.0,0.0
6.9,-0.025935817509889603,0.00126607995480299,-9.796058654785156,0.014604904207214282,-0.023932982928676124,-0.0004415077283927832,0.0007028272375464439,0.000164859025971964,6.512934487545863e-05,47.64146799988571,-122.14016500004271,122.24545288085938,0.0,0.0,0.0,0.0,0.0,0.0
6.9,-0.025935817509889603,0.00126607995480299,-9.796058654785156,0.014604904207214282,-0.023932982928676124,-0.0004415077283927832,0.0007028272375464439,0.000164859025971964,6.512934487545863e-05,47.64146799988571,-122.14016500004271,122.24545288085938,0.0,0.0,0.0,0.0,0.0,0.0
6.9,-0.012930355966091156,-0.0011090688640251756,-9.799917221069336,0.014604904207214282,-0.023932982928676124,-0.0004415077283927832,-3.06589572574012e-05,0.0011484352871775627,-0.0005731190904043615,47.64146799988571,-122.14016500004271,122.24545288085938,0.0,0.0,0.0,0.0,0.0,0.0
6.9,-0.012930355966091156,-0.0011090688640251756,-9.799917221069336,0.014604904207214282,-0.023932982928676124,-0.0004415077283927832,-3.06589572574012e-05,0.0011484352871775627,-0.0005731190904043615,47.64146799988571,-122.14016500004271,122.24545288085938,0.0,0.0,0.0,0.0,0.0,0.0
6.9,-0.012930355966091156,-0.0011090688640251756,-9.799917221069336,0.014604904207214282,-0.023932982928676124,-0.0004415077283927832,-3.06589572574012e-05,0.0011484352871775627,-0.0005731190904043615,47.64146799988571,-122.14016500004271,122.24545288085938,0.0,0.0,0.0,0.0,0.0,0.0
7.0,-0.012930355966091156,-0.0011090688640251756,-9.799917221069336,0.014604904207214282,-0.023932982928676124,-0.0004415077283927832,-3.06589572574012e-05,0.0011484352871775627,-0.0005731190904043615,47.64146799988571,-122.14016500004271,122.24545288085938,0.0,0.0,0.0,0.0,0.0,0.0
7.0,-0.012930355966091156,-0.0011090688640251756,-9.799917221069336,0.014604904207214282,-0.023932982928676124,-0.0004415077283927832,-3.06589572574012e-05,0.0011484352871775627,-0.0005731190904043615,47.64146799988571,-122.14016500004271,122.24545288085938,0.0,0.0,0.0,0.0,0.0,0.0
7.0,-0.012930355966091156,-0.0011090688640251756,-9.799917221069336,0.014604904207214282,-0.023932982928676124,-0.0004415077283927832,-3.06589572574012e-05,0.0011484352871775627,-0.0005731190904043615,47.64146799988571,-122.14016500004271,122.24545288085938,0.0,0.0,0.0,0.0,0.0,0.0
7.0,-0.012930355966091156,-0.0011090688640251756,-9.799917221069336,0.014604904207214282,-0.023932982928676124,-0.0004415077283927832,-3.06589572574012e-05,0.0011484352871775627,-0.0005731190904043615,47.64146799988571,-122.14016500004271,122.24545288085938,0.0,0.0,0.0,0.0,0.0,0.0
7.0,-0.012930355966091156,-0.0011090688640251756,-9.799917221069336,0.014604904207214282,-0.023932982928676124,-0.0004415077283927832,-3.06589572574012e-05,0.0011484352871775627,-0.0005731190904043615,47.64146799988571,-122.14016500004271,122.24545288085938,0.0,0.0,0.0,0.0,0.0,0.0
7.0,-0.005842269863933325,0.00026812287978827953,-9.782866477966309,0.014604904207214282,-0.023932982928676124,-0.0004415077283927832,-0.00014204633771441877,0.001094623701646924,-0.0006204734672792256,47.64146799988571,-122.14016500004271,122.24545288085938,0.0,0.0,0.0,0.0,0.0,0.0
7.0,-0.005842269863933325,0.00026812287978827953,-9.782866477966309,0.014604904207214282,-0.023932982928676124,-0.0004415077283927832,-0.00014204633771441877,0.001094623701646924,-0.0006204734672792256,47.64146799988571,-122.14016500004271,122.24545288085938,0.0,0.0,0.0,0.0,0.0,0.0
7.0,-0.005842269863933325,0.00026812287978827953,-9.782866477966309,0.014604904207214282,-0.023932982928676124,-0.0004415077283927832,-0.00014204633771441877,0.001094623701646924,-0.0006204734672792256,47.64146799988571,-122.14016500004271,122.24545288085938,0.0,0.0,0.0,0.0,0.0,0.0
7.0,-0.005842269863933325,0.00026812287978827953,-9.782866477966309,0.014604904207214282,-0.023932982928676124,-0.0004415077283927832,-0.00014204633771441877,0.001094623701646924,-0.0006204734672792256,47.64146799988571,-122.14016500004271,122.24545288085938,0.0,0.0,0.0,0.0,0.0,0.0
7.0,-0.005842269863933325,0.00026812287978827953,-9.782866477966309,0.014604904207214282,-0.023932982928676124,-0.0004415077283927832,-0.00014204633771441877,0.001094623701646924,-0.0006204734672792256,47.64146799988571,-122.14016500004271,122.24545288085938,0.0,0.0,0.0,0.0,0.0,0.0
7.0,-0.005842269863933325,0.00026812287978827953,-9.782866477966309,0.014604904207214282,-0.023932982928676124,-0.0004415077283927832,-0.00014204633771441877,0.001094623701646924,-0.0006204734672792256,47.64146799988571,-122.14016500004271,122.24545288085938,0.0,0.0,0.0,0.0,0.0,0.0
7.0,-0.005842269863933325,0.00026812287978827953,-9.782866477966309,0.014604904207214282,-0.023932982928676124,-0.0004415077283927832,-0.00014204633771441877,0.001094623701646924,-0.0006204734672792256,47.64146799988571,-122.14016500004271,122.24545288085938,0.0,0.0,0.0,0.0,0.0,0.0
7.0,-0.005842269863933325,0.00026812287978827953,-9.782866477966309,0.014604904207214282,-0.023932982928676124,-0.0004415077283927832,-0.00014204633771441877,0.001094623701646924,-0.0006204734672792256,47.64146799988571,-122.14016500004271,122.24545288085938,0.0,0.0,0.0,0.0,0.0,0.0
7.0,-0.005842269863933325,0.00026812287978827953,-9.782866477966309,0.014604904207214282,-0.023932982928676124,-0.0004415077283927832,-0.00014204633771441877,0.001094623701646924,-0.0006204734672792256,47.64146799988571,-122.14016500004271,122.24545288085938,0.0,0.0,0.0,0.0,0.0,0.0
7.0,-0.005842269863933325,0.00026812287978827953,-9.782866477966309,0.014604904207214282,-0.023932982928676124,-0.0004415077283927832,-0.00014204633771441877,0.001094623701646924,-0.0006204734672792256,47.64146799988571,-122.14016500004271,122.24545288085938,0.0,0.0,0.0,0.0,0.0,0.0
7.0,0.014612589031457901,-0.016455858945846558,-9.807600975036621,0.014604904207214282,-0.023932982928676124,-0.0004415077283927832,0.00020883727120235562,0.00017661765741650015,-0.00028030600515194237,47.64146799988571,-122.14016500004271,122.24545288085938,0.0,0.0,0.0,0.0,0.0,0.0
7.0,0.014612589031457901,-0.016455858945846558,-9.807600975036621,0.014604904207214282,-0.023932982928676124,-0.0004415077283927832,0.00020883727120235562,0.00017661765741650015,-0.00028030600515194237,47.64146799988571,-122.14016500004271,122.24545288085938,0.0,0.0,0.0,0.0,0.0,0.0
7.0,0.014612589031457901,-0.016455858945846558,-9.807600975036621,0.014604904207214282,-0.023932982928676124,-0.0004415077283927832,0.00020883727120235562,0.00017661765741650015,-0.00028030600515194237,47.64146799988571,-122.14016500004271,122.24545288085938,0.0,0.0,0.0,0.0,0.0,0.0
7.0,0.014612589031457901,-0.016455858945846558,-9.807600975036621,0.014604904207214282,-0.023932982928676124,-0.0004415077283927832,0.00020883727120235562,0.00017661765741650015,-0.00028030600515194237,47.64146799988571,-122.14016500004271,122.24545288085938,0.0,0.0,0.0,0.0,0.0,0.0
7.1,0.014612589031457901,-0.016455858945846558,-9.807600975036621,0.014604904207214282,-0.023932982928676124,-0.0004415077283927832,0.00020883727120235562,0.00017661765741650015,-0.00028030600515194237,47.64146799988571,-122.14016500004271,122.24545288085938,0.0,0.0,0.0,0.0,0.0,0.0
7.1,0.014612589031457901,-0.016455858945846558,-9.807600975036621,0.014604904207214282,-0.023932982928676124,-0.0004415077283927832,0.00020883727120235562,0.00017661765741650015,-0.00028030600515194237,47.64146799988571,-122.14016500004271,122.24545288085938,0.0,0.0,0.0,0.0,0.0,0.0
7.1,0.014612589031457901,-0.016455858945846558,-9.807600975036621,0.014604904207214282,-0.023932982928676124,-0.0004415077283927832,0.00020883727120235562,0.00017661765741650015,-0.00028030600515194237,47.64146799988571,-122.14016500004271,122.24545288085938,0.0,0.0,0.0,0.0,0.0,0.0
7.1,0.014612589031457901,-0.016455858945846558,-9.807600975036621,0.014604904207214282,-0.023932982928676124,-0.0004415077283927832,0.00020883727120235562,0.00017661765741650015,-0.00028030600515194237,47.64146799988571,-122.14016500004271,122.24545288085938,0.0,0.0,0.0,0.0,0.0,0.0
7.1,0.014612589031457901,-0.016455858945846558,-9.807600975036621,0.014604904207214282,-0.023932982928676124,-0.0004415077283927832,0.00020883727120235562,0.00017661765741650015,-0.00028030600515194237,47.64146799988571,-122.14016500004271,122.24545288085938,0.0,0.0,0.0,0.0,0.0,0.0
7.1,0.014612589031457901,-0.016455858945846558,-9.807600975036621,0.014604904207214282,-0.023932982928676124,-0.0004415077283927832,0.00020883727120235562,0.00017661765741650015,-0.00028030600515194237,47.64146799988571,-122.14016500004271,122.24545288085938,0.0,0.0,0.0,0.0,0.0,0.0
7.1,-0.002942455466836691,-0.020861223340034485,-9.793310165405273,0.014604904207214282,-0.023932982928676124,-0.0004415077283927832,-3.485338675091043e-05,0.00010558665235294029,0.0008211645763367414,47.64146799988571,-122.14016500004271,122.24545288085938,0.0,0.0,0.0,0.0,0.0,0.0
7.1,-0.002942455466836691,-0.020861223340034485,-9.793310165405273,0.014604904207214282,-0.023932982928676124,-0.0004415077283927832,-3.485338675091043e-05,0.00010558665235294029,0.0008211645763367414,47.64146799988571,-122.14016500004271,122.24545288085938,0.0,0.0,0.0,0.0,0.0,0.0
7.1,-0.002942455466836691,-0.020861223340034485,-9.793310165405273,0.014604904207214282,-0.023932982928676124,-0.0004415077283927832,-3.485338675091043e-05,0.00010558665235294029,0.0008211645763367414,47.64146799988571,-122.14016500004271,122.24545288085938,0.0,0.0,0.0,0.0,0.0,0.0
7.1,-0.002942455466836691,-0.020861223340034485,-9.793310165405273,0.014604904207214282,-0.023932982928676124,-0.0004415077283927832,-3.485338675091043e-05,0.00010558665235294029,0.0008211645763367414,47.64146799988571,-122.14016500004271,122.24545288085938,0.0,0.0,0.0,0.0,0.0,0.0
7.1,-0.002942455466836691,-0.020861223340034485,-9.793310165405273,0.014604904207214282,-0.023932982928676124,-0.0004415077283927832,-3.485338675091043e-05,0.00010558665235294029,0.0008211645763367414,47.64146799988571,-122.14016500004271,122.24545288085938,0.0,0.0,0.0,0.0,0.0,0.0
7.1,-0.002942455466836691,-0.020861223340034485,-9.793310165405273,0.014604904207214282,-0.023932982928676124,-0.0004415077283927832,-3.485338675091043e-05,0.00010558665235294029,0.0008211645763367414,47.64146799988571,-122.14016500004271,122.24545288085938,0.0,0.0,0.0,0.0,0.0,0.0
7.1,-0.002942455466836691,-0.020861223340034485,-9.793310165405273,0.014604904207214282,-0.023932982928676124,-0.0004415077283927832,-3.485338675091043e-05,0.00010558665235294029,0.0008211645763367414,47.64146799988571,-122.14016500004271,122.24545288085938,0.0,0.0,0.0,0.0,0.0,0.0
7.1,-0.002942455466836691,-0.020861223340034485,-9.793310165405273,0.014604904207214282,-0.023932982928676124,-0.0004415077283927832,-3.485338675091043e-05,0.00010558665235294029,0.0008211645763367414,47.64146799988571,-122.14016500004271,122.24545288085938,0.0,0.0,0.0,0.0,0.0,0.0
7.1,0.0037239259108901024,-0.004348407499492168,-9.818314552307129,0.014604904207214282,-0.023932982928676124,-0.0004415077283927832,6.733814370818436e-05,0.00044289499055594206,0.0003271813620813191,47.64146799988571,-122.14016500004271,122.24545288085938,0.0,0.0,0.0,0.0,0.0,0.0
7.1,0.0037239259108901024,-0.004348407499492168,-9.818314552307129,0.014604904207214282,-0.023932982928676124,-0.0004415077283927832,6.733814370818436e-05,0.00044289499055594206,0.0003271813620813191,47.64146799988571,-122.14016500004271,122.24545288085938,0.0,0.0,0.0,0.0,0.0,0.0
